{"type":"FeatureCollection","features":[{"type":"Feature","properties":{"kind":"district","id":97,"name":"Hillside Park"},"geometry":{"type":"MultiPolygon","coordinates":[[[[2822.4,-3571.2],[2918.4,-3571.2],[2918.4,-3552],[2976,-3552],[2976,-3513.6],[2995.2,-3513.6],[2995.2,-3494.4],[3014.4,-3494.4],[3014.4,-3475.2],[3033.6,-3475.2],[3033.6,-3456],[3052.7999999999997,-3456],[3052.7999999999997,-3436.7999999999997],[3072,-3436.7999999999997],[3072,-3398.4],[3110.4,-3398.4],[3110.4,-3379.2],[3129.6,-3379.2],[3129.6,-3360],[3148.7999999999997,-3360],[3148.7999999999997,-3321.6],[3168,-3321.6],[3168,-3283.2],[3206.4,-3283.2],[3206.4,-3187.2],[3225.6,-3187.2],[3225.6,-3168],[3244.7999999999997,-3168],[3244.7999999999997,-3148.7999999999997],[3264,-3148.7999999999997],[3264,-3110.4],[3283.2,-3110.4],[3283.2,-3072],[3302.4,-3072],[3302.4,-2995.2],[3283.2,-2995.2],[3283.2,-2976],[3264,-2976],[3264,-2918.4],[3244.7999999999997,-2918.4],[3244.7999999999997,-2803.2],[3225.6,-2803.2],[3225.6,-2784],[3206.4,-2784],[3206.4,-2764.7999999999997],[3187.2,-2764.7999999999997],[3187.2,-2726.4],[3168,-2726.4],[3168,-2707.2],[3148.7999999999997,-2707.2],[3148.7999999999997,-2668.7999999999997],[3129.6,-2668.7999999999997],[3129.6,-2630.4],[3110.4,-2630.4],[3110.4,-2572.7999999999997],[3091.2,-2572.7999999999997],[3091.2,-2553.6],[3072,-2553.6],[3072,-2515.2],[3052.7999999999997,-2515.2],[3052.7999999999997,-2496],[3033.6,-2496],[3033.6,-2476.7999999999997],[3014.4,-2476.7999999999997],[3014.4,-2457.6],[2995.2,-2457.6],[2995.2,-2438.4],[2976,-2438.4],[2976,-2419.2],[2956.7999999999997,-2419.2],[2956.7999999999997,-2400],[2918.4,-2400],[2918.4,-2380.7999999999997],[2899.2,-2380.7999999999997],[2899.2,-2361.6],[2880,-2361.6],[2880,-2342.4],[2841.6,-2342.4],[2841.6,-2323.2],[2822.4,-2323.2],[2822.4,-2304],[2803.2,-2304],[2803.2,-2284.7999999999997],[2784,-2284.7999999999997],[2784,-2265.6],[2745.6,-2265.6],[2745.6,-2246.4],[2726.4,-2246.4],[2726.4,-2227.2],[2688,-2227.2],[2688,-2208],[2668.7999999999997,-2208],[2668.7999999999997,-2188.7999999999997],[2649.6,-2188.7999999999997],[2649.6,-2169.6],[2611.2,-2169.6],[2611.2,-2150.4],[2592,-2150.4],[2592,-2131.2],[2553.6,-2131.2],[2553.6,-2112],[2534.4,-2112],[2534.4,-2092.7999999999997],[2496,-2092.7999999999997],[2496,-2073.6],[2476.7999999999997,-2073.6],[2476.7999999999997,-2054.4],[2438.4,-2054.4],[2438.4,-2035.1999999999998],[2400,-2035.1999999999998],[2400,-2016],[2361.6,-2016],[2361.6,-1996.8],[2323.2,-1996.8],[2323.2,-1977.6],[2265.6,-1977.6],[2265.6,-1958.3999999999999],[2227.2,-1958.3999999999999],[2227.2,-1939.1999999999998],[2169.6,-1939.1999999999998],[2169.6,-1920],[2112,-1920],[2112,-1900.8],[2092.7999999999997,-1900.8],[2092.7999999999997,-1881.6],[1996.8,-1881.6],[1996.8,-1862.3999999999999],[1939.1999999999998,-1862.3999999999999],[1939.1999999999998,-1843.1999999999998],[1766.3999999999999,-1843.1999999999998],[1766.3999999999999,-1862.3999999999999],[1747.2,-1862.3999999999999],[1747.2,-1881.6],[1728,-1881.6],[1728,-1900.8],[1708.8,-1900.8],[1708.8,-1920],[1689.6,-1920],[1689.6,-1939.1999999999998],[1670.3999999999999,-1939.1999999999998],[1670.3999999999999,-1977.6],[1651.2,-1977.6],[1651.2,-2016],[1632,-2016],[1632,-2073.6],[1612.8,-2073.6],[1612.8,-2284.7999999999997],[1632,-2284.7999999999997],[1632,-2342.4],[1651.2,-2342.4],[1651.2,-2419.2],[1670.3999999999999,-2419.2],[1670.3999999999999,-2476.7999999999997],[1689.6,-2476.7999999999997],[1689.6,-2553.6],[1708.8,-2553.6],[1708.8,-2611.2],[1728,-2611.2],[1728,-2668.7999999999997],[1747.2,-2668.7999999999997],[1747.2,-2764.7999999999997],[1728,-2764.7999999999997],[1728,-2822.4],[1708.8,-2822.4],[1708.8,-2880],[1689.6,-2880],[1689.6,-2937.6],[1670.3999999999999,-2937.6],[1670.3999999999999,-2995.2],[1651.2,-2995.2],[1651.2,-3052.7999999999997],[1670.3999999999999,-3052.7999999999997],[1670.3999999999999,-3187.2],[1708.8,-3187.2],[1708.8,-3206.4],[1747.2,-3206.4],[1747.2,-3225.6],[1785.6,-3225.6],[1785.6,-3244.7999999999997],[1824,-3244.7999999999997],[1824,-3264],[1862.3999999999999,-3264],[1862.3999999999999,-3283.2],[1881.6,-3283.2],[1881.6,-3302.4],[1939.1999999999998,-3302.4],[1939.1999999999998,-3321.6],[1996.8,-3321.6],[1996.8,-3340.7999999999997],[2054.4,-3340.7999999999997],[2054.4,-3360],[2112,-3360],[2112,-3379.2],[2188.7999999999997,-3379.2],[2188.7999999999997,-3398.4],[2246.4,-3398.4],[2246.4,-3417.6],[2304,-3417.6],[2304,-3436.7999999999997],[2361.6,-3436.7999999999997],[2361.6,-3456],[2400,-3456],[2400,-3475.2],[2476.7999999999997,-3475.2],[2476.7999999999997,-3494.4],[2534.4,-3494.4],[2534.4,-3513.6],[2592,-3513.6],[2592,-3532.7999999999997],[2668.7999999999997,-3532.7999999999997],[2668.7999999999997,-3513.6],[2707.2,-3513.6],[2707.2,-3532.7999999999997],[2726.4,-3532.7999999999997],[2726.4,-3552],[2822.4,-3552],[2822.4,-3571.2]]]]}},{"type":"Feature","properties":{"kind":"district","id":98,"name":"Birdsong Heights"},"geometry":{"type":"MultiPolygon","coordinates":[[[[2956.7999999999997,-4857.599999999999],[3052.7999999999997,-4857.599999999999],[3052.7999999999997,-4838.4],[3091.2,-4838.4],[3091.2,-4819.2],[3110.4,-4819.2],[3110.4,-4800],[3129.6,-4800],[3129.6,-4761.599999999999],[3148.7999999999997,-4761.599999999999],[3148.7999999999997,-4723.2],[3168,-4723.2],[3168,-4704],[3187.2,-4704],[3187.2,-4665.599999999999],[3206.4,-4665.599999999999],[3206.4,-4627.2],[3225.6,-4627.2],[3225.6,-4608],[3244.7999999999997,-4608],[3244.7999999999997,-4569.599999999999],[3264,-4569.599999999999],[3264,-4531.2],[3283.2,-4531.2],[3283.2,-4512],[3302.4,-4512],[3302.4,-4473.599999999999],[3321.6,-4473.599999999999],[3321.6,-4435.2],[3340.7999999999997,-4435.2],[3340.7999999999997,-4416],[3360,-4416],[3360,-4377.599999999999],[3379.2,-4377.599999999999],[3379.2,-4339.2],[3398.4,-4339.2],[3398.4,-4281.599999999999],[3417.6,-4281.599999999999],[3417.6,-4224],[3436.7999999999997,-4224],[3436.7999999999997,-4166.4],[3456,-4166.4],[3456,-4108.8],[3475.2,-4108.8],[3475.2,-4051.2],[3494.4,-4051.2],[3494.4,-3993.6],[3513.6,-3993.6],[3513.6,-3936],[3532.7999999999997,-3936],[3532.7999999999997,-3897.6],[3552,-3897.6],[3552,-3878.3999999999996],[3571.2,-3878.3999999999996],[3571.2,-3859.2],[3628.7999999999997,-3859.2],[3628.7999999999997,-3840],[3667.2,-3840],[3667.2,-3859.2],[4012.7999999999997,-3859.2],[4012.7999999999997,-3878.3999999999996],[4051.2,-3878.3999999999996],[4051.2,-3916.7999999999997],[4070.3999999999996,-3916.7999999999997],[4070.3999999999996,-3936],[4089.6,-3936],[4089.6,-3974.3999999999996],[4108.8,-3974.3999999999996],[4108.8,-3993.6],[4128,-3993.6],[4128,-4012.7999999999997],[4166.4,-4012.7999999999997],[4166.4,-4032],[4300.8,-4032],[4300.8,-4012.7999999999997],[4396.8,-4012.7999999999997],[4396.8,-3993.6],[4492.8,-3993.6],[4492.8,-3974.3999999999996],[4588.8,-3974.3999999999996],[4588.8,-3955.2],[4684.8,-3955.2],[4684.8,-3936],[4780.8,-3936],[4780.8,-3916.7999999999997],[4819.2,-3916.7999999999997],[4819.2,-3936],[4857.599999999999,-3936],[4857.599999999999,-3916.7999999999997],[4896,-3916.7999999999997],[4896,-3897.6],[4915.2,-3897.6],[4915.2,-3878.3999999999996],[4934.4,-3878.3999999999996],[4934.4,-3840],[4896,-3840],[4896,-3820.7999999999997],[4876.8,-3820.7999999999997],[4876.8,-3801.6],[4857.599999999999,-3801.6],[4857.599999999999,-3782.3999999999996],[4838.4,-3782.3999999999996],[4838.4,-3763.2],[4800,-3763.2],[4800,-3744],[4780.8,-3744],[4780.8,-3724.7999999999997],[4723.2,-3724.7999999999997],[4723.2,-3705.6],[4665.599999999999,-3705.6],[4665.599999999999,-3686.3999999999996],[4608,-3686.3999999999996],[4608,-3667.2],[4550.4,-3667.2],[4550.4,-3648],[4473.599999999999,-3648],[4473.599999999999,-3628.7999999999997],[4416,-3628.7999999999997],[4416,-3609.6],[4358.4,-3609.6],[4358.4,-3590.4],[4281.599999999999,-3590.4],[4281.599999999999,-3571.2],[4224,-3571.2],[4224,-3552],[4185.599999999999,-3552],[4185.599999999999,-3532.7999999999997],[4147.2,-3532.7999999999997],[4147.2,-3513.6],[4108.8,-3513.6],[4108.8,-3494.4],[4089.6,-3494.4],[4089.6,-3475.2],[4070.3999999999996,-3475.2],[4070.3999999999996,-3456],[4051.2,-3456],[4051.2,-3436.7999999999997],[4012.7999999999997,-3436.7999999999997],[4012.7999999999997,-3417.6],[3993.6,-3417.6],[3993.6,-3398.4],[3974.3999999999996,-3398.4],[3974.3999999999996,-3379.2],[3955.2,-3379.2],[3955.2,-3360],[3916.7999999999997,-3360],[3916.7999999999997,-3340.7999999999997],[3897.6,-3340.7999999999997],[3897.6,-3321.6],[3878.3999999999996,-3321.6],[3878.3999999999996,-3340.7999999999997],[3859.2,-3340.7999999999997],[3859.2,-3379.2],[3840,-3379.2],[3840,-3398.4],[3820.7999999999997,-3398.4],[3820.7999999999997,-3417.6],[3724.7999999999997,-3417.6],[3724.7999999999997,-3436.7999999999997],[3705.6,-3436.7999999999997],[3705.6,-3417.6],[3648,-3417.6],[3648,-3398.4],[3590.4,-3398.4],[3590.4,-3379.2],[3532.7999999999997,-3379.2],[3532.7999999999997,-3360],[3513.6,-3360],[3513.6,-3340.7999999999997],[3475.2,-3340.7999999999997],[3475.2,-3321.6],[3456,-3321.6],[3456,-3302.4],[3436.7999999999997,-3302.4],[3436.7999999999997,-3283.2],[3398.4,-3283.2],[3398.4,-3264],[3379.2,-3264],[3379.2,-3302.4],[3360,-3302.4],[3360,-3321.6],[3340.7999999999997,-3321.6],[3340.7999999999997,-3340.7999999999997],[3321.6,-3340.7999999999997],[3321.6,-3360],[3302.4,-3360],[3302.4,-3398.4],[3283.2,-3398.4],[3283.2,-3417.6],[3264,-3417.6],[3264,-3436.7999999999997],[3244.7999999999997,-3436.7999999999997],[3244.7999999999997,-3456],[3225.6,-3456],[3225.6,-3494.4],[3206.4,-3494.4],[3206.4,-3513.6],[3187.2,-3513.6],[3187.2,-3532.7999999999997],[3168,-3532.7999999999997],[3168,-3552],[3148.7999999999997,-3552],[3148.7999999999997,-3571.2],[3129.6,-3571.2],[3129.6,-3609.6],[3091.2,-3609.6],[3091.2,-3590.4],[3033.6,-3590.4],[3033.6,-3609.6],[3014.4,-3609.6],[3014.4,-3667.2],[2956.7999999999997,-3667.2],[2956.7999999999997,-3648],[2841.6,-3648],[2841.6,-3667.2],[2784,-3667.2],[2784,-3686.3999999999996],[2764.7999999999997,-3686.3999999999996],[2764.7999999999997,-3705.6],[2688,-3705.6],[2688,-3686.3999999999996],[2611.2,-3686.3999999999996],[2611.2,-3705.6],[2592,-3705.6],[2592,-3744],[2553.6,-3744],[2553.6,-3763.2],[2515.2,-3763.2],[2515.2,-3782.3999999999996],[2457.6,-3782.3999999999996],[2457.6,-3801.6],[2419.2,-3801.6],[2419.2,-3820.7999999999997],[2400,-3820.7999999999997],[2400,-3859.2],[2380.7999999999997,-3859.2],[2380.7999999999997,-3916.7999999999997],[2361.6,-3916.7999999999997],[2361.6,-3974.3999999999996],[2342.4,-3974.3999999999996],[2342.4,-4012.7999999999997],[2323.2,-4012.7999999999997],[2323.2,-4051.2],[2304,-4051.2],[2304,-4070.3999999999996],[2284.7999999999997,-4070.3999999999996],[2284.7999999999997,-4089.6],[2246.4,-4089.6],[2246.4,-4108.8],[2227.2,-4108.8],[2227.2,-4128],[2208,-4128],[2208,-4147.2],[2188.7999999999997,-4147.2],[2188.7999999999997,-4166.4],[2169.6,-4166.4],[2169.6,-4185.599999999999],[2150.4,-4185.599999999999],[2150.4,-4204.8],[2112,-4204.8],[2112,-4224],[2092.7999999999997,-4224],[2092.7999999999997,-4243.2],[2112,-4243.2],[2112,-4262.4],[2131.2,-4262.4],[2131.2,-4281.599999999999],[2150.4,-4281.599999999999],[2150.4,-4320],[2169.6,-4320],[2169.6,-4339.2],[2188.7999999999997,-4339.2],[2188.7999999999997,-4358.4],[2208,-4358.4],[2208,-4377.599999999999],[2227.2,-4377.599999999999],[2227.2,-4396.8],[2246.4,-4396.8],[2246.4,-4435.2],[2265.6,-4435.2],[2265.6,-4454.4],[2284.7999999999997,-4454.4],[2284.7999999999997,-4473.599999999999],[2304,-4473.599999999999],[2304,-4492.8],[2323.2,-4492.8],[2323.2,-4512],[2342.4,-4512],[2342.4,-4531.2],[2361.6,-4531.2],[2361.6,-4569.599999999999],[2380.7999999999997,-4569.599999999999],[2380.7999999999997,-4588.8],[2400,-4588.8],[2400,-4608],[2419.2,-4608],[2419.2,-4627.2],[2438.4,-4627.2],[2438.4,-4646.4],[2457.6,-4646.4],[2457.6,-4665.599999999999],[2476.7999999999997,-4665.599999999999],[2476.7999999999997,-4684.8],[2496,-4684.8],[2496,-4704],[2534.4,-4704],[2534.4,-4723.2],[2572.7999999999997,-4723.2],[2572.7999999999997,-4742.4],[2611.2,-4742.4],[2611.2,-4761.599999999999],[2688,-4761.599999999999],[2688,-4780.8],[2745.6,-4780.8],[2745.6,-4800],[2822.4,-4800],[2822.4,-4819.2],[2880,-4819.2],[2880,-4838.4],[2956.7999999999997,-4838.4],[2956.7999999999997,-4857.599999999999]]]]}},{"type":"Feature","properties":{"kind":"district","id":99,"name":"Park Heights"},"geometry":{"type":"MultiPolygon","coordinates":[[[[2572.7999999999997,2131.2],[3072,2131.2],[3072,2150.4],[3091.2,2150.4],[3091.2,2169.6],[3110.4,2169.6],[3110.4,2188.7999999999997],[3129.6,2188.7999999999997],[3129.6,2208],[3168,2208],[3168,2707.2],[3187.2,2707.2],[3187.2,2764.7999999999997],[3206.4,2764.7999999999997],[3206.4,2803.2],[3225.6,2803.2],[3225.6,2841.6],[3244.7999999999997,2841.6],[3244.7999999999997,2880],[3264,2880],[3264,2918.4],[3283.2,2918.4],[3283.2,2937.6],[3302.4,2937.6],[3302.4,2956.7999999999997],[3321.6,2956.7999999999997],[3321.6,2976],[3340.7999999999997,2976],[3340.7999999999997,2995.2],[3360,2995.2],[3360,3014.4],[3398.4,3014.4],[3398.4,3033.6],[3436.7999999999997,3033.6],[3436.7999999999997,3052.7999999999997],[3475.2,3052.7999999999997],[3475.2,3072],[3513.6,3072],[3513.6,3091.2],[3552,3091.2],[3552,3110.4],[3590.4,3110.4],[3590.4,3129.6],[3628.7999999999997,3129.6],[3628.7999999999997,3148.7999999999997],[3667.2,3148.7999999999997],[3667.2,3168],[3705.6,3168],[3705.6,3187.2],[3744,3187.2],[3744,3206.4],[3782.3999999999996,3206.4],[3782.3999999999996,3225.6],[3820.7999999999997,3225.6],[3820.7999999999997,3244.7999999999997],[3859.2,3244.7999999999997],[3859.2,3264],[3897.6,3264],[3897.6,3283.2],[3936,3283.2],[3936,3302.4],[3974.3999999999996,3302.4],[3974.3999999999996,3321.6],[4012.7999999999997,3321.6],[4012.7999999999997,3340.7999999999997],[4051.2,3340.7999999999997],[4051.2,3360],[4070.3999999999996,3360],[4070.3999999999996,3398.4],[4051.2,3398.4],[4051.2,3436.7999999999997],[4032,3436.7999999999997],[4032,3475.2],[4012.7999999999997,3475.2],[4012.7999999999997,3513.6],[3993.6,3513.6],[3993.6,3552],[3974.3999999999996,3552],[3974.3999999999996,3590.4],[3955.2,3590.4],[3955.2,3628.7999999999997],[3936,3628.7999999999997],[3936,3667.2],[3916.7999999999997,3667.2],[3916.7999999999997,3705.6],[3897.6,3705.6],[3897.6,3744],[3878.3999999999996,3744],[3878.3999999999996,3782.3999999999996],[3859.2,3782.3999999999996],[3859.2,3820.7999999999997],[3840,3820.7999999999997],[3840,3859.2],[3820.7999999999997,3859.2],[3820.7999999999997,3897.6],[3801.6,3897.6],[3801.6,3936],[3782.3999999999996,3936],[3782.3999999999996,3974.3999999999996],[3763.2,3974.3999999999996],[3763.2,3993.6],[3744,3993.6],[3744,4012.7999999999997],[3724.7999999999997,4012.7999999999997],[3724.7999999999997,4051.2],[3705.6,4051.2],[3705.6,4108.8],[3686.3999999999996,4108.8],[3686.3999999999996,4147.2],[3667.2,4147.2],[3667.2,4166.4],[3571.2,4166.4],[3571.2,4185.599999999999],[3552,4185.599999999999],[3552,4166.4],[3513.6,4166.4],[3513.6,4147.2],[3475.2,4147.2],[3475.2,4128],[3436.7999999999997,4128],[3436.7999999999997,4108.8],[3379.2,4108.8],[3379.2,4089.6],[2553.6,4089.6],[2553.6,4051.2],[2572.7999999999997,4051.2],[2572.7999999999997,4012.7999999999997],[2553.6,4012.7999999999997],[2553.6,3897.6],[2572.7999999999997,3897.6],[2572.7999999999997,2131.2]]]]}},{"type":"Feature","properties":{"kind":"district","id":100,"name":"Valley Heights"},"geometry":{"type":"MultiPolygon","coordinates":[[[[6777.599999999999,-2534.4],[6892.8,-2534.4],[6892.8,-2515.2],[6969.599999999999,-2515.2],[6969.599999999999,-2496],[7008,-2496],[7008,-2476.7999999999997],[7046.4,-2476.7999999999997],[7046.4,-2457.6],[7065.599999999999,-2457.6],[7065.599999999999,-2438.4],[7084.8,-2438.4],[7084.8,-2400],[7104,-2400],[7104,-2380.7999999999997],[7123.2,-2380.7999999999997],[7123.2,-2323.2],[7142.4,-2323.2],[7142.4,-2284.7999999999997],[7161.599999999999,-2284.7999999999997],[7161.599999999999,-2227.2],[7180.8,-2227.2],[7180.8,-2188.7999999999997],[7200,-2188.7999999999997],[7200,-2150.4],[7219.2,-2150.4],[7219.2,-2092.7999999999997],[7238.4,-2092.7999999999997],[7238.4,-1920],[7219.2,-1920],[7219.2,-1804.8],[7200,-1804.8],[7200,-1708.8],[7180.8,-1708.8],[7180.8,-1632],[7161.599999999999,-1632],[7161.599999999999,-1593.6],[7142.4,-1593.6],[7142.4,-1555.2],[7123.2,-1555.2],[7123.2,-1497.6],[7104,-1497.6],[7104,-1420.8],[7084.8,-1420.8],[7084.8,-1363.2],[7065.599999999999,-1363.2],[7065.599999999999,-1286.3999999999999],[7046.4,-1286.3999999999999],[7046.4,-1248],[7027.2,-1248],[7027.2,-1209.6],[7008,-1209.6],[7008,-1190.3999999999999],[6988.8,-1190.3999999999999],[6988.8,-1152],[6969.599999999999,-1152],[6969.599999999999,-1075.2],[6950.4,-1075.2],[6950.4,-1036.8],[6931.2,-1036.8],[6931.2,-1017.5999999999999],[6892.8,-1017.5999999999999],[6892.8,-998.4],[6816,-998.4],[6816,-1017.5999999999999],[6739.2,-1017.5999999999999],[6739.2,-1036.8],[6700.8,-1036.8],[6700.8,-1056],[6662.4,-1056],[6662.4,-1075.2],[6643.2,-1075.2],[6643.2,-1094.3999999999999],[6604.8,-1094.3999999999999],[6604.8,-1113.6],[6566.4,-1113.6],[6566.4,-1132.8],[6432,-1132.8],[6432,-1113.6],[6393.599999999999,-1113.6],[6393.599999999999,-1075.2],[6374.4,-1075.2],[6374.4,-1036.8],[6355.2,-1036.8],[6355.2,-979.1999999999999],[6336,-979.1999999999999],[6336,-940.8],[6297.599999999999,-940.8],[6297.599999999999,-921.5999999999999],[6240,-921.5999999999999],[6240,-940.8],[6220.8,-940.8],[6220.8,-960],[6124.8,-960],[6124.8,-940.8],[6105.599999999999,-940.8],[6105.599999999999,-921.5999999999999],[6086.4,-921.5999999999999],[6086.4,-902.4],[6067.2,-902.4],[6067.2,-844.8],[6048,-844.8],[6048,-441.59999999999997],[6028.8,-441.59999999999997],[6028.8,-134.4],[6009.599999999999,-134.4],[6009.599999999999,38.4],[5990.4,38.4],[5990.4,57.599999999999994],[5971.2,57.599999999999994],[5971.2,76.8],[5952,76.8],[5952,96],[5932.8,96],[5932.8,115.19999999999999],[5913.599999999999,115.19999999999999],[5913.599999999999,134.4],[5894.4,134.4],[5894.4,153.6],[5875.2,153.6],[5875.2,172.79999999999998],[5836.8,172.79999999999998],[5836.8,192],[5817.599999999999,192],[5817.599999999999,211.2],[5779.2,211.2],[5779.2,230.39999999999998],[5760,230.39999999999998],[5760,249.6],[5721.599999999999,249.6],[5721.599999999999,268.8],[5683.2,268.8],[5683.2,288],[5644.8,288],[5644.8,307.2],[5606.4,307.2],[5606.4,326.4],[5568,326.4],[5568,345.59999999999997],[5510.4,345.59999999999997],[5510.4,364.8],[5472,364.8],[5472,384],[5414.4,384],[5414.4,403.2],[4857.599999999999,403.2],[4857.599999999999,422.4],[4704,422.4],[4704,403.2],[4646.4,403.2],[4646.4,384],[4627.2,384],[4627.2,364.8],[4569.599999999999,364.8],[4569.599999999999,345.59999999999997],[4531.2,345.59999999999997],[4531.2,288],[4454.4,288],[4454.4,268.8],[4396.8,268.8],[4396.8,249.6],[4358.4,249.6],[4358.4,230.39999999999998],[4320,230.39999999999998],[4320,172.79999999999998],[4300.8,172.79999999999998],[4300.8,153.6],[4281.599999999999,153.6],[4281.599999999999,115.19999999999999],[4262.4,115.19999999999999],[4262.4,96],[4243.2,96],[4243.2,76.8],[4224,76.8],[4224,57.599999999999994],[4204.8,57.599999999999994],[4204.8,-57.599999999999994],[4185.599999999999,-57.599999999999994],[4185.599999999999,-211.2],[4166.4,-211.2],[4166.4,-288],[4147.2,-288],[4147.2,-345.59999999999997],[4128,-345.59999999999997],[4128,-403.2],[4108.8,-403.2],[4108.8,-441.59999999999997],[4089.6,-441.59999999999997],[4089.6,-499.2],[4070.3999999999996,-499.2],[4070.3999999999996,-537.6],[4051.2,-537.6],[4051.2,-595.1999999999999],[4032,-595.1999999999999],[4032,-652.8],[4012.7999999999997,-652.8],[4012.7999999999997,-710.4],[3993.6,-710.4],[3993.6,-748.8],[3974.3999999999996,-748.8],[3974.3999999999996,-806.4],[3955.2,-806.4],[3955.2,-864],[3936,-864],[3936,-902.4],[3916.7999999999997,-902.4],[3916.7999999999997,-979.1999999999999],[3897.6,-979.1999999999999],[3897.6,-1113.6],[3916.7999999999997,-1113.6],[3916.7999999999997,-1209.6],[3936,-1209.6],[3936,-1286.3999999999999],[3974.3999999999996,-1286.3999999999999],[3974.3999999999996,-1305.6],[4147.2,-1305.6],[4147.2,-1324.8],[4185.599999999999,-1324.8],[4185.599999999999,-1344],[4224,-1344],[4224,-1363.2],[4243.2,-1363.2],[4243.2,-1382.3999999999999],[4262.4,-1382.3999999999999],[4262.4,-1420.8],[4281.599999999999,-1420.8],[4281.599999999999,-1440],[4300.8,-1440],[4300.8,-1478.3999999999999],[4320,-1478.3999999999999],[4320,-1516.8],[4339.2,-1516.8],[4339.2,-1536],[4358.4,-1536],[4358.4,-1612.8],[4377.599999999999,-1612.8],[4377.599999999999,-1651.2],[4396.8,-1651.2],[4396.8,-1689.6],[4416,-1689.6],[4416,-1708.8],[4435.2,-1708.8],[4435.2,-1766.3999999999999],[4454.4,-1766.3999999999999],[4454.4,-1824],[4473.599999999999,-1824],[4473.599999999999,-1843.1999999999998],[4492.8,-1843.1999999999998],[4492.8,-1862.3999999999999],[4512,-1862.3999999999999],[4512,-1881.6],[4665.599999999999,-1881.6],[4665.599999999999,-1862.3999999999999],[4684.8,-1862.3999999999999],[4684.8,-1843.1999999999998],[4704,-1843.1999999999998],[4704,-1824],[4742.4,-1824],[4742.4,-1804.8],[4780.8,-1804.8],[4780.8,-1785.6],[4857.599999999999,-1785.6],[4857.599999999999,-1766.3999999999999],[4953.599999999999,-1766.3999999999999],[4953.599999999999,-1747.2],[5049.599999999999,-1747.2],[5049.599999999999,-1728],[5107.2,-1728],[5107.2,-1747.2],[5126.4,-1747.2],[5126.4,-1766.3999999999999],[5203.2,-1766.3999999999999],[5203.2,-1747.2],[5222.4,-1747.2],[5222.4,-1632],[5203.2,-1632],[5203.2,-1612.8],[5184,-1612.8],[5184,-1574.3999999999999],[5164.8,-1574.3999999999999],[5164.8,-1536],[5145.599999999999,-1536],[5145.599999999999,-1516.8],[5126.4,-1516.8],[5126.4,-1478.3999999999999],[5107.2,-1478.3999999999999],[5107.2,-1459.2],[5088,-1459.2],[5088,-1440],[5068.8,-1440],[5068.8,-1420.8],[5049.599999999999,-1420.8],[5049.599999999999,-1382.3999999999999],[5030.4,-1382.3999999999999],[5030.4,-1363.2],[5011.2,-1363.2],[5011.2,-1324.8],[4992,-1324.8],[4992,-1305.6],[4972.8,-1305.6],[4972.8,-1267.2],[4953.599999999999,-1267.2],[4953.599999999999,-1228.8],[4934.4,-1228.8],[4934.4,-1171.2],[4915.2,-1171.2],[4915.2,-1152],[4896,-1152],[4896,-1132.8],[4876.8,-1132.8],[4876.8,-1113.6],[4857.599999999999,-1113.6],[4857.599999999999,-1094.3999999999999],[4819.2,-1094.3999999999999],[4819.2,-1056],[4800,-1056],[4800,-998.4],[4780.8,-998.4],[4780.8,-960],[4761.599999999999,-960],[4761.599999999999,-940.8],[4742.4,-940.8],[4742.4,-921.5999999999999],[4723.2,-921.5999999999999],[4723.2,-902.4],[4704,-902.4],[4704,-883.1999999999999],[4684.8,-883.1999999999999],[4684.8,-787.1999999999999],[4723.2,-787.1999999999999],[4723.2,-768],[4800,-768],[4800,-787.1999999999999],[4838.4,-787.1999999999999],[4838.4,-806.4],[4857.599999999999,-806.4],[4857.599999999999,-825.6],[4876.8,-825.6],[4876.8,-844.8],[4896,-844.8],[4896,-864],[4915.2,-864],[4915.2,-921.5999999999999],[4934.4,-921.5999999999999],[4934.4,-960],[4953.599999999999,-960],[4953.599999999999,-979.1999999999999],[4972.8,-979.1999999999999],[4972.8,-1017.5999999999999],[4992,-1017.5999999999999],[4992,-1094.3999999999999],[5011.2,-1094.3999999999999],[5011.2,-1152],[5030.4,-1152],[5030.4,-1209.6],[5049.599999999999,-1209.6],[5049.599999999999,-1248],[5068.8,-1248],[5068.8,-1267.2],[5088,-1267.2],[5088,-1286.3999999999999],[5126.4,-1286.3999999999999],[5126.4,-1305.6],[5145.599999999999,-1305.6],[5145.599999999999,-1324.8],[5184,-1324.8],[5184,-1344],[5203.2,-1344],[5203.2,-1363.2],[5222.4,-1363.2],[5222.4,-1382.3999999999999],[5260.8,-1382.3999999999999],[5260.8,-1401.6],[5280,-1401.6],[5280,-1440],[5299.2,-1440],[5299.2,-1478.3999999999999],[5318.4,-1478.3999999999999],[5318.4,-1536],[5337.599999999999,-1536],[5337.599999999999,-1612.8],[5356.8,-1612.8],[5356.8,-1651.2],[5376,-1651.2],[5376,-1670.3999999999999],[5395.2,-1670.3999999999999],[5395.2,-1708.8],[5414.4,-1708.8],[5414.4,-1766.3999999999999],[5433.599999999999,-1766.3999999999999],[5433.599999999999,-1804.8],[5452.8,-1804.8],[5452.8,-1881.6],[5472,-1881.6],[5472,-1939.1999999999998],[5491.2,-1939.1999999999998],[5491.2,-1977.6],[5510.4,-1977.6],[5510.4,-2035.1999999999998],[5529.599999999999,-2035.1999999999998],[5529.599999999999,-2073.6],[5548.8,-2073.6],[5548.8,-2112],[5568,-2112],[5568,-2131.2],[5587.2,-2131.2],[5587.2,-2150.4],[5606.4,-2150.4],[5606.4,-2169.6],[5625.599999999999,-2169.6],[5625.599999999999,-2188.7999999999997],[5644.8,-2188.7999999999997],[5644.8,-2208],[5683.2,-2208],[5683.2,-2227.2],[5721.599999999999,-2227.2],[5721.599999999999,-2246.4],[5740.8,-2246.4],[5740.8,-2265.6],[5779.2,-2265.6],[5779.2,-2284.7999999999997],[5875.2,-2284.7999999999997],[5875.2,-2304],[5971.2,-2304],[5971.2,-2323.2],[6028.8,-2323.2],[6028.8,-2342.4],[6144,-2342.4],[6144,-2323.2],[6201.599999999999,-2323.2],[6201.599999999999,-2304],[6259.2,-2304],[6259.2,-2284.7999999999997],[6297.599999999999,-2284.7999999999997],[6297.599999999999,-2304],[6336,-2304],[6336,-2323.2],[6374.4,-2323.2],[6374.4,-2342.4],[6412.8,-2342.4],[6412.8,-2361.6],[6451.2,-2361.6],[6451.2,-2380.7999999999997],[6489.599999999999,-2380.7999999999997],[6489.599999999999,-2400],[6528,-2400],[6528,-2419.2],[6566.4,-2419.2],[6566.4,-2438.4],[6585.599999999999,-2438.4],[6585.599999999999,-2457.6],[6624,-2457.6],[6624,-2476.7999999999997],[6662.4,-2476.7999999999997],[6662.4,-2496],[6700.8,-2496],[6700.8,-2515.2],[6777.599999999999,-2515.2],[6777.599999999999,-2534.4]]]]}},{"type":"Feature","properties":{"kind":"district","id":101,"name":"Hamilton District"},"geometry":{"type":"MultiPolygon","coordinates":[[[[2073.6,-4224],[2112,-4224],[2112,-4204.8],[2150.4,-4204.8],[2150.4,-4185.599999999999],[2169.6,-4185.599999999999],[2169.6,-4166.4],[2188.7999999999997,-4166.4],[2188.7999999999997,-4147.2],[2208,-4147.2],[2208,-4128],[2227.2,-4128],[2227.2,-4108.8],[2246.4,-4108.8],[2246.4,-4089.6],[2284.7999999999997,-4089.6],[2284.7999999999997,-4070.3999999999996],[2304,-4070.3999999999996],[2304,-4051.2],[2323.2,-4051.2],[2323.2,-4012.7999999999997],[2342.4,-4012.7999999999997],[2342.4,-3974.3999999999996],[2361.6,-3974.3999999999996],[2361.6,-3916.7999999999997],[2380.7999999999997,-3916.7999999999997],[2380.7999999999997,-3859.2],[2400,-3859.2],[2400,-3820.7999999999997],[2419.2,-3820.7999999999997],[2419.2,-3801.6],[2457.6,-3801.6],[2457.6,-3782.3999999999996],[2515.2,-3782.3999999999996],[2515.2,-3763.2],[2553.6,-3763.2],[2553.6,-3744],[2592,-3744],[2592,-3705.6],[2611.2,-3705.6],[2611.2,-3686.3999999999996],[2649.6,-3686.3999999999996],[2649.6,-3667.2],[2668.7999999999997,-3667.2],[2668.7999999999997,-3590.4],[2688,-3590.4],[2688,-3571.2],[2668.7999999999997,-3571.2],[2668.7999999999997,-3532.7999999999997],[2572.7999999999997,-3532.7999999999997],[2572.7999999999997,-3513.6],[2515.2,-3513.6],[2515.2,-3494.4],[2457.6,-3494.4],[2457.6,-3475.2],[2400,-3475.2],[2400,-3456],[2342.4,-3456],[2342.4,-3436.7999999999997],[2304,-3436.7999999999997],[2304,-3417.6],[2246.4,-3417.6],[2246.4,-3398.4],[2169.6,-3398.4],[2169.6,-3379.2],[2112,-3379.2],[2112,-3360],[2035.1999999999998,-3360],[2035.1999999999998,-3340.7999999999997],[1977.6,-3340.7999999999997],[1977.6,-3321.6],[1920,-3321.6],[1920,-3302.4],[1785.6,-3302.4],[1785.6,-3283.2],[1689.6,-3283.2],[1689.6,-3264],[1632,-3264],[1632,-3302.4],[1612.8,-3302.4],[1612.8,-3321.6],[1593.6,-3321.6],[1593.6,-3360],[1555.2,-3360],[1555.2,-3379.2],[1536,-3379.2],[1536,-3532.7999999999997],[1555.2,-3532.7999999999997],[1555.2,-3590.4],[1574.3999999999999,-3590.4],[1574.3999999999999,-3628.7999999999997],[1593.6,-3628.7999999999997],[1593.6,-3667.2],[1612.8,-3667.2],[1612.8,-3801.6],[1593.6,-3801.6],[1593.6,-3840],[1574.3999999999999,-3840],[1574.3999999999999,-3878.3999999999996],[1555.2,-3878.3999999999996],[1555.2,-3897.6],[1593.6,-3897.6],[1593.6,-3916.7999999999997],[1632,-3916.7999999999997],[1632,-3936],[1670.3999999999999,-3936],[1670.3999999999999,-3955.2],[1708.8,-3955.2],[1708.8,-3974.3999999999996],[1747.2,-3974.3999999999996],[1747.2,-3993.6],[1766.3999999999999,-3993.6],[1766.3999999999999,-4012.7999999999997],[1804.8,-4012.7999999999997],[1804.8,-4032],[1843.1999999999998,-4032],[1843.1999999999998,-4051.2],[1881.6,-4051.2],[1881.6,-4070.3999999999996],[1920,-4070.3999999999996],[1920,-4089.6],[1958.3999999999999,-4089.6],[1958.3999999999999,-4108.8],[1977.6,-4108.8],[1977.6,-4128],[1996.8,-4128],[1996.8,-4147.2],[2016,-4147.2],[2016,-4166.4],[2035.1999999999998,-4166.4],[2035.1999999999998,-4185.599999999999],[2054.4,-4185.599999999999],[2054.4,-4204.8],[2073.6,-4204.8],[2073.6,-4224]]]]}},{"type":"Feature","properties":{"kind":"district","id":102,"name":"Sterling Hills"},"geometry":{"type":"MultiPolygon","coordinates":[[[[3878.3999999999996,-1286.3999999999999],[3936,-1286.3999999999999],[3936,-1209.6],[3916.7999999999997,-1209.6],[3916.7999999999997,-1113.6],[3897.6,-1113.6],[3897.6,-979.1999999999999],[3916.7999999999997,-979.1999999999999],[3916.7999999999997,-902.4],[3936,-902.4],[3936,-864],[3955.2,-864],[3955.2,-806.4],[3974.3999999999996,-806.4],[3974.3999999999996,-748.8],[3993.6,-748.8],[3993.6,-710.4],[4012.7999999999997,-710.4],[4012.7999999999997,-652.8],[4032,-652.8],[4032,-595.1999999999999],[4051.2,-595.1999999999999],[4051.2,-537.6],[4070.3999999999996,-537.6],[4070.3999999999996,-499.2],[4089.6,-499.2],[4089.6,-441.59999999999997],[4108.8,-441.59999999999997],[4108.8,-403.2],[4128,-403.2],[4128,-345.59999999999997],[4147.2,-345.59999999999997],[4147.2,-288],[4166.4,-288],[4166.4,-211.2],[4185.599999999999,-211.2],[4185.599999999999,-57.599999999999994],[4204.8,-57.599999999999994],[4204.8,57.599999999999994],[4166.4,57.599999999999994],[4166.4,76.8],[4128,76.8],[4128,172.79999999999998],[4032,172.79999999999998],[4032,192],[3974.3999999999996,192],[3974.3999999999996,211.2],[3936,211.2],[3936,230.39999999999998],[3916.7999999999997,230.39999999999998],[3916.7999999999997,249.6],[3897.6,249.6],[3897.6,268.8],[3878.3999999999996,268.8],[3878.3999999999996,288],[3859.2,288],[3859.2,307.2],[3840,307.2],[3840,326.4],[3820.7999999999997,326.4],[3820.7999999999997,345.59999999999997],[3801.6,345.59999999999997],[3801.6,364.8],[3782.3999999999996,364.8],[3782.3999999999996,384],[3763.2,384],[3763.2,403.2],[3744,403.2],[3744,422.4],[3724.7999999999997,422.4],[3724.7999999999997,441.59999999999997],[3705.6,441.59999999999997],[3705.6,460.79999999999995],[3686.3999999999996,460.79999999999995],[3686.3999999999996,480],[3648,480],[3648,499.2],[3628.7999999999997,499.2],[3628.7999999999997,518.4],[3609.6,518.4],[3609.6,537.6],[3590.4,537.6],[3590.4,556.8],[3571.2,556.8],[3571.2,576],[3552,576],[3552,595.1999999999999],[3532.7999999999997,595.1999999999999],[3532.7999999999997,614.4],[3513.6,614.4],[3513.6,652.8],[3494.4,652.8],[3494.4,672],[3475.2,672],[3475.2,710.4],[3456,710.4],[3456,787.1999999999999],[3436.7999999999997,787.1999999999999],[3436.7999999999997,864],[3417.6,864],[3417.6,940.8],[3398.4,940.8],[3398.4,1017.5999999999999],[3379.2,1017.5999999999999],[3379.2,1094.3999999999999],[3360,1094.3999999999999],[3360,1171.2],[3340.7999999999997,1171.2],[3340.7999999999997,1248],[3321.6,1248],[3321.6,1324.8],[3302.4,1324.8],[3302.4,1401.6],[3283.2,1401.6],[3283.2,1478.3999999999999],[3264,1478.3999999999999],[3264,1555.2],[3244.7999999999997,1555.2],[3244.7999999999997,1632],[3225.6,1632],[3225.6,1728],[3206.4,1728],[3206.4,1804.8],[3187.2,1804.8],[3187.2,2073.6],[3129.6,2073.6],[3129.6,2092.7999999999997],[3110.4,2092.7999999999997],[3110.4,2112],[3091.2,2112],[3091.2,2131.2],[2572.7999999999997,2131.2],[2572.7999999999997,2112],[2553.6,2112],[2553.6,2092.7999999999997],[2572.7999999999997,2092.7999999999997],[2572.7999999999997,2073.6],[2553.6,2073.6],[2553.6,1132.8],[2572.7999999999997,1132.8],[2572.7999999999997,825.6],[2553.6,825.6],[2553.6,633.6],[2534.4,633.6],[2534.4,518.4],[2515.2,518.4],[2515.2,403.2],[2496,403.2],[2496,326.4],[2476.7999999999997,326.4],[2476.7999999999997,268.8],[2457.6,268.8],[2457.6,211.2],[2438.4,211.2],[2438.4,172.79999999999998],[2419.2,172.79999999999998],[2419.2,115.19999999999999],[2400,115.19999999999999],[2400,57.599999999999994],[2380.7999999999997,57.599999999999994],[2380.7999999999997,0],[2361.6,0],[2361.6,-76.8],[2438.4,-76.8],[2438.4,-96],[2457.6,-96],[2457.6,-115.19999999999999],[2496,-115.19999999999999],[2496,-134.4],[2515.2,-134.4],[2515.2,-153.6],[2592,-153.6],[2592,-134.4],[2649.6,-134.4],[2649.6,-153.6],[2707.2,-153.6],[2707.2,-134.4],[2784,-134.4],[2784,-192],[2764.7999999999997,-192],[2764.7999999999997,-211.2],[2745.6,-211.2],[2745.6,-230.39999999999998],[2764.7999999999997,-230.39999999999998],[2764.7999999999997,-249.6],[2899.2,-249.6],[2899.2,-268.8],[2918.4,-268.8],[2918.4,-249.6],[2937.6,-249.6],[2937.6,-211.2],[2918.4,-211.2],[2918.4,-192],[2860.7999999999997,-192],[2860.7999999999997,-172.79999999999998],[2841.6,-172.79999999999998],[2841.6,-134.4],[2822.4,-134.4],[2822.4,-115.19999999999999],[2803.2,-115.19999999999999],[2803.2,-96],[2745.6,-96],[2745.6,-76.8],[2688,-76.8],[2688,-19.2],[2707.2,-19.2],[2707.2,0],[2726.4,0],[2726.4,38.4],[2745.6,38.4],[2745.6,57.599999999999994],[2784,57.599999999999994],[2784,38.4],[2803.2,38.4],[2803.2,19.2],[2822.4,19.2],[2822.4,192],[2841.6,192],[2841.6,211.2],[2880,211.2],[2880,230.39999999999998],[2860.7999999999997,230.39999999999998],[2860.7999999999997,345.59999999999997],[2899.2,345.59999999999997],[2899.2,326.4],[2937.6,326.4],[2937.6,345.59999999999997],[3014.4,345.59999999999997],[3014.4,326.4],[3052.7999999999997,326.4],[3052.7999999999997,307.2],[3072,307.2],[3072,230.39999999999998],[3110.4,230.39999999999998],[3110.4,288],[3187.2,288],[3187.2,249.6],[3206.4,249.6],[3206.4,211.2],[3187.2,211.2],[3187.2,192],[3206.4,192],[3206.4,153.6],[3225.6,153.6],[3225.6,134.4],[3244.7999999999997,134.4],[3244.7999999999997,115.19999999999999],[3264,115.19999999999999],[3264,76.8],[3283.2,76.8],[3283.2,19.2],[3302.4,19.2],[3302.4,0],[3321.6,0],[3321.6,-19.2],[3340.7999999999997,-19.2],[3340.7999999999997,-38.4],[3321.6,-38.4],[3321.6,-57.599999999999994],[3302.4,-57.599999999999994],[3302.4,-38.4],[3283.2,-38.4],[3283.2,-96],[3264,-96],[3264,-115.19999999999999],[3225.6,-115.19999999999999],[3225.6,-192],[3244.7999999999997,-192],[3244.7999999999997,-288],[3264,-288],[3264,-307.2],[3436.7999999999997,-307.2],[3436.7999999999997,-288],[3494.4,-288],[3494.4,-307.2],[3475.2,-307.2],[3475.2,-326.4],[3456,-326.4],[3456,-345.59999999999997],[3417.6,-345.59999999999997],[3417.6,-364.8],[3379.2,-364.8],[3379.2,-345.59999999999997],[3340.7999999999997,-345.59999999999997],[3340.7999999999997,-364.8],[3283.2,-364.8],[3283.2,-403.2],[3302.4,-403.2],[3302.4,-422.4],[3360,-422.4],[3360,-460.79999999999995],[3398.4,-460.79999999999995],[3398.4,-480],[3417.6,-480],[3417.6,-499.2],[3475.2,-499.2],[3475.2,-518.4],[3494.4,-518.4],[3494.4,-537.6],[3513.6,-537.6],[3513.6,-576],[3494.4,-576],[3494.4,-595.1999999999999],[3475.2,-595.1999999999999],[3475.2,-614.4],[3456,-614.4],[3456,-691.1999999999999],[3475.2,-691.1999999999999],[3475.2,-729.6],[3552,-729.6],[3552,-748.8],[3571.2,-748.8],[3571.2,-787.1999999999999],[3590.4,-787.1999999999999],[3590.4,-825.6],[3609.6,-825.6],[3609.6,-864],[3628.7999999999997,-864],[3628.7999999999997,-883.1999999999999],[3648,-883.1999999999999],[3648,-921.5999999999999],[3667.2,-921.5999999999999],[3667.2,-998.4],[3686.3999999999996,-998.4],[3686.3999999999996,-1017.5999999999999],[3705.6,-1017.5999999999999],[3705.6,-1056],[3724.7999999999997,-1056],[3724.7999999999997,-1075.2],[3744,-1075.2],[3744,-1094.3999999999999],[3763.2,-1094.3999999999999],[3763.2,-1132.8],[3782.3999999999996,-1132.8],[3782.3999999999996,-1171.2],[3801.6,-1171.2],[3801.6,-1190.3999999999999],[3820.7999999999997,-1190.3999999999999],[3820.7999999999997,-1228.8],[3840,-1228.8],[3840,-1248],[3859.2,-1248],[3859.2,-1267.2],[3878.3999999999996,-1267.2],[3878.3999999999996,-1286.3999999999999]]]]}},{"type":"Feature","properties":{"kind":"district","id":103,"name":"Oak Heights"},"geometry":{"type":"MultiPolygon","coordinates":[[[[595.1999999999999,2534.4],[729.6,2534.4],[729.6,2553.6],[748.8,2553.6],[748.8,2572.7999999999997],[768,2572.7999999999997],[768,2592],[787.1999999999999,2592],[787.1999999999999,2611.2],[806.4,2611.2],[806.4,2630.4],[825.6,2630.4],[825.6,2668.7999999999997],[844.8,2668.7999999999997],[844.8,2688],[864,2688],[864,2707.2],[883.1999999999999,2707.2],[883.1999999999999,2726.4],[921.5999999999999,2726.4],[921.5999999999999,2745.6],[940.8,2745.6],[940.8,2764.7999999999997],[960,2764.7999999999997],[960,2784],[979.1999999999999,2784],[979.1999999999999,2803.2],[998.4,2803.2],[998.4,2822.4],[1056,2822.4],[1056,2860.7999999999997],[1113.6,2860.7999999999997],[1113.6,2880],[1171.2,2880],[1171.2,2899.2],[1209.6,2899.2],[1209.6,2918.4],[1267.2,2918.4],[1267.2,2937.6],[1305.6,2937.6],[1305.6,2956.7999999999997],[1344,2956.7999999999997],[1344,2976],[1382.3999999999999,2976],[1382.3999999999999,2995.2],[1420.8,2995.2],[1420.8,3014.4],[1478.3999999999999,3014.4],[1478.3999999999999,3033.6],[1536,3033.6],[1536,3052.7999999999997],[1574.3999999999999,3052.7999999999997],[1574.3999999999999,3072],[1612.8,3072],[1612.8,3091.2],[1651.2,3091.2],[1651.2,3110.4],[1670.3999999999999,3110.4],[1670.3999999999999,3129.6],[1708.8,3129.6],[1708.8,3148.7999999999997],[1728,3148.7999999999997],[1728,3168],[1747.2,3168],[1747.2,3187.2],[1766.3999999999999,3187.2],[1766.3999999999999,3206.4],[1785.6,3206.4],[1785.6,3225.6],[1824,3225.6],[1824,3244.7999999999997],[1843.1999999999998,3244.7999999999997],[1843.1999999999998,3264],[1862.3999999999999,3264],[1862.3999999999999,3283.2],[1881.6,3283.2],[1881.6,3302.4],[1900.8,3302.4],[1900.8,3321.6],[1920,3321.6],[1920,3340.7999999999997],[1939.1999999999998,3340.7999999999997],[1939.1999999999998,3360],[1977.6,3360],[1977.6,3379.2],[1996.8,3379.2],[1996.8,3398.4],[2016,3398.4],[2016,3417.6],[2035.1999999999998,3417.6],[2035.1999999999998,3436.7999999999997],[2054.4,3436.7999999999997],[2054.4,3456],[2073.6,3456],[2073.6,3475.2],[2092.7999999999997,3475.2],[2092.7999999999997,3494.4],[2112,3494.4],[2112,3513.6],[2131.2,3513.6],[2131.2,3532.7999999999997],[2150.4,3532.7999999999997],[2150.4,3552],[2169.6,3552],[2169.6,3571.2],[2188.7999999999997,3571.2],[2188.7999999999997,3590.4],[2208,3590.4],[2208,3609.6],[2246.4,3609.6],[2246.4,3628.7999999999997],[2265.6,3628.7999999999997],[2265.6,3648],[2284.7999999999997,3648],[2284.7999999999997,3667.2],[2304,3667.2],[2304,3686.3999999999996],[2323.2,3686.3999999999996],[2323.2,3705.6],[2342.4,3705.6],[2342.4,3724.7999999999997],[2380.7999999999997,3724.7999999999997],[2380.7999999999997,3763.2],[2400,3763.2],[2400,3782.3999999999996],[2438.4,3782.3999999999996],[2438.4,3801.6],[2457.6,3801.6],[2457.6,3820.7999999999997],[2476.7999999999997,3820.7999999999997],[2476.7999999999997,3840],[2496,3840],[2496,3859.2],[2515.2,3859.2],[2515.2,3878.3999999999996],[2534.4,3878.3999999999996],[2534.4,3897.6],[2553.6,3897.6],[2553.6,4012.7999999999997],[2572.7999999999997,4012.7999999999997],[2572.7999999999997,4051.2],[2553.6,4051.2],[2553.6,4300.8],[2534.4,4300.8],[2534.4,4377.599999999999],[2515.2,4377.599999999999],[2515.2,4416],[2496,4416],[2496,4435.2],[2476.7999999999997,4435.2],[2476.7999999999997,4473.599999999999],[2457.6,4473.599999999999],[2457.6,4492.8],[2438.4,4492.8],[2438.4,4512],[2419.2,4512],[2419.2,4531.2],[2380.7999999999997,4531.2],[2380.7999999999997,4550.4],[2342.4,4550.4],[2342.4,4569.599999999999],[2073.6,4569.599999999999],[2073.6,4550.4],[2035.1999999999998,4550.4],[2035.1999999999998,4531.2],[1977.6,4531.2],[1977.6,4512],[1958.3999999999999,4512],[1958.3999999999999,4492.8],[1939.1999999999998,4492.8],[1939.1999999999998,4473.599999999999],[1920,4473.599999999999],[1920,4454.4],[1881.6,4454.4],[1881.6,4435.2],[1862.3999999999999,4435.2],[1862.3999999999999,4396.8],[1843.1999999999998,4396.8],[1843.1999999999998,4377.599999999999],[1804.8,4377.599999999999],[1804.8,4358.4],[1766.3999999999999,4358.4],[1766.3999999999999,4339.2],[1728,4339.2],[1728,4320],[1689.6,4320],[1689.6,4300.8],[1651.2,4300.8],[1651.2,4281.599999999999],[1612.8,4281.599999999999],[1612.8,4262.4],[1536,4262.4],[1536,4243.2],[1305.6,4243.2],[1305.6,4262.4],[1171.2,4262.4],[1171.2,4281.599999999999],[1113.6,4281.599999999999],[1113.6,4300.8],[1056,4300.8],[1056,4320],[1017.5999999999999,4320],[1017.5999999999999,4339.2],[998.4,4339.2],[998.4,4358.4],[960,4358.4],[960,4377.599999999999],[940.8,4377.599999999999],[940.8,4396.8],[902.4,4396.8],[902.4,4416],[883.1999999999999,4416],[883.1999999999999,4435.2],[864,4435.2],[864,4454.4],[825.6,4454.4],[825.6,4473.599999999999],[806.4,4473.599999999999],[806.4,4492.8],[787.1999999999999,4492.8],[787.1999999999999,4512],[748.8,4512],[748.8,4531.2],[729.6,4531.2],[729.6,4550.4],[691.1999999999999,4550.4],[691.1999999999999,4569.599999999999],[652.8,4569.599999999999],[652.8,4588.8],[633.6,4588.8],[633.6,4608],[614.4,4608],[614.4,4627.2],[595.1999999999999,4627.2],[595.1999999999999,4646.4],[556.8,4646.4],[556.8,4665.599999999999],[499.2,4665.599999999999],[499.2,4684.8],[441.59999999999997,4684.8],[441.59999999999997,4704],[364.8,4704],[364.8,4723.2],[230.39999999999998,4723.2],[230.39999999999998,4742.4],[115.19999999999999,4742.4],[115.19999999999999,4761.599999999999],[-249.6,4761.599999999999],[-249.6,4742.4],[-364.8,4742.4],[-364.8,4723.2],[-403.2,4723.2],[-403.2,4704],[-460.79999999999995,4704],[-460.79999999999995,4684.8],[-518.4,4684.8],[-518.4,4665.599999999999],[-556.8,4665.599999999999],[-556.8,4646.4],[-614.4,4646.4],[-614.4,4627.2],[-633.6,4627.2],[-633.6,4608],[-672,4608],[-672,4588.8],[-710.4,4588.8],[-710.4,4569.599999999999],[-729.6,4569.599999999999],[-729.6,4550.4],[-768,4550.4],[-768,4531.2],[-787.1999999999999,4531.2],[-787.1999999999999,4512],[-825.6,4512],[-825.6,4492.8],[-864,4492.8],[-864,4473.599999999999],[-883.1999999999999,4473.599999999999],[-883.1999999999999,4454.4],[-902.4,4454.4],[-902.4,4435.2],[-940.8,4435.2],[-940.8,4416],[-979.1999999999999,4416],[-979.1999999999999,4396.8],[-998.4,4396.8],[-998.4,4377.599999999999],[-1036.8,4377.599999999999],[-1036.8,4358.4],[-1056,4358.4],[-1056,4339.2],[-1094.3999999999999,4339.2],[-1094.3999999999999,4320],[-1113.6,4320],[-1113.6,4300.8],[-1152,4300.8],[-1152,4281.599999999999],[-1171.2,4281.599999999999],[-1171.2,4262.4],[-1190.3999999999999,4262.4],[-1190.3999999999999,4243.2],[-1209.6,4243.2],[-1209.6,4224],[-1228.8,4224],[-1228.8,4204.8],[-1248,4204.8],[-1248,4166.4],[-1267.2,4166.4],[-1267.2,4032],[-1248,4032],[-1248,3955.2],[-1228.8,3955.2],[-1228.8,3916.7999999999997],[-1209.6,3916.7999999999997],[-1209.6,3878.3999999999996],[-1190.3999999999999,3878.3999999999996],[-1190.3999999999999,3859.2],[-1171.2,3859.2],[-1171.2,3820.7999999999997],[-1152,3820.7999999999997],[-1152,3801.6],[-1132.8,3801.6],[-1132.8,3763.2],[-1113.6,3763.2],[-1113.6,3744],[-1094.3999999999999,3744],[-1094.3999999999999,3724.7999999999997],[-1075.2,3724.7999999999997],[-1075.2,3705.6],[-1056,3705.6],[-1056,3686.3999999999996],[-1036.8,3686.3999999999996],[-1036.8,3667.2],[-1017.5999999999999,3667.2],[-1017.5999999999999,3648],[-998.4,3648],[-998.4,3628.7999999999997],[-979.1999999999999,3628.7999999999997],[-979.1999999999999,3609.6],[-960,3609.6],[-960,3590.4],[-940.8,3590.4],[-940.8,3571.2],[-902.4,3571.2],[-902.4,3552],[-883.1999999999999,3552],[-883.1999999999999,3532.7999999999997],[-864,3532.7999999999997],[-864,3513.6],[-844.8,3513.6],[-844.8,3494.4],[-825.6,3494.4],[-825.6,3475.2],[-806.4,3475.2],[-806.4,3456],[-768,3456],[-768,3436.7999999999997],[-710.4,3436.7999999999997],[-710.4,3417.6],[-691.1999999999999,3417.6],[-691.1999999999999,3379.2],[-672,3379.2],[-672,3360],[-652.8,3360],[-652.8,3340.7999999999997],[-614.4,3340.7999999999997],[-614.4,3321.6],[-576,3321.6],[-576,3302.4],[-556.8,3302.4],[-556.8,3283.2],[-518.4,3283.2],[-518.4,3264],[-480,3264],[-480,3244.7999999999997],[-403.2,3244.7999999999997],[-403.2,3225.6],[-384,3225.6],[-384,3206.4],[-364.8,3206.4],[-364.8,3187.2],[-345.59999999999997,3187.2],[-345.59999999999997,3168],[-326.4,3168],[-326.4,3148.7999999999997],[-307.2,3148.7999999999997],[-307.2,3129.6],[-268.8,3129.6],[-268.8,3110.4],[-230.39999999999998,3110.4],[-230.39999999999998,3091.2],[-192,3091.2],[-192,3072],[-153.6,3072],[-153.6,3052.7999999999997],[-115.19999999999999,3052.7999999999997],[-115.19999999999999,3033.6],[-57.599999999999994,3033.6],[-57.599999999999994,3014.4],[-19.2,3014.4],[-19.2,2995.2],[19.2,2995.2],[19.2,2976],[38.4,2976],[38.4,2956.7999999999997],[57.599999999999994,2956.7999999999997],[57.599999999999994,2937.6],[96,2937.6],[96,2899.2],[134.4,2899.2],[134.4,2880],[153.6,2880],[153.6,2860.7999999999997],[192,2860.7999999999997],[192,2841.6],[211.2,2841.6],[211.2,2822.4],[230.39999999999998,2822.4],[230.39999999999998,2803.2],[249.6,2803.2],[249.6,2784],[268.8,2784],[268.8,2764.7999999999997],[288,2764.7999999999997],[288,2745.6],[326.4,2745.6],[326.4,2726.4],[345.59999999999997,2726.4],[345.59999999999997,2707.2],[364.8,2707.2],[364.8,2688],[384,2688],[384,2668.7999999999997],[403.2,2668.7999999999997],[403.2,2649.6],[441.59999999999997,2649.6],[441.59999999999997,2630.4],[460.79999999999995,2630.4],[460.79999999999995,2611.2],[499.2,2611.2],[499.2,2592],[518.4,2592],[518.4,2572.7999999999997],[556.8,2572.7999999999997],[556.8,2553.6],[595.1999999999999,2553.6],[595.1999999999999,2534.4]]]]}},{"type":"Feature","properties":{"kind":"district","id":104,"name":"Elizabeth Heights"},"geometry":{"type":"MultiPolygon","coordinates":[[[[-4512,1728],[-4435.2,1728],[-4435.2,1747.2],[-4339.2,1747.2],[-4339.2,1766.3999999999999],[-4281.599999999999,1766.3999999999999],[-4281.599999999999,1785.6],[-4243.2,1785.6],[-4243.2,1804.8],[-4224,1804.8],[-4224,1824],[-4185.599999999999,1824],[-4185.599999999999,1843.1999999999998],[-4166.4,1843.1999999999998],[-4166.4,1862.3999999999999],[-4147.2,1862.3999999999999],[-4147.2,1881.6],[-4128,1881.6],[-4128,1900.8],[-4108.8,1900.8],[-4108.8,1920],[-4089.6,1920],[-4089.6,1939.1999999999998],[-4070.3999999999996,1939.1999999999998],[-4070.3999999999996,1958.3999999999999],[-4051.2,1958.3999999999999],[-4051.2,1977.6],[-4032,1977.6],[-4032,1996.8],[-3993.6,1996.8],[-3993.6,2016],[-3974.3999999999996,2016],[-3974.3999999999996,2035.1999999999998],[-3955.2,2035.1999999999998],[-3955.2,2054.4],[-3936,2054.4],[-3936,2073.6],[-3916.7999999999997,2073.6],[-3916.7999999999997,2092.7999999999997],[-3878.3999999999996,2092.7999999999997],[-3878.3999999999996,2112],[-3859.2,2112],[-3859.2,2131.2],[-3840,2131.2],[-3840,2150.4],[-3801.6,2150.4],[-3801.6,2169.6],[-3782.3999999999996,2169.6],[-3782.3999999999996,2188.7999999999997],[-3705.6,2188.7999999999997],[-3705.6,2208],[-3628.7999999999997,2208],[-3628.7999999999997,2227.2],[-3532.7999999999997,2227.2],[-3532.7999999999997,2246.4],[-3494.4,2246.4],[-3494.4,2284.7999999999997],[-3340.7999999999997,2284.7999999999997],[-3340.7999999999997,2265.6],[-3283.2,2265.6],[-3283.2,2246.4],[-3206.4,2246.4],[-3206.4,2227.2],[-3072,2227.2],[-3072,2208],[-2592,2208],[-2592,2227.2],[-2553.6,2227.2],[-2553.6,2246.4],[-2515.2,2246.4],[-2515.2,2265.6],[-2476.7999999999997,2265.6],[-2476.7999999999997,2284.7999999999997],[-2438.4,2284.7999999999997],[-2438.4,2304],[-2400,2304],[-2400,2323.2],[-2380.7999999999997,2323.2],[-2380.7999999999997,2342.4],[-2342.4,2342.4],[-2342.4,2361.6],[-2323.2,2361.6],[-2323.2,2380.7999999999997],[-2304,2380.7999999999997],[-2304,2400],[-2265.6,2400],[-2265.6,2419.2],[-2246.4,2419.2],[-2246.4,2438.4],[-2227.2,2438.4],[-2227.2,2476.7999999999997],[-2208,2476.7999999999997],[-2208,2515.2],[-2188.7999999999997,2515.2],[-2188.7999999999997,2553.6],[-2169.6,2553.6],[-2169.6,2572.7999999999997],[-2150.4,2572.7999999999997],[-2150.4,2592],[-2131.2,2592],[-2131.2,2611.2],[-2112,2611.2],[-2112,2630.4],[-2092.7999999999997,2630.4],[-2092.7999999999997,2649.6],[-2073.6,2649.6],[-2073.6,2688],[-2054.4,2688],[-2054.4,2726.4],[-2035.1999999999998,2726.4],[-2035.1999999999998,2764.7999999999997],[-2016,2764.7999999999997],[-2016,2784],[-1996.8,2784],[-1996.8,2803.2],[-1977.6,2803.2],[-1977.6,2841.6],[-1958.3999999999999,2841.6],[-1958.3999999999999,2860.7999999999997],[-1939.1999999999998,2860.7999999999997],[-1939.1999999999998,2899.2],[-1920,2899.2],[-1920,2956.7999999999997],[-1900.8,2956.7999999999997],[-1900.8,2995.2],[-1881.6,2995.2],[-1881.6,3033.6],[-1862.3999999999999,3033.6],[-1862.3999999999999,3072],[-1843.1999999999998,3072],[-1843.1999999999998,3110.4],[-1824,3110.4],[-1824,3129.6],[-1804.8,3129.6],[-1804.8,3168],[-1785.6,3168],[-1785.6,3206.4],[-1766.3999999999999,3206.4],[-1766.3999999999999,3244.7999999999997],[-1747.2,3244.7999999999997],[-1747.2,3283.2],[-1728,3283.2],[-1728,3321.6],[-1708.8,3321.6],[-1708.8,3360],[-1689.6,3360],[-1689.6,3417.6],[-1670.3999999999999,3417.6],[-1670.3999999999999,3456],[-1651.2,3456],[-1651.2,3532.7999999999997],[-1632,3532.7999999999997],[-1632,3571.2],[-1651.2,3571.2],[-1651.2,3628.7999999999997],[-1670.3999999999999,3628.7999999999997],[-1670.3999999999999,3648],[-1689.6,3648],[-1689.6,3667.2],[-1708.8,3667.2],[-1708.8,3686.3999999999996],[-1747.2,3686.3999999999996],[-1747.2,3705.6],[-1804.8,3705.6],[-1804.8,3724.7999999999997],[-1824,3724.7999999999997],[-1824,3744],[-1843.1999999999998,3744],[-1843.1999999999998,3763.2],[-1862.3999999999999,3763.2],[-1862.3999999999999,3782.3999999999996],[-1881.6,3782.3999999999996],[-1881.6,3820.7999999999997],[-1900.8,3820.7999999999997],[-1900.8,3840],[-1920,3840],[-1920,3878.3999999999996],[-1939.1999999999998,3878.3999999999996],[-1939.1999999999998,3916.7999999999997],[-1958.3999999999999,3916.7999999999997],[-1958.3999999999999,3936],[-1977.6,3936],[-1977.6,3974.3999999999996],[-1996.8,3974.3999999999996],[-1996.8,3993.6],[-2016,3993.6],[-2016,4012.7999999999997],[-2035.1999999999998,4012.7999999999997],[-2035.1999999999998,4032],[-2054.4,4032],[-2054.4,4070.3999999999996],[-2073.6,4070.3999999999996],[-2073.6,4089.6],[-2092.7999999999997,4089.6],[-2092.7999999999997,4128],[-2112,4128],[-2112,4166.4],[-2131.2,4166.4],[-2131.2,4204.8],[-2150.4,4204.8],[-2150.4,4243.2],[-2169.6,4243.2],[-2169.6,4281.599999999999],[-2188.7999999999997,4281.599999999999],[-2188.7999999999997,4358.4],[-2208,4358.4],[-2208,4416],[-2227.2,4416],[-2227.2,4473.599999999999],[-2246.4,4473.599999999999],[-2246.4,4512],[-2265.6,4512],[-2265.6,4531.2],[-2284.7999999999997,4531.2],[-2284.7999999999997,4550.4],[-2304,4550.4],[-2304,4569.599999999999],[-2323.2,4569.599999999999],[-2323.2,4588.8],[-2342.4,4588.8],[-2342.4,4608],[-2380.7999999999997,4608],[-2380.7999999999997,4627.2],[-2400,4627.2],[-2400,4646.4],[-2438.4,4646.4],[-2438.4,4665.599999999999],[-2476.7999999999997,4665.599999999999],[-2476.7999999999997,4684.8],[-2534.4,4684.8],[-2534.4,4704],[-2592,4704],[-2592,4723.2],[-2630.4,4723.2],[-2630.4,4742.4],[-2745.6,4742.4],[-2745.6,4761.599999999999],[-2822.4,4761.599999999999],[-2822.4,4780.8],[-2937.6,4780.8],[-2937.6,4800],[-2995.2,4800],[-2995.2,4819.2],[-3091.2,4819.2],[-3091.2,4838.4],[-3168,4838.4],[-3168,4857.599999999999],[-3244.7999999999997,4857.599999999999],[-3244.7999999999997,4876.8],[-3264,4876.8],[-3264,4896],[-3283.2,4896],[-3283.2,4915.2],[-3302.4,4915.2],[-3302.4,4934.4],[-3340.7999999999997,4934.4],[-3340.7999999999997,4953.599999999999],[-3379.2,4953.599999999999],[-3379.2,4972.8],[-3398.4,4972.8],[-3398.4,4992],[-3417.6,4992],[-3417.6,5011.2],[-3456,5011.2],[-3456,5030.4],[-3475.2,5030.4],[-3475.2,5049.599999999999],[-3513.6,5049.599999999999],[-3513.6,5068.8],[-3532.7999999999997,5068.8],[-3532.7999999999997,5088],[-3571.2,5088],[-3571.2,5107.2],[-3609.6,5107.2],[-3609.6,5126.4],[-3667.2,5126.4],[-3667.2,5145.599999999999],[-3763.2,5145.599999999999],[-3763.2,5164.8],[-3897.6,5164.8],[-3897.6,5145.599999999999],[-3974.3999999999996,5145.599999999999],[-3974.3999999999996,5126.4],[-4032,5126.4],[-4032,5107.2],[-4070.3999999999996,5107.2],[-4070.3999999999996,5088],[-4089.6,5088],[-4089.6,5068.8],[-4128,5068.8],[-4128,5049.599999999999],[-4147.2,5049.599999999999],[-4147.2,5030.4],[-4166.4,5030.4],[-4166.4,5011.2],[-4204.8,5011.2],[-4204.8,4992],[-4224,4992],[-4224,4972.8],[-4243.2,4972.8],[-4243.2,4953.599999999999],[-4262.4,4953.599999999999],[-4262.4,4934.4],[-4300.8,4934.4],[-4300.8,4915.2],[-4320,4915.2],[-4320,4896],[-4339.2,4896],[-4339.2,4876.8],[-4358.4,4876.8],[-4358.4,4857.599999999999],[-4396.8,4857.599999999999],[-4396.8,4838.4],[-4416,4838.4],[-4416,4819.2],[-4435.2,4819.2],[-4435.2,4800],[-4454.4,4800],[-4454.4,4780.8],[-4473.599999999999,4780.8],[-4473.599999999999,4761.599999999999],[-4512,4761.599999999999],[-4512,4742.4],[-4531.2,4742.4],[-4531.2,4723.2],[-4550.4,4723.2],[-4550.4,4704],[-4569.599999999999,4704],[-4569.599999999999,4684.8],[-4608,4684.8],[-4608,4665.599999999999],[-4627.2,4665.599999999999],[-4627.2,4646.4],[-4665.599999999999,4646.4],[-4665.599999999999,4627.2],[-4684.8,4627.2],[-4684.8,4608],[-4723.2,4608],[-4723.2,4588.8],[-4761.599999999999,4588.8],[-4761.599999999999,4569.599999999999],[-4819.2,4569.599999999999],[-4819.2,4550.4],[-4838.4,4550.4],[-4838.4,4569.599999999999],[-4972.8,4569.599999999999],[-4972.8,4588.8],[-5030.4,4588.8],[-5030.4,4608],[-5088,4608],[-5088,4627.2],[-5126.4,4627.2],[-5126.4,4646.4],[-5241.599999999999,4646.4],[-5241.599999999999,4627.2],[-5337.599999999999,4627.2],[-5337.599999999999,4608],[-5376,4608],[-5376,4588.8],[-5414.4,4588.8],[-5414.4,4569.599999999999],[-5452.8,4569.599999999999],[-5452.8,4550.4],[-5491.2,4550.4],[-5491.2,4531.2],[-5568,4531.2],[-5568,4550.4],[-5644.8,4550.4],[-5644.8,4531.2],[-5702.4,4531.2],[-5702.4,4512],[-5740.8,4512],[-5740.8,4492.8],[-5779.2,4492.8],[-5779.2,4473.599999999999],[-5817.599999999999,4473.599999999999],[-5817.599999999999,4454.4],[-5856,4454.4],[-5856,4435.2],[-5875.2,4435.2],[-5875.2,4416],[-5913.599999999999,4416],[-5913.599999999999,4396.8],[-5952,4396.8],[-5952,4377.599999999999],[-5971.2,4377.599999999999],[-5971.2,4358.4],[-6009.599999999999,4358.4],[-6009.599999999999,4339.2],[-6028.8,4339.2],[-6028.8,4320],[-6067.2,4320],[-6067.2,4300.8],[-6105.599999999999,4300.8],[-6105.599999999999,4281.599999999999],[-6144,4281.599999999999],[-6144,4262.4],[-6163.2,4262.4],[-6163.2,4243.2],[-6182.4,4243.2],[-6182.4,4224],[-6201.599999999999,4224],[-6201.599999999999,4204.8],[-6220.8,4204.8],[-6220.8,4185.599999999999],[-6240,4185.599999999999],[-6240,4128],[-6259.2,4128],[-6259.2,4089.6],[-6278.4,4089.6],[-6278.4,4070.3999999999996],[-6297.599999999999,4070.3999999999996],[-6297.599999999999,4032],[-6316.8,4032],[-6316.8,4012.7999999999997],[-6336,4012.7999999999997],[-6336,3916.7999999999997],[-6355.2,3916.7999999999997],[-6355.2,3801.6],[-6336,3801.6],[-6336,3744],[-6316.8,3744],[-6316.8,3724.7999999999997],[-6297.599999999999,3724.7999999999997],[-6297.599999999999,3686.3999999999996],[-6278.4,3686.3999999999996],[-6278.4,3667.2],[-6259.2,3667.2],[-6259.2,3648],[-6220.8,3648],[-6220.8,3628.7999999999997],[-6201.599999999999,3628.7999999999997],[-6201.599999999999,3609.6],[-6182.4,3609.6],[-6182.4,3590.4],[-6163.2,3590.4],[-6163.2,3571.2],[-6144,3571.2],[-6144,3552],[-6124.8,3552],[-6124.8,3532.7999999999997],[-6105.599999999999,3532.7999999999997],[-6105.599999999999,3494.4],[-6086.4,3494.4],[-6086.4,3475.2],[-6067.2,3475.2],[-6067.2,3456],[-6048,3456],[-6048,3436.7999999999997],[-6028.8,3436.7999999999997],[-6028.8,3398.4],[-6009.599999999999,3398.4],[-6009.599999999999,3340.7999999999997],[-5990.4,3340.7999999999997],[-5990.4,3302.4],[-5971.2,3302.4],[-5971.2,3244.7999999999997],[-5952,3244.7999999999997],[-5952,3225.6],[-5932.8,3225.6],[-5932.8,3187.2],[-5913.599999999999,3187.2],[-5913.599999999999,3129.6],[-5894.4,3129.6],[-5894.4,3052.7999999999997],[-5875.2,3052.7999999999997],[-5875.2,2976],[-5856,2976],[-5856,2899.2],[-5836.8,2899.2],[-5836.8,2553.6],[-5817.599999999999,2553.6],[-5817.599999999999,2496],[-5798.4,2496],[-5798.4,2457.6],[-5779.2,2457.6],[-5779.2,2438.4],[-5760,2438.4],[-5760,2419.2],[-5740.8,2419.2],[-5740.8,2400],[-5702.4,2400],[-5702.4,2380.7999999999997],[-5683.2,2380.7999999999997],[-5683.2,2361.6],[-5625.599999999999,2361.6],[-5625.599999999999,2342.4],[-5529.599999999999,2342.4],[-5529.599999999999,2323.2],[-5452.8,2323.2],[-5452.8,2304],[-5395.2,2304],[-5395.2,2284.7999999999997],[-5280,2284.7999999999997],[-5280,2265.6],[-5222.4,2265.6],[-5222.4,2246.4],[-5184,2246.4],[-5184,2227.2],[-5164.8,2227.2],[-5164.8,2208],[-5145.599999999999,2208],[-5145.599999999999,2188.7999999999997],[-5126.4,2188.7999999999997],[-5126.4,2169.6],[-5107.2,2169.6],[-5107.2,2150.4],[-5088,2150.4],[-5088,2112],[-5068.8,2112],[-5068.8,2092.7999999999997],[-5049.599999999999,2092.7999999999997],[-5049.599999999999,2054.4],[-5030.4,2054.4],[-5030.4,2035.1999999999998],[-5011.2,2035.1999999999998],[-5011.2,2016],[-4992,2016],[-4992,1996.8],[-4972.8,1996.8],[-4972.8,1958.3999999999999],[-4953.599999999999,1958.3999999999999],[-4953.599999999999,1920],[-4915.2,1920],[-4915.2,1900.8],[-4896,1900.8],[-4896,1881.6],[-4857.599999999999,1881.6],[-4857.599999999999,1862.3999999999999],[-4838.4,1862.3999999999999],[-4838.4,1843.1999999999998],[-4800,1843.1999999999998],[-4800,1824],[-4780.8,1824],[-4780.8,1804.8],[-4723.2,1804.8],[-4723.2,1785.6],[-4684.8,1785.6],[-4684.8,1766.3999999999999],[-4627.2,1766.3999999999999],[-4627.2,1747.2],[-4512,1747.2],[-4512,1728]]]]}},{"type":"Feature","properties":{"kind":"district","id":105,"name":"Fawn Park"},"geometry":{"type":"MultiPolygon","coordinates":[[[[499.2,-4032],[556.8,-4032],[556.8,-4012.7999999999997],[614.4,-4012.7999999999997],[614.4,-3993.6],[691.1999999999999,-3993.6],[691.1999999999999,-3974.3999999999996],[748.8,-3974.3999999999996],[748.8,-3955.2],[825.6,-3955.2],[825.6,-3936],[883.1999999999999,-3936],[883.1999999999999,-3916.7999999999997],[960,-3916.7999999999997],[960,-3897.6],[1036.8,-3897.6],[1036.8,-3878.3999999999996],[1152,-3878.3999999999996],[1152,-3859.2],[1286.3999999999999,-3859.2],[1286.3999999999999,-3840],[1478.3999999999999,-3840],[1478.3999999999999,-3859.2],[1516.8,-3859.2],[1516.8,-3878.3999999999996],[1574.3999999999999,-3878.3999999999996],[1574.3999999999999,-3840],[1593.6,-3840],[1593.6,-3801.6],[1612.8,-3801.6],[1612.8,-3667.2],[1593.6,-3667.2],[1593.6,-3628.7999999999997],[1574.3999999999999,-3628.7999999999997],[1574.3999999999999,-3590.4],[1555.2,-3590.4],[1555.2,-3532.7999999999997],[1536,-3532.7999999999997],[1536,-3379.2],[1555.2,-3379.2],[1555.2,-3321.6],[1536,-3321.6],[1536,-3264],[1555.2,-3264],[1555.2,-3244.7999999999997],[1536,-3244.7999999999997],[1536,-3225.6],[1478.3999999999999,-3225.6],[1478.3999999999999,-3187.2],[1440,-3187.2],[1440,-3168],[1420.8,-3168],[1420.8,-3148.7999999999997],[1382.3999999999999,-3148.7999999999997],[1382.3999999999999,-3129.6],[1324.8,-3129.6],[1324.8,-3110.4],[1286.3999999999999,-3110.4],[1286.3999999999999,-3129.6],[1209.6,-3129.6],[1209.6,-3110.4],[1152,-3110.4],[1152,-3091.2],[806.4,-3091.2],[806.4,-3110.4],[748.8,-3110.4],[748.8,-3129.6],[614.4,-3129.6],[614.4,-3148.7999999999997],[518.4,-3148.7999999999997],[518.4,-3187.2],[499.2,-3187.2],[499.2,-3264],[518.4,-3264],[518.4,-3590.4],[499.2,-3590.4],[499.2,-4032]]]]}},{"type":"Feature","properties":{"kind":"district","id":106,"name":"Valley District"},"geometry":{"type":"MultiPolygon","coordinates":[[[[-2361.6,-3763.2],[-2188.7999999999997,-3763.2],[-2188.7999999999997,-3744],[-1920,-3744],[-1920,-3360],[-1939.1999999999998,-3360],[-1939.1999999999998,-3244.7999999999997],[-1977.6,-3244.7999999999997],[-1977.6,-3206.4],[-1996.8,-3206.4],[-1996.8,-3148.7999999999997],[-2092.7999999999997,-3148.7999999999997],[-2092.7999999999997,-3129.6],[-2342.4,-3129.6],[-2342.4,-3110.4],[-2380.7999999999997,-3110.4],[-2380.7999999999997,-3091.2],[-2419.2,-3091.2],[-2419.2,-3072],[-2438.4,-3072],[-2438.4,-3052.7999999999997],[-2457.6,-3052.7999999999997],[-2457.6,-3033.6],[-2476.7999999999997,-3033.6],[-2476.7999999999997,-2995.2],[-2496,-2995.2],[-2496,-2976],[-2553.6,-2976],[-2553.6,-2995.2],[-2611.2,-2995.2],[-2611.2,-3014.4],[-2726.4,-3014.4],[-2726.4,-3033.6],[-2803.2,-3033.6],[-2803.2,-3014.4],[-2822.4,-3014.4],[-2822.4,-2995.2],[-2841.6,-2995.2],[-2841.6,-2956.7999999999997],[-2860.7999999999997,-2956.7999999999997],[-2860.7999999999997,-2937.6],[-2880,-2937.6],[-2880,-2899.2],[-2899.2,-2899.2],[-2899.2,-2841.6],[-2918.4,-2841.6],[-2918.4,-2822.4],[-2937.6,-2822.4],[-2937.6,-2784],[-2956.7999999999997,-2784],[-2956.7999999999997,-2764.7999999999997],[-2995.2,-2764.7999999999997],[-2995.2,-2745.6],[-3014.4,-2745.6],[-3014.4,-2764.7999999999997],[-3052.7999999999997,-2764.7999999999997],[-3052.7999999999997,-2784],[-3072,-2784],[-3072,-2803.2],[-3110.4,-2803.2],[-3110.4,-2822.4],[-3148.7999999999997,-2822.4],[-3148.7999999999997,-2841.6],[-3168,-2841.6],[-3168,-2860.7999999999997],[-3187.2,-2860.7999999999997],[-3187.2,-2880],[-3225.6,-2880],[-3225.6,-2899.2],[-3264,-2899.2],[-3264,-2918.4],[-3283.2,-2918.4],[-3283.2,-2937.6],[-3302.4,-2937.6],[-3302.4,-2956.7999999999997],[-3340.7999999999997,-2956.7999999999997],[-3340.7999999999997,-2976],[-3379.2,-2976],[-3379.2,-2995.2],[-3398.4,-2995.2],[-3398.4,-2976],[-3436.7999999999997,-2976],[-3436.7999999999997,-2956.7999999999997],[-3456,-2956.7999999999997],[-3456,-2937.6],[-3475.2,-2937.6],[-3475.2,-2918.4],[-3494.4,-2918.4],[-3494.4,-2899.2],[-3513.6,-2899.2],[-3513.6,-2880],[-3552,-2880],[-3552,-2860.7999999999997],[-3571.2,-2860.7999999999997],[-3571.2,-2880],[-3609.6,-2880],[-3609.6,-2918.4],[-3628.7999999999997,-2918.4],[-3628.7999999999997,-2937.6],[-3667.2,-2937.6],[-3667.2,-2976],[-3648,-2976],[-3648,-2995.2],[-3628.7999999999997,-2995.2],[-3628.7999999999997,-3014.4],[-3609.6,-3014.4],[-3609.6,-3033.6],[-3590.4,-3033.6],[-3590.4,-3052.7999999999997],[-3571.2,-3052.7999999999997],[-3571.2,-3072],[-3552,-3072],[-3552,-3091.2],[-3532.7999999999997,-3091.2],[-3532.7999999999997,-3110.4],[-3513.6,-3110.4],[-3513.6,-3129.6],[-3494.4,-3129.6],[-3494.4,-3168],[-3475.2,-3168],[-3475.2,-3206.4],[-3456,-3206.4],[-3456,-3244.7999999999997],[-3436.7999999999997,-3244.7999999999997],[-3436.7999999999997,-3264],[-3417.6,-3264],[-3417.6,-3283.2],[-3398.4,-3283.2],[-3398.4,-3321.6],[-3379.2,-3321.6],[-3379.2,-3340.7999999999997],[-3360,-3340.7999999999997],[-3360,-3360],[-3340.7999999999997,-3360],[-3340.7999999999997,-3379.2],[-3321.6,-3379.2],[-3321.6,-3398.4],[-3302.4,-3398.4],[-3302.4,-3417.6],[-3283.2,-3417.6],[-3283.2,-3436.7999999999997],[-3264,-3436.7999999999997],[-3264,-3456],[-3225.6,-3456],[-3225.6,-3475.2],[-3206.4,-3475.2],[-3206.4,-3494.4],[-3187.2,-3494.4],[-3187.2,-3513.6],[-3168,-3513.6],[-3168,-3532.7999999999997],[-3148.7999999999997,-3532.7999999999997],[-3148.7999999999997,-3552],[-3110.4,-3552],[-3110.4,-3571.2],[-3091.2,-3571.2],[-3091.2,-3590.4],[-3052.7999999999997,-3590.4],[-3052.7999999999997,-3609.6],[-3033.6,-3609.6],[-3033.6,-3628.7999999999997],[-2995.2,-3628.7999999999997],[-2995.2,-3648],[-2937.6,-3648],[-2937.6,-3667.2],[-2880,-3667.2],[-2880,-3686.3999999999996],[-2822.4,-3686.3999999999996],[-2822.4,-3705.6],[-2764.7999999999997,-3705.6],[-2764.7999999999997,-3724.7999999999997],[-2707.2,-3724.7999999999997],[-2707.2,-3705.6],[-2592,-3705.6],[-2592,-3686.3999999999996],[-2553.6,-3686.3999999999996],[-2553.6,-3705.6],[-2496,-3705.6],[-2496,-3724.7999999999997],[-2438.4,-3724.7999999999997],[-2438.4,-3744],[-2361.6,-3744],[-2361.6,-3763.2]]]]}},{"type":"Feature","properties":{"kind":"district","id":107,"name":"Oak District"},"geometry":{"type":"MultiPolygon","coordinates":[[[[3705.6,-2630.4],[3724.7999999999997,-2630.4],[3724.7999999999997,-2611.2],[3744,-2611.2],[3744,-2592],[3763.2,-2592],[3763.2,-2572.7999999999997],[3782.3999999999996,-2572.7999999999997],[3782.3999999999996,-2534.4],[3801.6,-2534.4],[3801.6,-2515.2],[3820.7999999999997,-2515.2],[3820.7999999999997,-2496],[3840,-2496],[3840,-2476.7999999999997],[3859.2,-2476.7999999999997],[3859.2,-2438.4],[3878.3999999999996,-2438.4],[3878.3999999999996,-2419.2],[3897.6,-2419.2],[3897.6,-2400],[3916.7999999999997,-2400],[3916.7999999999997,-2380.7999999999997],[3936,-2380.7999999999997],[3936,-2342.4],[3974.3999999999996,-2342.4],[3974.3999999999996,-2323.2],[3993.6,-2323.2],[3993.6,-2304],[4012.7999999999997,-2304],[4012.7999999999997,-2246.4],[4032,-2246.4],[4032,-2227.2],[4051.2,-2227.2],[4051.2,-2208],[4070.3999999999996,-2208],[4070.3999999999996,-2188.7999999999997],[4089.6,-2188.7999999999997],[4089.6,-2150.4],[4108.8,-2150.4],[4108.8,-2131.2],[4128,-2131.2],[4128,-2112],[4147.2,-2112],[4147.2,-2073.6],[4166.4,-2073.6],[4166.4,-2054.4],[4185.599999999999,-2054.4],[4185.599999999999,-2016],[4204.8,-2016],[4204.8,-1996.8],[4224,-1996.8],[4224,-1977.6],[4243.2,-1977.6],[4243.2,-1939.1999999999998],[4262.4,-1939.1999999999998],[4262.4,-1862.3999999999999],[4243.2,-1862.3999999999999],[4243.2,-1824],[4224,-1824],[4224,-1766.3999999999999],[4204.8,-1766.3999999999999],[4204.8,-1747.2],[4185.599999999999,-1747.2],[4185.599999999999,-1728],[4147.2,-1728],[4147.2,-1708.8],[4108.8,-1708.8],[4108.8,-1689.6],[4070.3999999999996,-1689.6],[4070.3999999999996,-1670.3999999999999],[4051.2,-1670.3999999999999],[4051.2,-1632],[4012.7999999999997,-1632],[4012.7999999999997,-1612.8],[3993.6,-1612.8],[3993.6,-1632],[3974.3999999999996,-1632],[3974.3999999999996,-1651.2],[3955.2,-1651.2],[3955.2,-1670.3999999999999],[3936,-1670.3999999999999],[3936,-1689.6],[3916.7999999999997,-1689.6],[3916.7999999999997,-1708.8],[3859.2,-1708.8],[3859.2,-1689.6],[3801.6,-1689.6],[3801.6,-1670.3999999999999],[3763.2,-1670.3999999999999],[3763.2,-1651.2],[3744,-1651.2],[3744,-1612.8],[3724.7999999999997,-1612.8],[3724.7999999999997,-1536],[3744,-1536],[3744,-1516.8],[3801.6,-1516.8],[3801.6,-1497.6],[3782.3999999999996,-1497.6],[3782.3999999999996,-1478.3999999999999],[3763.2,-1478.3999999999999],[3763.2,-1440],[3744,-1440],[3744,-1401.6],[3724.7999999999997,-1401.6],[3724.7999999999997,-1382.3999999999999],[3705.6,-1382.3999999999999],[3705.6,-1344],[3686.3999999999996,-1344],[3686.3999999999996,-1324.8],[3667.2,-1324.8],[3667.2,-1305.6],[3648,-1305.6],[3648,-1286.3999999999999],[3628.7999999999997,-1286.3999999999999],[3628.7999999999997,-1248],[3609.6,-1248],[3609.6,-1209.6],[3590.4,-1209.6],[3590.4,-1190.3999999999999],[3571.2,-1190.3999999999999],[3571.2,-1171.2],[3552,-1171.2],[3552,-1152],[3513.6,-1152],[3513.6,-1132.8],[3417.6,-1132.8],[3417.6,-1113.6],[3360,-1113.6],[3360,-1094.3999999999999],[3264,-1094.3999999999999],[3264,-1075.2],[3187.2,-1075.2],[3187.2,-1056],[3168,-1056],[3168,-960],[3187.2,-960],[3187.2,-940.8],[3206.4,-940.8],[3206.4,-921.5999999999999],[3225.6,-921.5999999999999],[3225.6,-883.1999999999999],[3129.6,-883.1999999999999],[3129.6,-864],[3110.4,-864],[3110.4,-844.8],[3091.2,-844.8],[3091.2,-768],[3110.4,-768],[3110.4,-729.6],[3014.4,-729.6],[3014.4,-710.4],[2995.2,-710.4],[2995.2,-691.1999999999999],[2976,-691.1999999999999],[2976,-672],[2956.7999999999997,-672],[2956.7999999999997,-652.8],[2937.6,-652.8],[2937.6,-633.6],[2918.4,-633.6],[2918.4,-614.4],[2899.2,-614.4],[2899.2,-576],[2918.4,-576],[2918.4,-556.8],[2995.2,-556.8],[2995.2,-576],[3014.4,-576],[3014.4,-537.6],[2995.2,-537.6],[2995.2,-518.4],[2976,-518.4],[2976,-499.2],[2937.6,-499.2],[2937.6,-460.79999999999995],[2899.2,-460.79999999999995],[2899.2,-441.59999999999997],[2803.2,-441.59999999999997],[2803.2,-460.79999999999995],[2764.7999999999997,-460.79999999999995],[2764.7999999999997,-441.59999999999997],[2515.2,-441.59999999999997],[2515.2,-422.4],[2380.7999999999997,-422.4],[2380.7999999999997,-403.2],[2342.4,-403.2],[2342.4,-384],[2304,-384],[2304,-364.8],[2246.4,-364.8],[2246.4,-384],[2227.2,-384],[2227.2,-441.59999999999997],[2208,-441.59999999999997],[2208,-499.2],[2188.7999999999997,-499.2],[2188.7999999999997,-537.6],[2169.6,-537.6],[2169.6,-595.1999999999999],[2150.4,-595.1999999999999],[2150.4,-652.8],[2131.2,-652.8],[2131.2,-710.4],[2112,-710.4],[2112,-748.8],[2092.7999999999997,-748.8],[2092.7999999999997,-806.4],[2073.6,-806.4],[2073.6,-844.8],[2054.4,-844.8],[2054.4,-921.5999999999999],[2035.1999999999998,-921.5999999999999],[2035.1999999999998,-979.1999999999999],[2016,-979.1999999999999],[2016,-1036.8],[1996.8,-1036.8],[1996.8,-1094.3999999999999],[1977.6,-1094.3999999999999],[1977.6,-1152],[1958.3999999999999,-1152],[1958.3999999999999,-1209.6],[1939.1999999999998,-1209.6],[1939.1999999999998,-1248],[1920,-1248],[1920,-1305.6],[1900.8,-1305.6],[1900.8,-1344],[1881.6,-1344],[1881.6,-1363.2],[1900.8,-1363.2],[1900.8,-1382.3999999999999],[1958.3999999999999,-1382.3999999999999],[1958.3999999999999,-1401.6],[2016,-1401.6],[2016,-1420.8],[2054.4,-1420.8],[2054.4,-1440],[2092.7999999999997,-1440],[2092.7999999999997,-1459.2],[2131.2,-1459.2],[2131.2,-1478.3999999999999],[2169.6,-1478.3999999999999],[2169.6,-1497.6],[2188.7999999999997,-1497.6],[2188.7999999999997,-1516.8],[2227.2,-1516.8],[2227.2,-1536],[2246.4,-1536],[2246.4,-1555.2],[2284.7999999999997,-1555.2],[2284.7999999999997,-1574.3999999999999],[2323.2,-1574.3999999999999],[2323.2,-1593.6],[2342.4,-1593.6],[2342.4,-1612.8],[2380.7999999999997,-1612.8],[2380.7999999999997,-1632],[2400,-1632],[2400,-1651.2],[2438.4,-1651.2],[2438.4,-1670.3999999999999],[2457.6,-1670.3999999999999],[2457.6,-1689.6],[2496,-1689.6],[2496,-1708.8],[2515.2,-1708.8],[2515.2,-1728],[2553.6,-1728],[2553.6,-1747.2],[2572.7999999999997,-1747.2],[2572.7999999999997,-1766.3999999999999],[2611.2,-1766.3999999999999],[2611.2,-1785.6],[2630.4,-1785.6],[2630.4,-1804.8],[2668.7999999999997,-1804.8],[2668.7999999999997,-1824],[2688,-1824],[2688,-1843.1999999999998],[2726.4,-1843.1999999999998],[2726.4,-1862.3999999999999],[2745.6,-1862.3999999999999],[2745.6,-1881.6],[2784,-1881.6],[2784,-1900.8],[2803.2,-1900.8],[2803.2,-1920],[2822.4,-1920],[2822.4,-1939.1999999999998],[2860.7999999999997,-1939.1999999999998],[2860.7999999999997,-1958.3999999999999],[2880,-1958.3999999999999],[2880,-1977.6],[2918.4,-1977.6],[2918.4,-1996.8],[2937.6,-1996.8],[2937.6,-2016],[2956.7999999999997,-2016],[2956.7999999999997,-2035.1999999999998],[2995.2,-2035.1999999999998],[2995.2,-2054.4],[3014.4,-2054.4],[3014.4,-2073.6],[3033.6,-2073.6],[3033.6,-2092.7999999999997],[3072,-2092.7999999999997],[3072,-2112],[3091.2,-2112],[3091.2,-2131.2],[3110.4,-2131.2],[3110.4,-2150.4],[3148.7999999999997,-2150.4],[3148.7999999999997,-2169.6],[3168,-2169.6],[3168,-2188.7999999999997],[3187.2,-2188.7999999999997],[3187.2,-2208],[3225.6,-2208],[3225.6,-2227.2],[3244.7999999999997,-2227.2],[3244.7999999999997,-2246.4],[3264,-2246.4],[3264,-2265.6],[3283.2,-2265.6],[3283.2,-2284.7999999999997],[3321.6,-2284.7999999999997],[3321.6,-2304],[3340.7999999999997,-2304],[3340.7999999999997,-2323.2],[3360,-2323.2],[3360,-2342.4],[3379.2,-2342.4],[3379.2,-2361.6],[3417.6,-2361.6],[3417.6,-2380.7999999999997],[3436.7999999999997,-2380.7999999999997],[3436.7999999999997,-2400],[3456,-2400],[3456,-2419.2],[3494.4,-2419.2],[3494.4,-2438.4],[3513.6,-2438.4],[3513.6,-2457.6],[3532.7999999999997,-2457.6],[3532.7999999999997,-2476.7999999999997],[3552,-2476.7999999999997],[3552,-2496],[3571.2,-2496],[3571.2,-2515.2],[3609.6,-2515.2],[3609.6,-2534.4],[3628.7999999999997,-2534.4],[3628.7999999999997,-2553.6],[3648,-2553.6],[3648,-2572.7999999999997],[3667.2,-2572.7999999999997],[3667.2,-2592],[3705.6,-2592],[3705.6,-2630.4]]]]}},{"type":"Feature","properties":{"kind":"district","id":108,"name":"Underhill District"},"geometry":{"type":"MultiPolygon","coordinates":[[[[-1344,-3571.2],[-1132.8,-3571.2],[-1132.8,-3225.6],[-1152,-3225.6],[-1152,-3206.4],[-1171.2,-3206.4],[-1171.2,-3225.6],[-1190.3999999999999,-3225.6],[-1190.3999999999999,-3206.4],[-1785.6,-3206.4],[-1785.6,-3187.2],[-1824,-3187.2],[-1824,-3206.4],[-1900.8,-3206.4],[-1900.8,-3225.6],[-1920,-3225.6],[-1920,-3244.7999999999997],[-1939.1999999999998,-3244.7999999999997],[-1939.1999999999998,-3360],[-1920,-3360],[-1920,-3456],[-1708.8,-3456],[-1708.8,-3475.2],[-1632,-3475.2],[-1632,-3494.4],[-1574.3999999999999,-3494.4],[-1574.3999999999999,-3513.6],[-1497.6,-3513.6],[-1497.6,-3532.7999999999997],[-1440,-3532.7999999999997],[-1440,-3552],[-1344,-3552],[-1344,-3571.2]]]]}},{"type":"Feature","properties":{"kind":"district","id":109,"name":"Chestnut Park"},"geometry":{"type":"MultiPolygon","coordinates":[[[[-1248,-3820.7999999999997],[-1209.6,-3820.7999999999997],[-1209.6,-3763.2],[-1190.3999999999999,-3763.2],[-1190.3999999999999,-3705.6],[-1171.2,-3705.6],[-1171.2,-3648],[-1152,-3648],[-1152,-3590.4],[-1132.8,-3590.4],[-1132.8,-3571.2],[-1344,-3571.2],[-1344,-3552],[-1440,-3552],[-1440,-3532.7999999999997],[-1497.6,-3532.7999999999997],[-1497.6,-3513.6],[-1574.3999999999999,-3513.6],[-1574.3999999999999,-3494.4],[-1632,-3494.4],[-1632,-3475.2],[-1708.8,-3475.2],[-1708.8,-3456],[-1920,-3456],[-1920,-3744],[-1747.2,-3744],[-1747.2,-3763.2],[-1651.2,-3763.2],[-1651.2,-3782.3999999999996],[-1324.8,-3782.3999999999996],[-1324.8,-3801.6],[-1248,-3801.6],[-1248,-3820.7999999999997]]]]}},{"type":"Feature","properties":{"kind":"district","id":110,"name":"Crescent Hills"},"geometry":{"type":"MultiPolygon","coordinates":[[[[-2764.7999999999997,787.1999999999999],[-2611.2,787.1999999999999],[-2611.2,806.4],[-2553.6,806.4],[-2553.6,825.6],[-2534.4,825.6],[-2534.4,844.8],[-2496,844.8],[-2496,864],[-2476.7999999999997,864],[-2476.7999999999997,883.1999999999999],[-2457.6,883.1999999999999],[-2457.6,902.4],[-2419.2,902.4],[-2419.2,921.5999999999999],[-2400,921.5999999999999],[-2400,940.8],[-2361.6,940.8],[-2361.6,960],[-2342.4,960],[-2342.4,979.1999999999999],[-2304,979.1999999999999],[-2304,998.4],[-2284.7999999999997,998.4],[-2284.7999999999997,1017.5999999999999],[-2246.4,1017.5999999999999],[-2246.4,1036.8],[-2227.2,1036.8],[-2227.2,1056],[-2208,1056],[-2208,1075.2],[-2169.6,1075.2],[-2169.6,1094.3999999999999],[-2150.4,1094.3999999999999],[-2150.4,1113.6],[-2131.2,1113.6],[-2131.2,1132.8],[-2112,1132.8],[-2112,1152],[-2073.6,1152],[-2073.6,1171.2],[-2054.4,1171.2],[-2054.4,1190.3999999999999],[-2035.1999999999998,1190.3999999999999],[-2035.1999999999998,1209.6],[-2016,1209.6],[-2016,1228.8],[-1996.8,1228.8],[-1996.8,1248],[-1977.6,1248],[-1977.6,1267.2],[-1958.3999999999999,1267.2],[-1958.3999999999999,1286.3999999999999],[-1939.1999999999998,1286.3999999999999],[-1939.1999999999998,1305.6],[-1920,1305.6],[-1920,1344],[-1900.8,1344],[-1900.8,1382.3999999999999],[-1881.6,1382.3999999999999],[-1881.6,1401.6],[-1862.3999999999999,1401.6],[-1862.3999999999999,1420.8],[-1843.1999999999998,1420.8],[-1843.1999999999998,1440],[-1824,1440],[-1824,1459.2],[-1804.8,1459.2],[-1804.8,1478.3999999999999],[-1785.6,1478.3999999999999],[-1785.6,1497.6],[-1766.3999999999999,1497.6],[-1766.3999999999999,1516.8],[-1728,1516.8],[-1728,1536],[-1708.8,1536],[-1708.8,1555.2],[-1689.6,1555.2],[-1689.6,1574.3999999999999],[-1612.8,1574.3999999999999],[-1612.8,1555.2],[-1574.3999999999999,1555.2],[-1574.3999999999999,1536],[-1536,1536],[-1536,1516.8],[-1497.6,1516.8],[-1497.6,1497.6],[-1459.2,1497.6],[-1459.2,1478.3999999999999],[-1420.8,1478.3999999999999],[-1420.8,1459.2],[-1382.3999999999999,1459.2],[-1382.3999999999999,1440],[-1344,1440],[-1344,1420.8],[-1305.6,1420.8],[-1305.6,1401.6],[-1248,1401.6],[-1248,1382.3999999999999],[-1228.8,1382.3999999999999],[-1228.8,1363.2],[-1190.3999999999999,1363.2],[-1190.3999999999999,1344],[-1171.2,1344],[-1171.2,1324.8],[-1152,1324.8],[-1152,1305.6],[-1132.8,1305.6],[-1132.8,1286.3999999999999],[-1094.3999999999999,1286.3999999999999],[-1094.3999999999999,1267.2],[-1056,1267.2],[-1056,1248],[-1036.8,1248],[-1036.8,1228.8],[-998.4,1228.8],[-998.4,1209.6],[-940.8,1209.6],[-940.8,1190.3999999999999],[-902.4,1190.3999999999999],[-902.4,1171.2],[-864,1171.2],[-864,1152],[-844.8,1152],[-844.8,1132.8],[-825.6,1132.8],[-825.6,1113.6],[-787.1999999999999,1113.6],[-787.1999999999999,1094.3999999999999],[-691.1999999999999,1094.3999999999999],[-691.1999999999999,1075.2],[-556.8,1075.2],[-556.8,1056],[268.8,1056],[268.8,1075.2],[595.1999999999999,1075.2],[595.1999999999999,1056],[748.8,1056],[748.8,1075.2],[806.4,1075.2],[806.4,1094.3999999999999],[864,1094.3999999999999],[864,1113.6],[902.4,1113.6],[902.4,1152],[921.5999999999999,1152],[921.5999999999999,1171.2],[940.8,1171.2],[940.8,1420.8],[1209.6,1420.8],[1209.6,1440],[1344,1440],[1344,1420.8],[1401.6,1420.8],[1401.6,1401.6],[1420.8,1401.6],[1420.8,1382.3999999999999],[1440,1382.3999999999999],[1440,1363.2],[1459.2,1363.2],[1459.2,1344],[1478.3999999999999,1344],[1478.3999999999999,1324.8],[1497.6,1324.8],[1497.6,1305.6],[1536,1305.6],[1536,1286.3999999999999],[1574.3999999999999,1286.3999999999999],[1574.3999999999999,1267.2],[1632,1267.2],[1632,1248],[1651.2,1248],[1651.2,1228.8],[1708.8,1228.8],[1708.8,1209.6],[1747.2,1209.6],[1747.2,1190.3999999999999],[1766.3999999999999,1190.3999999999999],[1766.3999999999999,1171.2],[1785.6,1171.2],[1785.6,1152],[1804.8,1152],[1804.8,1132.8],[1824,1132.8],[1824,1094.3999999999999],[1804.8,1094.3999999999999],[1804.8,1056],[1785.6,1056],[1785.6,940.8],[1804.8,940.8],[1804.8,902.4],[1824,902.4],[1824,883.1999999999999],[1843.1999999999998,883.1999999999999],[1843.1999999999998,864],[1881.6,864],[1881.6,844.8],[1958.3999999999999,844.8],[1958.3999999999999,864],[2016,864],[2016,883.1999999999999],[2035.1999999999998,883.1999999999999],[2035.1999999999998,902.4],[2054.4,902.4],[2054.4,940.8],[2073.6,940.8],[2073.6,998.4],[2092.7999999999997,998.4],[2092.7999999999997,1017.5999999999999],[2323.2,1017.5999999999999],[2323.2,998.4],[2457.6,998.4],[2457.6,1017.5999999999999],[2476.7999999999997,1017.5999999999999],[2476.7999999999997,1036.8],[2496,1036.8],[2496,1056],[2515.2,1056],[2515.2,1113.6],[2534.4,1113.6],[2534.4,1132.8],[2553.6,1132.8],[2553.6,2073.6],[2515.2,2073.6],[2515.2,2092.7999999999997],[2496,2092.7999999999997],[2496,2112],[2476.7999999999997,2112],[2476.7999999999997,2131.2],[2188.7999999999997,2131.2],[2188.7999999999997,2112],[2092.7999999999997,2112],[2092.7999999999997,2092.7999999999997],[2016,2092.7999999999997],[2016,2073.6],[1958.3999999999999,2073.6],[1958.3999999999999,2054.4],[1920,2054.4],[1920,2035.1999999999998],[1900.8,2035.1999999999998],[1900.8,2016],[1862.3999999999999,2016],[1862.3999999999999,2054.4],[1843.1999999999998,2054.4],[1843.1999999999998,2073.6],[1824,2073.6],[1824,2092.7999999999997],[1804.8,2092.7999999999997],[1804.8,2112],[1785.6,2112],[1785.6,2131.2],[1747.2,2131.2],[1747.2,2150.4],[1632,2150.4],[1632,2131.2],[1516.8,2131.2],[1516.8,2150.4],[1478.3999999999999,2150.4],[1478.3999999999999,2169.6],[1459.2,2169.6],[1459.2,2188.7999999999997],[1420.8,2188.7999999999997],[1420.8,2208],[1401.6,2208],[1401.6,2227.2],[1382.3999999999999,2227.2],[1382.3999999999999,2246.4],[1363.2,2246.4],[1363.2,2265.6],[1324.8,2265.6],[1324.8,2284.7999999999997],[1305.6,2284.7999999999997],[1305.6,2304],[1267.2,2304],[1267.2,2323.2],[1248,2323.2],[1248,2342.4],[1228.8,2342.4],[1228.8,2361.6],[1209.6,2361.6],[1209.6,2400],[1190.3999999999999,2400],[1190.3999999999999,2419.2],[1171.2,2419.2],[1171.2,2457.6],[1152,2457.6],[1152,2496],[1132.8,2496],[1132.8,2515.2],[1113.6,2515.2],[1113.6,2553.6],[1094.3999999999999,2553.6],[1094.3999999999999,2611.2],[1075.2,2611.2],[1075.2,2668.7999999999997],[1056,2668.7999999999997],[1056,2803.2],[1075.2,2803.2],[1075.2,2822.4],[998.4,2822.4],[998.4,2803.2],[979.1999999999999,2803.2],[979.1999999999999,2784],[960,2784],[960,2764.7999999999997],[940.8,2764.7999999999997],[940.8,2745.6],[921.5999999999999,2745.6],[921.5999999999999,2726.4],[883.1999999999999,2726.4],[883.1999999999999,2707.2],[864,2707.2],[864,2688],[844.8,2688],[844.8,2668.7999999999997],[825.6,2668.7999999999997],[825.6,2630.4],[806.4,2630.4],[806.4,2611.2],[787.1999999999999,2611.2],[787.1999999999999,2592],[768,2592],[768,2572.7999999999997],[748.8,2572.7999999999997],[748.8,2553.6],[729.6,2553.6],[729.6,2534.4],[595.1999999999999,2534.4],[595.1999999999999,2553.6],[556.8,2553.6],[556.8,2572.7999999999997],[518.4,2572.7999999999997],[518.4,2592],[499.2,2592],[499.2,2611.2],[460.79999999999995,2611.2],[460.79999999999995,2630.4],[441.59999999999997,2630.4],[441.59999999999997,2649.6],[403.2,2649.6],[403.2,2668.7999999999997],[384,2668.7999999999997],[384,2688],[364.8,2688],[364.8,2707.2],[345.59999999999997,2707.2],[345.59999999999997,2726.4],[326.4,2726.4],[326.4,2745.6],[288,2745.6],[288,2764.7999999999997],[268.8,2764.7999999999997],[268.8,2784],[249.6,2784],[249.6,2803.2],[230.39999999999998,2803.2],[230.39999999999998,2822.4],[211.2,2822.4],[211.2,2841.6],[192,2841.6],[192,2860.7999999999997],[153.6,2860.7999999999997],[153.6,2880],[134.4,2880],[134.4,2899.2],[-1939.1999999999998,2899.2],[-1939.1999999999998,2860.7999999999997],[-1958.3999999999999,2860.7999999999997],[-1958.3999999999999,2841.6],[-1977.6,2841.6],[-1977.6,2803.2],[-1996.8,2803.2],[-1996.8,2784],[-2016,2784],[-2016,2764.7999999999997],[-2035.1999999999998,2764.7999999999997],[-2035.1999999999998,2726.4],[-2054.4,2726.4],[-2054.4,2688],[-2073.6,2688],[-2073.6,2649.6],[-2092.7999999999997,2649.6],[-2092.7999999999997,2630.4],[-2112,2630.4],[-2112,2611.2],[-2131.2,2611.2],[-2131.2,2592],[-2150.4,2592],[-2150.4,2572.7999999999997],[-2169.6,2572.7999999999997],[-2169.6,2553.6],[-2188.7999999999997,2553.6],[-2188.7999999999997,2515.2],[-2208,2515.2],[-2208,2476.7999999999997],[-2227.2,2476.7999999999997],[-2227.2,2438.4],[-2246.4,2438.4],[-2246.4,2419.2],[-2265.6,2419.2],[-2265.6,2400],[-2304,2400],[-2304,2380.7999999999997],[-2323.2,2380.7999999999997],[-2323.2,2361.6],[-2342.4,2361.6],[-2342.4,2342.4],[-2380.7999999999997,2342.4],[-2380.7999999999997,2323.2],[-2400,2323.2],[-2400,2304],[-2438.4,2304],[-2438.4,2284.7999999999997],[-2476.7999999999997,2284.7999999999997],[-2476.7999999999997,2265.6],[-2515.2,2265.6],[-2515.2,2246.4],[-2553.6,2246.4],[-2553.6,2227.2],[-2592,2227.2],[-2592,2208],[-3072,2208],[-3072,2227.2],[-3187.2,2227.2],[-3187.2,2208],[-3206.4,2208],[-3206.4,2188.7999999999997],[-3225.6,2188.7999999999997],[-3225.6,2150.4],[-3244.7999999999997,2150.4],[-3244.7999999999997,1977.6],[-3225.6,1977.6],[-3225.6,1920],[-3206.4,1920],[-3206.4,1843.1999999999998],[-3187.2,1843.1999999999998],[-3187.2,1785.6],[-3168,1785.6],[-3168,1747.2],[-3148.7999999999997,1747.2],[-3148.7999999999997,1708.8],[-3129.6,1708.8],[-3129.6,1689.6],[-3091.2,1689.6],[-3091.2,1670.3999999999999],[-3072,1670.3999999999999],[-3072,1651.2],[-3033.6,1651.2],[-3033.6,1632],[-3014.4,1632],[-3014.4,1593.6],[-2995.2,1593.6],[-2995.2,1574.3999999999999],[-2956.7999999999997,1574.3999999999999],[-2956.7999999999997,1536],[-2937.6,1536],[-2937.6,1516.8],[-2899.2,1516.8],[-2899.2,1497.6],[-2860.7999999999997,1497.6],[-2860.7999999999997,1420.8],[-2880,1420.8],[-2880,1324.8],[-2899.2,1324.8],[-2899.2,979.1999999999999],[-2880,979.1999999999999],[-2880,902.4],[-2860.7999999999997,902.4],[-2860.7999999999997,883.1999999999999],[-2841.6,883.1999999999999],[-2841.6,844.8],[-2822.4,844.8],[-2822.4,825.6],[-2803.2,825.6],[-2803.2,806.4],[-2764.7999999999997,806.4],[-2764.7999999999997,787.1999999999999]]]]}},{"type":"Feature","properties":{"kind":"district","id":111,"name":"Applegate Square"},"geometry":{"type":"MultiPolygon","coordinates":[[[[-1152,-1171.2],[-960,-1171.2],[-960,-1113.6],[-979.1999999999999,-1113.6],[-979.1999999999999,-1056],[-998.4,-1056],[-998.4,-998.4],[-1017.5999999999999,-998.4],[-1017.5999999999999,-960],[-979.1999999999999,-960],[-979.1999999999999,-940.8],[-940.8,-940.8],[-940.8,-921.5999999999999],[-921.5999999999999,-921.5999999999999],[-921.5999999999999,-902.4],[-883.1999999999999,-902.4],[-883.1999999999999,-883.1999999999999],[-902.4,-883.1999999999999],[-902.4,-864],[-921.5999999999999,-864],[-921.5999999999999,-825.6],[-902.4,-825.6],[-902.4,-806.4],[-883.1999999999999,-806.4],[-883.1999999999999,-768],[-902.4,-768],[-902.4,-729.6],[-921.5999999999999,-729.6],[-921.5999999999999,-691.1999999999999],[-902.4,-691.1999999999999],[-902.4,-652.8],[-940.8,-652.8],[-940.8,-576],[-960,-576],[-960,-556.8],[-979.1999999999999,-556.8],[-979.1999999999999,-537.6],[-998.4,-537.6],[-998.4,-518.4],[-1017.5999999999999,-518.4],[-1017.5999999999999,-499.2],[-1036.8,-499.2],[-1036.8,-441.59999999999997],[-1017.5999999999999,-441.59999999999997],[-1017.5999999999999,-422.4],[-998.4,-422.4],[-998.4,-403.2],[-979.1999999999999,-403.2],[-979.1999999999999,-364.8],[-940.8,-364.8],[-940.8,-326.4],[-921.5999999999999,-326.4],[-921.5999999999999,-307.2],[-902.4,-307.2],[-902.4,-288],[-883.1999999999999,-288],[-883.1999999999999,-230.39999999999998],[-902.4,-230.39999999999998],[-902.4,-192],[-940.8,-192],[-940.8,-172.79999999999998],[-1401.6,-172.79999999999998],[-1401.6,-153.6],[-1459.2,-153.6],[-1459.2,-172.79999999999998],[-1804.8,-172.79999999999998],[-1804.8,-153.6],[-1920,-153.6],[-1920,-172.79999999999998],[-2035.1999999999998,-172.79999999999998],[-2035.1999999999998,-192],[-2073.6,-192],[-2073.6,-211.2],[-2112,-211.2],[-2112,-230.39999999999998],[-2131.2,-230.39999999999998],[-2131.2,-249.6],[-2150.4,-249.6],[-2150.4,-268.8],[-2169.6,-268.8],[-2169.6,-288],[-2188.7999999999997,-288],[-2188.7999999999997,-345.59999999999997],[-2208,-345.59999999999997],[-2208,-403.2],[-2227.2,-403.2],[-2227.2,-441.59999999999997],[-2246.4,-441.59999999999997],[-2246.4,-480],[-2265.6,-480],[-2265.6,-518.4],[-2284.7999999999997,-518.4],[-2284.7999999999997,-537.6],[-2304,-537.6],[-2304,-556.8],[-2323.2,-556.8],[-2323.2,-595.1999999999999],[-2342.4,-595.1999999999999],[-2342.4,-633.6],[-2361.6,-633.6],[-2361.6,-672],[-2380.7999999999997,-672],[-2380.7999999999997,-787.1999999999999],[-2361.6,-787.1999999999999],[-2361.6,-806.4],[-2342.4,-806.4],[-2342.4,-825.6],[-2304,-825.6],[-2304,-844.8],[-2265.6,-844.8],[-2265.6,-864],[-2227.2,-864],[-2227.2,-883.1999999999999],[-2188.7999999999997,-883.1999999999999],[-2188.7999999999997,-902.4],[-2150.4,-902.4],[-2150.4,-921.5999999999999],[-2092.7999999999997,-921.5999999999999],[-2092.7999999999997,-940.8],[-2054.4,-940.8],[-2054.4,-960],[-1996.8,-960],[-1996.8,-979.1999999999999],[-1939.1999999999998,-979.1999999999999],[-1939.1999999999998,-998.4],[-1900.8,-998.4],[-1900.8,-1017.5999999999999],[-1843.1999999999998,-1017.5999999999999],[-1843.1999999999998,-1036.8],[-1766.3999999999999,-1036.8],[-1766.3999999999999,-1056],[-1728,-1056],[-1728,-1075.2],[-1670.3999999999999,-1075.2],[-1670.3999999999999,-1094.3999999999999],[-1593.6,-1094.3999999999999],[-1593.6,-1113.6],[-1516.8,-1113.6],[-1516.8,-1132.8],[-1324.8,-1132.8],[-1324.8,-1152],[-1152,-1152],[-1152,-1171.2]]]]}},{"type":"Feature","properties":{"kind":"district","id":112,"name":"Beechwood Heights"},"geometry":{"type":"MultiPolygon","coordinates":[[[[-2208,-2630.4],[-2112,-2630.4],[-2112,-2611.2],[-2016,-2611.2],[-2016,-2592],[-1996.8,-2592],[-1996.8,-2572.7999999999997],[-2016,-2572.7999999999997],[-2016,-2457.6],[-2035.1999999999998,-2457.6],[-2035.1999999999998,-2342.4],[-2054.4,-2342.4],[-2054.4,-2246.4],[-2073.6,-2246.4],[-2073.6,-2131.2],[-2092.7999999999997,-2131.2],[-2092.7999999999997,-1900.8],[-2073.6,-1900.8],[-2073.6,-1843.1999999999998],[-2054.4,-1843.1999999999998],[-2054.4,-1804.8],[-2035.1999999999998,-1804.8],[-2035.1999999999998,-1766.3999999999999],[-2016,-1766.3999999999999],[-2016,-1747.2],[-1996.8,-1747.2],[-1996.8,-1728],[-1977.6,-1728],[-1977.6,-1708.8],[-1958.3999999999999,-1708.8],[-1958.3999999999999,-1689.6],[-1939.1999999999998,-1689.6],[-1939.1999999999998,-1670.3999999999999],[-1900.8,-1670.3999999999999],[-1900.8,-1651.2],[-1881.6,-1651.2],[-1881.6,-1632],[-1862.3999999999999,-1632],[-1862.3999999999999,-1612.8],[-1843.1999999999998,-1612.8],[-1843.1999999999998,-1593.6],[-1804.8,-1593.6],[-1804.8,-1574.3999999999999],[-1785.6,-1574.3999999999999],[-1785.6,-1555.2],[-1766.3999999999999,-1555.2],[-1766.3999999999999,-1536],[-1747.2,-1536],[-1747.2,-1516.8],[-1728,-1516.8],[-1728,-1497.6],[-1689.6,-1497.6],[-1689.6,-1440],[-1708.8,-1440],[-1708.8,-1401.6],[-1766.3999999999999,-1401.6],[-1766.3999999999999,-1382.3999999999999],[-1785.6,-1382.3999999999999],[-1785.6,-1363.2],[-1804.8,-1363.2],[-1804.8,-1344],[-1843.1999999999998,-1344],[-1843.1999999999998,-1324.8],[-1881.6,-1324.8],[-1881.6,-1305.6],[-1920,-1305.6],[-1920,-1286.3999999999999],[-1977.6,-1286.3999999999999],[-1977.6,-1267.2],[-2073.6,-1267.2],[-2073.6,-1248],[-2150.4,-1248],[-2150.4,-1228.8],[-2227.2,-1228.8],[-2227.2,-1209.6],[-2323.2,-1209.6],[-2323.2,-1190.3999999999999],[-2457.6,-1190.3999999999999],[-2457.6,-1171.2],[-2515.2,-1171.2],[-2515.2,-1190.3999999999999],[-2553.6,-1190.3999999999999],[-2553.6,-1209.6],[-2592,-1209.6],[-2592,-1228.8],[-2611.2,-1228.8],[-2611.2,-1248],[-2630.4,-1248],[-2630.4,-1267.2],[-2668.7999999999997,-1267.2],[-2668.7999999999997,-1286.3999999999999],[-2707.2,-1286.3999999999999],[-2707.2,-1305.6],[-2726.4,-1305.6],[-2726.4,-1344],[-2745.6,-1344],[-2745.6,-1363.2],[-2764.7999999999997,-1363.2],[-2764.7999999999997,-1401.6],[-2784,-1401.6],[-2784,-1420.8],[-2803.2,-1420.8],[-2803.2,-1516.8],[-2822.4,-1516.8],[-2822.4,-1555.2],[-2803.2,-1555.2],[-2803.2,-1593.6],[-2784,-1593.6],[-2784,-1632],[-2764.7999999999997,-1632],[-2764.7999999999997,-1670.3999999999999],[-2745.6,-1670.3999999999999],[-2745.6,-1708.8],[-2726.4,-1708.8],[-2726.4,-1747.2],[-2707.2,-1747.2],[-2707.2,-1785.6],[-2688,-1785.6],[-2688,-1824],[-2668.7999999999997,-1824],[-2668.7999999999997,-1862.3999999999999],[-2649.6,-1862.3999999999999],[-2649.6,-1900.8],[-2630.4,-1900.8],[-2630.4,-1939.1999999999998],[-2611.2,-1939.1999999999998],[-2611.2,-1977.6],[-2592,-1977.6],[-2592,-2016],[-2572.7999999999997,-2016],[-2572.7999999999997,-2054.4],[-2553.6,-2054.4],[-2553.6,-2092.7999999999997],[-2534.4,-2092.7999999999997],[-2534.4,-2131.2],[-2515.2,-2131.2],[-2515.2,-2169.6],[-2496,-2169.6],[-2496,-2208],[-2476.7999999999997,-2208],[-2476.7999999999997,-2246.4],[-2457.6,-2246.4],[-2457.6,-2265.6],[-2438.4,-2265.6],[-2438.4,-2284.7999999999997],[-2342.4,-2284.7999999999997],[-2342.4,-2342.4],[-2323.2,-2342.4],[-2323.2,-2457.6],[-2304,-2457.6],[-2304,-2553.6],[-2284.7999999999997,-2553.6],[-2284.7999999999997,-2572.7999999999997],[-2265.6,-2572.7999999999997],[-2265.6,-2553.6],[-2208,-2553.6],[-2208,-2630.4]]]]}},{"type":"Feature","properties":{"kind":"district","id":113,"name":"Walnut Heights"},"geometry":{"type":"MultiPolygon","coordinates":[[[[-1132.8,-2380.7999999999997],[-1094.3999999999999,-2380.7999999999997],[-1094.3999999999999,-2361.6],[-1075.2,-2361.6],[-1075.2,-2342.4],[-1056,-2342.4],[-1056,-2304],[-1036.8,-2304],[-1036.8,-2284.7999999999997],[-1017.5999999999999,-2284.7999999999997],[-1017.5999999999999,-2246.4],[-998.4,-2246.4],[-998.4,-2227.2],[-979.1999999999999,-2227.2],[-979.1999999999999,-2208],[-960,-2208],[-960,-2169.6],[-940.8,-2169.6],[-940.8,-2150.4],[-921.5999999999999,-2150.4],[-921.5999999999999,-2112],[-940.8,-2112],[-940.8,-2092.7999999999997],[-960,-2092.7999999999997],[-960,-2073.6],[-998.4,-2073.6],[-998.4,-2054.4],[-1036.8,-2054.4],[-1036.8,-2035.1999999999998],[-1056,-2035.1999999999998],[-1056,-2016],[-1075.2,-2016],[-1075.2,-1996.8],[-1113.6,-1996.8],[-1113.6,-1977.6],[-1132.8,-1977.6],[-1132.8,-1958.3999999999999],[-1171.2,-1958.3999999999999],[-1171.2,-1939.1999999999998],[-1190.3999999999999,-1939.1999999999998],[-1190.3999999999999,-1920],[-1228.8,-1920],[-1228.8,-1900.8],[-1248,-1900.8],[-1248,-1881.6],[-1267.2,-1881.6],[-1267.2,-1862.3999999999999],[-1305.6,-1862.3999999999999],[-1305.6,-1843.1999999999998],[-1324.8,-1843.1999999999998],[-1324.8,-1824],[-1363.2,-1824],[-1363.2,-1804.8],[-1382.3999999999999,-1804.8],[-1382.3999999999999,-1785.6],[-1401.6,-1785.6],[-1401.6,-1766.3999999999999],[-1440,-1766.3999999999999],[-1440,-1747.2],[-1459.2,-1747.2],[-1459.2,-1728],[-1478.3999999999999,-1728],[-1478.3999999999999,-1708.8],[-1497.6,-1708.8],[-1497.6,-1689.6],[-1516.8,-1689.6],[-1516.8,-1651.2],[-1536,-1651.2],[-1536,-1632],[-1555.2,-1632],[-1555.2,-1612.8],[-1574.3999999999999,-1612.8],[-1574.3999999999999,-1593.6],[-1593.6,-1593.6],[-1593.6,-1574.3999999999999],[-1612.8,-1574.3999999999999],[-1612.8,-1536],[-1632,-1536],[-1632,-1516.8],[-1651.2,-1516.8],[-1651.2,-1497.6],[-1670.3999999999999,-1497.6],[-1670.3999999999999,-1478.3999999999999],[-1689.6,-1478.3999999999999],[-1689.6,-1497.6],[-1728,-1497.6],[-1728,-1516.8],[-1747.2,-1516.8],[-1747.2,-1536],[-1766.3999999999999,-1536],[-1766.3999999999999,-1555.2],[-1785.6,-1555.2],[-1785.6,-1574.3999999999999],[-1804.8,-1574.3999999999999],[-1804.8,-1593.6],[-1843.1999999999998,-1593.6],[-1843.1999999999998,-1612.8],[-1862.3999999999999,-1612.8],[-1862.3999999999999,-1632],[-1881.6,-1632],[-1881.6,-1651.2],[-1900.8,-1651.2],[-1900.8,-1670.3999999999999],[-1939.1999999999998,-1670.3999999999999],[-1939.1999999999998,-1689.6],[-1958.3999999999999,-1689.6],[-1958.3999999999999,-1708.8],[-1977.6,-1708.8],[-1977.6,-1728],[-1996.8,-1728],[-1996.8,-1747.2],[-2016,-1747.2],[-2016,-1766.3999999999999],[-2035.1999999999998,-1766.3999999999999],[-2035.1999999999998,-1804.8],[-2054.4,-1804.8],[-2054.4,-1843.1999999999998],[-2073.6,-1843.1999999999998],[-2073.6,-1900.8],[-2092.7999999999997,-1900.8],[-2092.7999999999997,-2131.2],[-2073.6,-2131.2],[-2073.6,-2246.4],[-2054.4,-2246.4],[-2054.4,-2342.4],[-2035.1999999999998,-2342.4],[-2035.1999999999998,-2361.6],[-1996.8,-2361.6],[-1996.8,-2342.4],[-1881.6,-2342.4],[-1881.6,-2323.2],[-1747.2,-2323.2],[-1747.2,-2304],[-1228.8,-2304],[-1228.8,-2323.2],[-1190.3999999999999,-2323.2],[-1190.3999999999999,-2342.4],[-1152,-2342.4],[-1152,-2361.6],[-1132.8,-2361.6],[-1132.8,-2380.7999999999997]]]]}},{"type":"Feature","properties":{"kind":"district","id":114,"name":"Washington Heights"},"geometry":{"type":"MultiPolygon","coordinates":[[[[-652.8,-3916.7999999999997],[-595.1999999999999,-3916.7999999999997],[-595.1999999999999,-3878.3999999999996],[-576,-3878.3999999999996],[-576,-3840],[-556.8,-3840],[-556.8,-3782.3999999999996],[-537.6,-3782.3999999999996],[-537.6,-3609.6],[-499.2,-3609.6],[-499.2,-3244.7999999999997],[-518.4,-3244.7999999999997],[-518.4,-3225.6],[-537.6,-3225.6],[-537.6,-3187.2],[-556.8,-3187.2],[-556.8,-3148.7999999999997],[-633.6,-3148.7999999999997],[-633.6,-3129.6],[-1152,-3129.6],[-1152,-3225.6],[-1132.8,-3225.6],[-1132.8,-3590.4],[-1152,-3590.4],[-1152,-3648],[-1171.2,-3648],[-1171.2,-3705.6],[-1190.3999999999999,-3705.6],[-1190.3999999999999,-3763.2],[-1209.6,-3763.2],[-1209.6,-3820.7999999999997],[-1190.3999999999999,-3820.7999999999997],[-1190.3999999999999,-3840],[-1152,-3840],[-1152,-3859.2],[-748.8,-3859.2],[-748.8,-3878.3999999999996],[-691.1999999999999,-3878.3999999999996],[-691.1999999999999,-3897.6],[-652.8,-3897.6],[-652.8,-3916.7999999999997]]]]}},{"type":"Feature","properties":{"kind":"district","id":115,"name":"Sterling District"},"geometry":{"type":"MultiPolygon","coordinates":[[[[153.6,-4070.3999999999996],[422.4,-4070.3999999999996],[422.4,-4051.2],[460.79999999999995,-4051.2],[460.79999999999995,-4032],[499.2,-4032],[499.2,-3609.6],[-537.6,-3609.6],[-537.6,-3782.3999999999996],[-556.8,-3782.3999999999996],[-556.8,-3840],[-576,-3840],[-576,-3878.3999999999996],[-595.1999999999999,-3878.3999999999996],[-595.1999999999999,-3916.7999999999997],[-614.4,-3916.7999999999997],[-614.4,-3936],[-576,-3936],[-576,-3955.2],[-518.4,-3955.2],[-518.4,-3974.3999999999996],[-480,-3974.3999999999996],[-480,-3993.6],[-422.4,-3993.6],[-422.4,-4012.7999999999997],[-38.4,-4012.7999999999997],[-38.4,-4032],[57.599999999999994,-4032],[57.599999999999994,-4051.2],[153.6,-4051.2],[153.6,-4070.3999999999996]]]]}},{"type":"Feature","properties":{"kind":"district","id":116,"name":"Hamilton District"},"geometry":{"type":"MultiPolygon","coordinates":[[[[-960,-2092.7999999999997],[-940.8,-2092.7999999999997],[-940.8,-2073.6],[-883.1999999999999,-2073.6],[-883.1999999999999,-2054.4],[-864,-2054.4],[-864,-2035.1999999999998],[-844.8,-2035.1999999999998],[-844.8,-2016],[-825.6,-2016],[-825.6,-1977.6],[-806.4,-1977.6],[-806.4,-1958.3999999999999],[-787.1999999999999,-1958.3999999999999],[-787.1999999999999,-1920],[-768,-1920],[-768,-1900.8],[-748.8,-1900.8],[-748.8,-1862.3999999999999],[-729.6,-1862.3999999999999],[-729.6,-1843.1999999999998],[-710.4,-1843.1999999999998],[-710.4,-1824],[-691.1999999999999,-1824],[-691.1999999999999,-1785.6],[-672,-1785.6],[-672,-1766.3999999999999],[-652.8,-1766.3999999999999],[-652.8,-1728],[-633.6,-1728],[-633.6,-1689.6],[-614.4,-1689.6],[-614.4,-1670.3999999999999],[-595.1999999999999,-1670.3999999999999],[-595.1999999999999,-1612.8],[-576,-1612.8],[-576,-1440],[-595.1999999999999,-1440],[-595.1999999999999,-1363.2],[-576,-1363.2],[-576,-1344],[-595.1999999999999,-1344],[-595.1999999999999,-1190.3999999999999],[-576,-1190.3999999999999],[-576,-1171.2],[-787.1999999999999,-1171.2],[-787.1999999999999,-1152],[-960,-1152],[-960,-1171.2],[-1152,-1171.2],[-1152,-1152],[-1324.8,-1152],[-1324.8,-1132.8],[-1516.8,-1132.8],[-1516.8,-1113.6],[-1593.6,-1113.6],[-1593.6,-1094.3999999999999],[-1670.3999999999999,-1094.3999999999999],[-1670.3999999999999,-1075.2],[-1728,-1075.2],[-1728,-1056],[-1766.3999999999999,-1056],[-1766.3999999999999,-1036.8],[-1843.1999999999998,-1036.8],[-1843.1999999999998,-1017.5999999999999],[-1900.8,-1017.5999999999999],[-1900.8,-998.4],[-1939.1999999999998,-998.4],[-1939.1999999999998,-979.1999999999999],[-1996.8,-979.1999999999999],[-1996.8,-960],[-2054.4,-960],[-2054.4,-940.8],[-2092.7999999999997,-940.8],[-2092.7999999999997,-921.5999999999999],[-2150.4,-921.5999999999999],[-2150.4,-902.4],[-2188.7999999999997,-902.4],[-2188.7999999999997,-883.1999999999999],[-2227.2,-883.1999999999999],[-2227.2,-864],[-2265.6,-864],[-2265.6,-844.8],[-2284.7999999999997,-844.8],[-2284.7999999999997,-864],[-2304,-864],[-2304,-883.1999999999999],[-2361.6,-883.1999999999999],[-2361.6,-902.4],[-2476.7999999999997,-902.4],[-2476.7999999999997,-940.8],[-2496,-940.8],[-2496,-960],[-2515.2,-960],[-2515.2,-1017.5999999999999],[-2534.4,-1017.5999999999999],[-2534.4,-1094.3999999999999],[-2553.6,-1094.3999999999999],[-2553.6,-1132.8],[-2534.4,-1132.8],[-2534.4,-1152],[-2515.2,-1152],[-2515.2,-1171.2],[-2457.6,-1171.2],[-2457.6,-1190.3999999999999],[-2323.2,-1190.3999999999999],[-2323.2,-1209.6],[-2227.2,-1209.6],[-2227.2,-1228.8],[-2150.4,-1228.8],[-2150.4,-1248],[-2073.6,-1248],[-2073.6,-1267.2],[-1977.6,-1267.2],[-1977.6,-1286.3999999999999],[-1920,-1286.3999999999999],[-1920,-1305.6],[-1881.6,-1305.6],[-1881.6,-1324.8],[-1843.1999999999998,-1324.8],[-1843.1999999999998,-1344],[-1804.8,-1344],[-1804.8,-1363.2],[-1785.6,-1363.2],[-1785.6,-1382.3999999999999],[-1766.3999999999999,-1382.3999999999999],[-1766.3999999999999,-1401.6],[-1708.8,-1401.6],[-1708.8,-1440],[-1689.6,-1440],[-1689.6,-1478.3999999999999],[-1670.3999999999999,-1478.3999999999999],[-1670.3999999999999,-1497.6],[-1651.2,-1497.6],[-1651.2,-1516.8],[-1632,-1516.8],[-1632,-1536],[-1612.8,-1536],[-1612.8,-1574.3999999999999],[-1593.6,-1574.3999999999999],[-1593.6,-1593.6],[-1574.3999999999999,-1593.6],[-1574.3999999999999,-1612.8],[-1555.2,-1612.8],[-1555.2,-1632],[-1536,-1632],[-1536,-1651.2],[-1516.8,-1651.2],[-1516.8,-1689.6],[-1497.6,-1689.6],[-1497.6,-1708.8],[-1478.3999999999999,-1708.8],[-1478.3999999999999,-1728],[-1459.2,-1728],[-1459.2,-1747.2],[-1440,-1747.2],[-1440,-1766.3999999999999],[-1401.6,-1766.3999999999999],[-1401.6,-1785.6],[-1382.3999999999999,-1785.6],[-1382.3999999999999,-1804.8],[-1363.2,-1804.8],[-1363.2,-1824],[-1324.8,-1824],[-1324.8,-1843.1999999999998],[-1305.6,-1843.1999999999998],[-1305.6,-1862.3999999999999],[-1267.2,-1862.3999999999999],[-1267.2,-1881.6],[-1248,-1881.6],[-1248,-1900.8],[-1228.8,-1900.8],[-1228.8,-1920],[-1190.3999999999999,-1920],[-1190.3999999999999,-1939.1999999999998],[-1171.2,-1939.1999999999998],[-1171.2,-1958.3999999999999],[-1132.8,-1958.3999999999999],[-1132.8,-1977.6],[-1113.6,-1977.6],[-1113.6,-1996.8],[-1075.2,-1996.8],[-1075.2,-2016],[-1056,-2016],[-1056,-2035.1999999999998],[-1036.8,-2035.1999999999998],[-1036.8,-2054.4],[-998.4,-2054.4],[-998.4,-2073.6],[-960,-2073.6],[-960,-2092.7999999999997]]]]}},{"type":"Feature","properties":{"kind":"district","id":117,"name":"Washington Square"},"geometry":{"type":"MultiPolygon","coordinates":[[[[-3129.6,-1017.5999999999999],[-3110.4,-1017.5999999999999],[-3110.4,-998.4],[-3072,-998.4],[-3072,-979.1999999999999],[-3033.6,-979.1999999999999],[-3033.6,-960],[-3014.4,-960],[-3014.4,-940.8],[-2976,-940.8],[-2976,-921.5999999999999],[-2937.6,-921.5999999999999],[-2937.6,-902.4],[-2918.4,-902.4],[-2918.4,-883.1999999999999],[-2880,-883.1999999999999],[-2880,-864],[-2860.7999999999997,-864],[-2860.7999999999997,-844.8],[-2841.6,-844.8],[-2841.6,-825.6],[-2822.4,-825.6],[-2822.4,-806.4],[-2784,-806.4],[-2784,-787.1999999999999],[-2764.7999999999997,-787.1999999999999],[-2764.7999999999997,-768],[-2745.6,-768],[-2745.6,-748.8],[-2726.4,-748.8],[-2726.4,-729.6],[-2688,-729.6],[-2688,-710.4],[-2668.7999999999997,-710.4],[-2668.7999999999997,-691.1999999999999],[-2649.6,-691.1999999999999],[-2649.6,-672],[-2668.7999999999997,-672],[-2668.7999999999997,-633.6],[-2688,-633.6],[-2688,-614.4],[-2707.2,-614.4],[-2707.2,-576],[-2726.4,-576],[-2726.4,-556.8],[-2745.6,-556.8],[-2745.6,-518.4],[-2764.7999999999997,-518.4],[-2764.7999999999997,-499.2],[-2784,-499.2],[-2784,-460.79999999999995],[-2803.2,-460.79999999999995],[-2803.2,-441.59999999999997],[-2822.4,-441.59999999999997],[-2822.4,-403.2],[-2841.6,-403.2],[-2841.6,-384],[-2860.7999999999997,-384],[-2860.7999999999997,-345.59999999999997],[-2880,-345.59999999999997],[-2880,-326.4],[-2899.2,-326.4],[-2899.2,-307.2],[-2918.4,-307.2],[-2918.4,-268.8],[-2937.6,-268.8],[-2937.6,-249.6],[-2956.7999999999997,-249.6],[-2956.7999999999997,-211.2],[-2976,-211.2],[-2976,-192],[-2995.2,-192],[-2995.2,-153.6],[-3014.4,-153.6],[-3014.4,-134.4],[-3033.6,-134.4],[-3033.6,-96],[-3052.7999999999997,-96],[-3052.7999999999997,-76.8],[-3072,-76.8],[-3072,-38.4],[-3091.2,-38.4],[-3091.2,-19.2],[-3110.4,-19.2],[-3110.4,19.2],[-3129.6,19.2],[-3129.6,38.4],[-3148.7999999999997,38.4],[-3148.7999999999997,57.599999999999994],[-3168,57.599999999999994],[-3168,76.8],[-3225.6,76.8],[-3225.6,57.599999999999994],[-3244.7999999999997,57.599999999999994],[-3244.7999999999997,38.4],[-3264,38.4],[-3264,19.2],[-3283.2,19.2],[-3283.2,0],[-3302.4,0],[-3302.4,-19.2],[-3340.7999999999997,-19.2],[-3340.7999999999997,-38.4],[-3360,-38.4],[-3360,-57.599999999999994],[-3398.4,-57.599999999999994],[-3398.4,-76.8],[-3436.7999999999997,-76.8],[-3436.7999999999997,-96],[-3475.2,-96],[-3475.2,-115.19999999999999],[-3494.4,-115.19999999999999],[-3494.4,-134.4],[-3513.6,-134.4],[-3513.6,-153.6],[-3532.7999999999997,-153.6],[-3532.7999999999997,-172.79999999999998],[-3571.2,-172.79999999999998],[-3571.2,-192],[-3590.4,-192],[-3590.4,-211.2],[-3609.6,-211.2],[-3609.6,-230.39999999999998],[-3628.7999999999997,-230.39999999999998],[-3628.7999999999997,-307.2],[-3609.6,-307.2],[-3609.6,-326.4],[-3590.4,-326.4],[-3590.4,-364.8],[-3571.2,-364.8],[-3571.2,-384],[-3552,-384],[-3552,-422.4],[-3532.7999999999997,-422.4],[-3532.7999999999997,-441.59999999999997],[-3513.6,-441.59999999999997],[-3513.6,-480],[-3494.4,-480],[-3494.4,-499.2],[-3475.2,-499.2],[-3475.2,-537.6],[-3456,-537.6],[-3456,-556.8],[-3436.7999999999997,-556.8],[-3436.7999999999997,-595.1999999999999],[-3417.6,-595.1999999999999],[-3417.6,-614.4],[-3398.4,-614.4],[-3398.4,-633.6],[-3379.2,-633.6],[-3379.2,-672],[-3360,-672],[-3360,-691.1999999999999],[-3340.7999999999997,-691.1999999999999],[-3340.7999999999997,-729.6],[-3321.6,-729.6],[-3321.6,-748.8],[-3302.4,-748.8],[-3302.4,-787.1999999999999],[-3283.2,-787.1999999999999],[-3283.2,-806.4],[-3264,-806.4],[-3264,-844.8],[-3244.7999999999997,-844.8],[-3244.7999999999997,-864],[-3225.6,-864],[-3225.6,-902.4],[-3206.4,-902.4],[-3206.4,-921.5999999999999],[-3187.2,-921.5999999999999],[-3187.2,-940.8],[-3168,-940.8],[-3168,-960],[-3148.7999999999997,-960],[-3148.7999999999997,-998.4],[-3129.6,-998.4],[-3129.6,-1017.5999999999999]]]]}},{"type":"Feature","properties":{"kind":"district","id":118,"name":"Crest District"},"geometry":{"type":"MultiPolygon","coordinates":[[[[-499.2,-3609.6],[499.2,-3609.6],[499.2,-3590.4],[518.4,-3590.4],[518.4,-3264],[499.2,-3264],[499.2,-3187.2],[518.4,-3187.2],[518.4,-3148.7999999999997],[537.6,-3148.7999999999997],[537.6,-3033.6],[518.4,-3033.6],[518.4,-2956.7999999999997],[499.2,-2956.7999999999997],[499.2,-2476.7999999999997],[480,-2476.7999999999997],[480,-2438.4],[460.79999999999995,-2438.4],[460.79999999999995,-2457.6],[384,-2457.6],[384,-2476.7999999999997],[326.4,-2476.7999999999997],[326.4,-2496],[249.6,-2496],[249.6,-2515.2],[211.2,-2515.2],[211.2,-2534.4],[153.6,-2534.4],[153.6,-2553.6],[76.8,-2553.6],[76.8,-2572.7999999999997],[38.4,-2572.7999999999997],[38.4,-2592],[0,-2592],[0,-2611.2],[-19.2,-2611.2],[-19.2,-2630.4],[-57.599999999999994,-2630.4],[-57.599999999999994,-2649.6],[-96,-2649.6],[-96,-2668.7999999999997],[-134.4,-2668.7999999999997],[-134.4,-2688],[-153.6,-2688],[-153.6,-2707.2],[-192,-2707.2],[-192,-2726.4],[-230.39999999999998,-2726.4],[-230.39999999999998,-2745.6],[-326.4,-2745.6],[-326.4,-2764.7999999999997],[-537.6,-2764.7999999999997],[-537.6,-3168],[-556.8,-3168],[-556.8,-3187.2],[-537.6,-3187.2],[-537.6,-3225.6],[-518.4,-3225.6],[-518.4,-3244.7999999999997],[-499.2,-3244.7999999999997],[-499.2,-3609.6]]]]}},{"type":"Feature","properties":{"kind":"district","id":119,"name":"Strawberry Park"},"geometry":{"type":"MultiPolygon","coordinates":[[[[-1747.2,-3091.2],[-1632,-3091.2],[-1632,-3072],[-1152,-3072],[-1152,-3052.7999999999997],[-1171.2,-3052.7999999999997],[-1171.2,-2918.4],[-1152,-2918.4],[-1152,-2899.2],[-1132.8,-2899.2],[-1132.8,-2476.7999999999997],[-1113.6,-2476.7999999999997],[-1113.6,-2400],[-1094.3999999999999,-2400],[-1094.3999999999999,-2380.7999999999997],[-1132.8,-2380.7999999999997],[-1132.8,-2361.6],[-1152,-2361.6],[-1152,-2342.4],[-1190.3999999999999,-2342.4],[-1190.3999999999999,-2323.2],[-1228.8,-2323.2],[-1228.8,-2304],[-1747.2,-2304],[-1747.2,-2323.2],[-1881.6,-2323.2],[-1881.6,-2342.4],[-1996.8,-2342.4],[-1996.8,-2361.6],[-2035.1999999999998,-2361.6],[-2035.1999999999998,-2457.6],[-2016,-2457.6],[-2016,-2572.7999999999997],[-1996.8,-2572.7999999999997],[-1996.8,-2592],[-2016,-2592],[-2016,-2611.2],[-2035.1999999999998,-2611.2],[-2035.1999999999998,-2649.6],[-2016,-2649.6],[-2016,-2764.7999999999997],[-1996.8,-2764.7999999999997],[-1996.8,-2860.7999999999997],[-1977.6,-2860.7999999999997],[-1977.6,-2956.7999999999997],[-1958.3999999999999,-2956.7999999999997],[-1958.3999999999999,-2976],[-1939.1999999999998,-2976],[-1939.1999999999998,-2995.2],[-1920,-2995.2],[-1920,-3052.7999999999997],[-1862.3999999999999,-3052.7999999999997],[-1862.3999999999999,-3072],[-1747.2,-3072],[-1747.2,-3091.2]]]]}},{"type":"Feature","properties":{"kind":"district","id":120,"name":"Chestnut Square"},"geometry":{"type":"MultiPolygon","coordinates":[[[[-537.6,-2764.7999999999997],[-326.4,-2764.7999999999997],[-326.4,-2745.6],[-230.39999999999998,-2745.6],[-230.39999999999998,-2726.4],[-192,-2726.4],[-192,-2707.2],[-153.6,-2707.2],[-153.6,-2688],[-134.4,-2688],[-134.4,-2668.7999999999997],[-96,-2668.7999999999997],[-96,-2649.6],[-57.599999999999994,-2649.6],[-57.599999999999994,-2630.4],[-19.2,-2630.4],[-19.2,-2611.2],[0,-2611.2],[0,-2592],[38.4,-2592],[38.4,-2572.7999999999997],[76.8,-2572.7999999999997],[76.8,-2553.6],[153.6,-2553.6],[153.6,-2534.4],[211.2,-2534.4],[211.2,-2515.2],[249.6,-2515.2],[249.6,-2496],[326.4,-2496],[326.4,-2476.7999999999997],[384,-2476.7999999999997],[384,-2457.6],[460.79999999999995,-2457.6],[460.79999999999995,-2438.4],[480,-2438.4],[480,-2380.7999999999997],[460.79999999999995,-2380.7999999999997],[460.79999999999995,-2304],[441.59999999999997,-2304],[441.59999999999997,-2246.4],[422.4,-2246.4],[422.4,-2169.6],[403.2,-2169.6],[403.2,-2092.7999999999997],[384,-2092.7999999999997],[384,-1420.8],[364.8,-1420.8],[364.8,-1401.6],[345.59999999999997,-1401.6],[345.59999999999997,-1382.3999999999999],[307.2,-1382.3999999999999],[307.2,-1363.2],[268.8,-1363.2],[268.8,-1344],[192,-1344],[192,-1363.2],[0,-1363.2],[0,-1344],[-57.599999999999994,-1344],[-57.599999999999994,-1324.8],[-115.19999999999999,-1324.8],[-115.19999999999999,-1305.6],[-153.6,-1305.6],[-153.6,-1286.3999999999999],[-172.79999999999998,-1286.3999999999999],[-172.79999999999998,-1248],[-192,-1248],[-192,-1228.8],[-230.39999999999998,-1228.8],[-230.39999999999998,-1209.6],[-326.4,-1209.6],[-326.4,-1190.3999999999999],[-422.4,-1190.3999999999999],[-422.4,-1209.6],[-441.59999999999997,-1209.6],[-441.59999999999997,-1228.8],[-460.79999999999995,-1228.8],[-460.79999999999995,-1248],[-480,-1248],[-480,-1267.2],[-518.4,-1267.2],[-518.4,-1286.3999999999999],[-537.6,-1286.3999999999999],[-537.6,-1305.6],[-556.8,-1305.6],[-556.8,-1324.8],[-576,-1324.8],[-576,-1363.2],[-595.1999999999999,-1363.2],[-595.1999999999999,-1440],[-576,-1440],[-576,-1612.8],[-595.1999999999999,-1612.8],[-595.1999999999999,-1670.3999999999999],[-614.4,-1670.3999999999999],[-614.4,-1689.6],[-633.6,-1689.6],[-633.6,-1728],[-652.8,-1728],[-652.8,-1766.3999999999999],[-672,-1766.3999999999999],[-672,-1785.6],[-691.1999999999999,-1785.6],[-691.1999999999999,-1824],[-710.4,-1824],[-710.4,-1843.1999999999998],[-729.6,-1843.1999999999998],[-729.6,-1862.3999999999999],[-748.8,-1862.3999999999999],[-748.8,-1900.8],[-768,-1900.8],[-768,-1920],[-787.1999999999999,-1920],[-787.1999999999999,-1958.3999999999999],[-806.4,-1958.3999999999999],[-806.4,-1977.6],[-825.6,-1977.6],[-825.6,-2016],[-844.8,-2016],[-844.8,-2035.1999999999998],[-864,-2035.1999999999998],[-864,-2054.4],[-883.1999999999999,-2054.4],[-883.1999999999999,-2073.6],[-940.8,-2073.6],[-940.8,-2112],[-921.5999999999999,-2112],[-921.5999999999999,-2169.6],[-902.4,-2169.6],[-902.4,-2188.7999999999997],[-864,-2188.7999999999997],[-864,-2208],[-844.8,-2208],[-844.8,-2227.2],[-806.4,-2227.2],[-806.4,-2246.4],[-787.1999999999999,-2246.4],[-787.1999999999999,-2265.6],[-768,-2265.6],[-768,-2284.7999999999997],[-748.8,-2284.7999999999997],[-748.8,-2304],[-710.4,-2304],[-710.4,-2323.2],[-691.1999999999999,-2323.2],[-691.1999999999999,-2342.4],[-672,-2342.4],[-672,-2361.6],[-652.8,-2361.6],[-652.8,-2380.7999999999997],[-633.6,-2380.7999999999997],[-633.6,-2400],[-614.4,-2400],[-614.4,-2419.2],[-595.1999999999999,-2419.2],[-595.1999999999999,-2457.6],[-576,-2457.6],[-576,-2476.7999999999997],[-556.8,-2476.7999999999997],[-556.8,-2534.4],[-537.6,-2534.4],[-537.6,-2764.7999999999997]]]]}},{"type":"Feature","properties":{"kind":"district","id":121,"name":"Underhill Hills"},"geometry":{"type":"MultiPolygon","coordinates":[[[[-1152,-3091.2],[-1132.8,-3091.2],[-1132.8,-3072],[-614.4,-3072],[-614.4,-3052.7999999999997],[-556.8,-3052.7999999999997],[-556.8,-3033.6],[-537.6,-3033.6],[-537.6,-2534.4],[-556.8,-2534.4],[-556.8,-2476.7999999999997],[-576,-2476.7999999999997],[-576,-2457.6],[-595.1999999999999,-2457.6],[-595.1999999999999,-2419.2],[-614.4,-2419.2],[-614.4,-2400],[-633.6,-2400],[-633.6,-2380.7999999999997],[-652.8,-2380.7999999999997],[-652.8,-2361.6],[-672,-2361.6],[-672,-2342.4],[-691.1999999999999,-2342.4],[-691.1999999999999,-2323.2],[-710.4,-2323.2],[-710.4,-2304],[-748.8,-2304],[-748.8,-2284.7999999999997],[-768,-2284.7999999999997],[-768,-2265.6],[-787.1999999999999,-2265.6],[-787.1999999999999,-2246.4],[-806.4,-2246.4],[-806.4,-2227.2],[-844.8,-2227.2],[-844.8,-2208],[-864,-2208],[-864,-2188.7999999999997],[-902.4,-2188.7999999999997],[-902.4,-2169.6],[-921.5999999999999,-2169.6],[-921.5999999999999,-2150.4],[-940.8,-2150.4],[-940.8,-2169.6],[-960,-2169.6],[-960,-2208],[-979.1999999999999,-2208],[-979.1999999999999,-2227.2],[-998.4,-2227.2],[-998.4,-2246.4],[-1017.5999999999999,-2246.4],[-1017.5999999999999,-2284.7999999999997],[-1036.8,-2284.7999999999997],[-1036.8,-2304],[-1056,-2304],[-1056,-2342.4],[-1075.2,-2342.4],[-1075.2,-2361.6],[-1094.3999999999999,-2361.6],[-1094.3999999999999,-2400],[-1113.6,-2400],[-1113.6,-2476.7999999999997],[-1132.8,-2476.7999999999997],[-1132.8,-2899.2],[-1152,-2899.2],[-1152,-2918.4],[-1171.2,-2918.4],[-1171.2,-3052.7999999999997],[-1152,-3052.7999999999997],[-1152,-3091.2]]]]}},{"type":"Feature","properties":{"kind":"district","id":122,"name":"Oriental District"},"geometry":{"type":"MultiPolygon","coordinates":[[[[480,-2400],[537.6,-2400],[537.6,-2380.7999999999997],[614.4,-2380.7999999999997],[614.4,-2361.6],[672,-2361.6],[672,-2342.4],[748.8,-2342.4],[748.8,-2323.2],[825.6,-2323.2],[825.6,-2304],[902.4,-2304],[902.4,-2284.7999999999997],[960,-2284.7999999999997],[960,-2265.6],[1036.8,-2265.6],[1036.8,-2246.4],[1094.3999999999999,-2246.4],[1094.3999999999999,-2227.2],[1190.3999999999999,-2227.2],[1190.3999999999999,-2208],[1286.3999999999999,-2208],[1286.3999999999999,-2227.2],[1344,-2227.2],[1344,-2246.4],[1401.6,-2246.4],[1401.6,-2265.6],[1459.2,-2265.6],[1459.2,-2284.7999999999997],[1555.2,-2284.7999999999997],[1555.2,-2265.6],[1612.8,-2265.6],[1612.8,-2073.6],[1632,-2073.6],[1632,-2016],[1651.2,-2016],[1651.2,-1977.6],[1670.3999999999999,-1977.6],[1670.3999999999999,-1939.1999999999998],[1689.6,-1939.1999999999998],[1689.6,-1881.6],[1670.3999999999999,-1881.6],[1670.3999999999999,-1862.3999999999999],[1651.2,-1862.3999999999999],[1651.2,-1804.8],[1632,-1804.8],[1632,-1785.6],[1651.2,-1785.6],[1651.2,-1728],[1670.3999999999999,-1728],[1670.3999999999999,-1708.8],[1747.2,-1708.8],[1747.2,-1689.6],[1766.3999999999999,-1689.6],[1766.3999999999999,-1670.3999999999999],[1785.6,-1670.3999999999999],[1785.6,-1632],[1804.8,-1632],[1804.8,-1593.6],[1824,-1593.6],[1824,-1536],[1843.1999999999998,-1536],[1843.1999999999998,-1478.3999999999999],[1862.3999999999999,-1478.3999999999999],[1862.3999999999999,-1420.8],[1881.6,-1420.8],[1881.6,-1401.6],[1900.8,-1401.6],[1900.8,-1363.2],[1862.3999999999999,-1363.2],[1862.3999999999999,-1344],[1804.8,-1344],[1804.8,-1324.8],[1747.2,-1324.8],[1747.2,-1305.6],[1689.6,-1305.6],[1689.6,-1286.3999999999999],[1632,-1286.3999999999999],[1632,-1267.2],[1574.3999999999999,-1267.2],[1574.3999999999999,-1248],[1516.8,-1248],[1516.8,-1228.8],[1440,-1228.8],[1440,-1209.6],[1344,-1209.6],[1344,-1190.3999999999999],[1248,-1190.3999999999999],[1248,-1171.2],[1075.2,-1171.2],[1075.2,-1152],[806.4,-1152],[806.4,-1132.8],[787.1999999999999,-1132.8],[787.1999999999999,-1152],[710.4,-1152],[710.4,-1171.2],[384,-1171.2],[384,-2092.7999999999997],[403.2,-2092.7999999999997],[403.2,-2169.6],[422.4,-2169.6],[422.4,-2246.4],[441.59999999999997,-2246.4],[441.59999999999997,-2304],[460.79999999999995,-2304],[460.79999999999995,-2380.7999999999997],[480,-2380.7999999999997],[480,-2400]]]]}},{"type":"Feature","properties":{"kind":"district","id":123,"name":"Praça Industrial"},"geometry":{"type":"MultiPolygon","coordinates":[[[[-576,-1190.3999999999999],[-537.6,-1190.3999999999999],[-537.6,-1171.2],[-403.2,-1171.2],[-403.2,-1190.3999999999999],[-364.8,-1190.3999999999999],[-364.8,-1171.2],[-326.4,-1171.2],[-326.4,-1152],[-249.6,-1152],[-249.6,-1132.8],[-211.2,-1132.8],[-211.2,-1113.6],[-172.79999999999998,-1113.6],[-172.79999999999998,-1094.3999999999999],[-153.6,-1094.3999999999999],[-153.6,-1056],[-134.4,-1056],[-134.4,-1036.8],[-115.19999999999999,-1036.8],[-115.19999999999999,-979.1999999999999],[-134.4,-979.1999999999999],[-134.4,-940.8],[-153.6,-940.8],[-153.6,-902.4],[-134.4,-902.4],[-134.4,-864],[-115.19999999999999,-864],[-115.19999999999999,-844.8],[-96,-844.8],[-96,-806.4],[-76.8,-806.4],[-76.8,-710.4],[-96,-710.4],[-96,-614.4],[-115.19999999999999,-614.4],[-115.19999999999999,-576],[-96,-576],[-96,-441.59999999999997],[-115.19999999999999,-441.59999999999997],[-115.19999999999999,-422.4],[-134.4,-422.4],[-134.4,-403.2],[-153.6,-403.2],[-153.6,-364.8],[-172.79999999999998,-364.8],[-172.79999999999998,-345.59999999999997],[-211.2,-345.59999999999997],[-211.2,-326.4],[-230.39999999999998,-326.4],[-230.39999999999998,-307.2],[-249.6,-307.2],[-249.6,-288],[-268.8,-288],[-268.8,-249.6],[-288,-249.6],[-288,-211.2],[-326.4,-211.2],[-326.4,-192],[-364.8,-192],[-364.8,-172.79999999999998],[-460.79999999999995,-172.79999999999998],[-460.79999999999995,-153.6],[-518.4,-153.6],[-518.4,-172.79999999999998],[-806.4,-172.79999999999998],[-806.4,-192],[-902.4,-192],[-902.4,-230.39999999999998],[-883.1999999999999,-230.39999999999998],[-883.1999999999999,-288],[-902.4,-288],[-902.4,-307.2],[-921.5999999999999,-307.2],[-921.5999999999999,-326.4],[-940.8,-326.4],[-940.8,-364.8],[-979.1999999999999,-364.8],[-979.1999999999999,-403.2],[-998.4,-403.2],[-998.4,-422.4],[-1017.5999999999999,-422.4],[-1017.5999999999999,-441.59999999999997],[-1036.8,-441.59999999999997],[-1036.8,-499.2],[-1017.5999999999999,-499.2],[-1017.5999999999999,-518.4],[-998.4,-518.4],[-998.4,-537.6],[-979.1999999999999,-537.6],[-979.1999999999999,-556.8],[-960,-556.8],[-960,-576],[-940.8,-576],[-940.8,-652.8],[-902.4,-652.8],[-902.4,-691.1999999999999],[-921.5999999999999,-691.1999999999999],[-921.5999999999999,-729.6],[-902.4,-729.6],[-902.4,-768],[-883.1999999999999,-768],[-883.1999999999999,-806.4],[-902.4,-806.4],[-902.4,-825.6],[-921.5999999999999,-825.6],[-921.5999999999999,-864],[-902.4,-864],[-902.4,-883.1999999999999],[-883.1999999999999,-883.1999999999999],[-883.1999999999999,-902.4],[-921.5999999999999,-902.4],[-921.5999999999999,-921.5999999999999],[-940.8,-921.5999999999999],[-940.8,-940.8],[-979.1999999999999,-940.8],[-979.1999999999999,-960],[-1017.5999999999999,-960],[-1017.5999999999999,-998.4],[-998.4,-998.4],[-998.4,-1056],[-979.1999999999999,-1056],[-979.1999999999999,-1113.6],[-960,-1113.6],[-960,-1152],[-787.1999999999999,-1152],[-787.1999999999999,-1171.2],[-576,-1171.2],[-576,-1190.3999999999999]]]]}},{"type":"Feature","properties":{"kind":"district","id":124,"name":"Sunset Park"},"geometry":{"type":"MultiPolygon","coordinates":[[[[-940.8,-192],[-806.4,-192],[-806.4,-172.79999999999998],[-748.8,-172.79999999999998],[-748.8,-57.599999999999994],[-729.6,-57.599999999999994],[-729.6,-19.2],[-710.4,-19.2],[-710.4,19.2],[-691.1999999999999,19.2],[-691.1999999999999,153.6],[-710.4,153.6],[-710.4,192],[-729.6,192],[-729.6,249.6],[-748.8,249.6],[-748.8,288],[-768,288],[-768,345.59999999999997],[-844.8,345.59999999999997],[-844.8,326.4],[-883.1999999999999,326.4],[-883.1999999999999,307.2],[-940.8,307.2],[-940.8,326.4],[-979.1999999999999,326.4],[-979.1999999999999,345.59999999999997],[-998.4,345.59999999999997],[-998.4,364.8],[-1017.5999999999999,364.8],[-1017.5999999999999,422.4],[-1036.8,422.4],[-1036.8,460.79999999999995],[-1075.2,460.79999999999995],[-1075.2,441.59999999999997],[-1094.3999999999999,441.59999999999997],[-1094.3999999999999,422.4],[-1209.6,422.4],[-1209.6,441.59999999999997],[-1228.8,441.59999999999997],[-1228.8,480],[-1248,480],[-1248,556.8],[-1228.8,556.8],[-1228.8,652.8],[-1248,652.8],[-1248,672],[-1267.2,672],[-1267.2,691.1999999999999],[-1324.8,691.1999999999999],[-1324.8,710.4],[-1420.8,710.4],[-1420.8,691.1999999999999],[-1497.6,691.1999999999999],[-1497.6,710.4],[-1516.8,710.4],[-1516.8,729.6],[-1536,729.6],[-1536,768],[-1574.3999999999999,768],[-1574.3999999999999,787.1999999999999],[-1593.6,787.1999999999999],[-1593.6,806.4],[-1612.8,806.4],[-1612.8,825.6],[-1670.3999999999999,825.6],[-1670.3999999999999,806.4],[-1708.8,806.4],[-1708.8,787.1999999999999],[-1747.2,787.1999999999999],[-1747.2,806.4],[-1766.3999999999999,806.4],[-1766.3999999999999,825.6],[-1785.6,825.6],[-1785.6,844.8],[-1804.8,844.8],[-1804.8,864],[-1862.3999999999999,864],[-1862.3999999999999,883.1999999999999],[-1958.3999999999999,883.1999999999999],[-1958.3999999999999,902.4],[-1977.6,902.4],[-1977.6,921.5999999999999],[-1996.8,921.5999999999999],[-1996.8,960],[-2112,960],[-2112,940.8],[-2150.4,940.8],[-2150.4,902.4],[-2131.2,902.4],[-2131.2,864],[-2112,864],[-2112,825.6],[-2092.7999999999997,825.6],[-2092.7999999999997,614.4],[-2112,614.4],[-2112,518.4],[-2131.2,518.4],[-2131.2,422.4],[-2150.4,422.4],[-2150.4,326.4],[-2169.6,326.4],[-2169.6,268.8],[-2188.7999999999997,268.8],[-2188.7999999999997,249.6],[-2208,249.6],[-2208,230.39999999999998],[-2227.2,230.39999999999998],[-2227.2,211.2],[-2246.4,211.2],[-2246.4,192],[-2265.6,192],[-2265.6,172.79999999999998],[-2284.7999999999997,172.79999999999998],[-2284.7999999999997,153.6],[-2304,153.6],[-2304,134.4],[-2323.2,134.4],[-2323.2,115.19999999999999],[-2342.4,115.19999999999999],[-2342.4,96],[-2361.6,96],[-2361.6,57.599999999999994],[-2380.7999999999997,57.599999999999994],[-2380.7999999999997,0],[-2361.6,0],[-2361.6,-38.4],[-2342.4,-38.4],[-2342.4,-76.8],[-2323.2,-76.8],[-2323.2,-96],[-2246.4,-96],[-2246.4,-115.19999999999999],[-2150.4,-115.19999999999999],[-2150.4,-134.4],[-2073.6,-134.4],[-2073.6,-153.6],[-2035.1999999999998,-153.6],[-2035.1999999999998,-172.79999999999998],[-1920,-172.79999999999998],[-1920,-153.6],[-1804.8,-153.6],[-1804.8,-172.79999999999998],[-1459.2,-172.79999999999998],[-1459.2,-153.6],[-1401.6,-153.6],[-1401.6,-172.79999999999998],[-940.8,-172.79999999999998],[-940.8,-192]]]]}},{"type":"Feature","properties":{"kind":"district","id":125,"name":"Magnolia Park"},"geometry":{"type":"MultiPolygon","coordinates":[[[[-748.8,-172.79999999999998],[-518.4,-172.79999999999998],[-518.4,-153.6],[-460.79999999999995,-153.6],[-460.79999999999995,-172.79999999999998],[-364.8,-172.79999999999998],[-364.8,-153.6],[-268.8,-153.6],[-268.8,-172.79999999999998],[-211.2,-172.79999999999998],[-211.2,-153.6],[153.6,-153.6],[153.6,-134.4],[288,-134.4],[288,-153.6],[364.8,-153.6],[364.8,-134.4],[384,-134.4],[384,-115.19999999999999],[403.2,-115.19999999999999],[403.2,38.4],[384,38.4],[384,192],[364.8,192],[364.8,288],[345.59999999999997,288],[345.59999999999997,326.4],[326.4,326.4],[326.4,364.8],[307.2,364.8],[307.2,384],[288,384],[288,403.2],[268.8,403.2],[268.8,441.59999999999997],[249.6,441.59999999999997],[249.6,460.79999999999995],[230.39999999999998,460.79999999999995],[230.39999999999998,499.2],[211.2,499.2],[211.2,537.6],[192,537.6],[192,576],[172.79999999999998,576],[172.79999999999998,614.4],[153.6,614.4],[153.6,710.4],[134.4,710.4],[134.4,768],[115.19999999999999,768],[115.19999999999999,825.6],[96,825.6],[96,883.1999999999999],[76.8,883.1999999999999],[76.8,940.8],[57.599999999999994,940.8],[57.599999999999994,960],[38.4,960],[38.4,979.1999999999999],[-595.1999999999999,979.1999999999999],[-595.1999999999999,940.8],[-614.4,940.8],[-614.4,902.4],[-595.1999999999999,902.4],[-595.1999999999999,864],[-576,864],[-576,825.6],[-556.8,825.6],[-556.8,806.4],[-537.6,806.4],[-537.6,768],[-518.4,768],[-518.4,710.4],[-499.2,710.4],[-499.2,652.8],[-480,652.8],[-480,576],[-460.79999999999995,576],[-460.79999999999995,460.79999999999995],[-441.59999999999997,460.79999999999995],[-441.59999999999997,403.2],[-422.4,403.2],[-422.4,384],[-441.59999999999997,384],[-441.59999999999997,345.59999999999997],[-422.4,345.59999999999997],[-422.4,326.4],[-441.59999999999997,326.4],[-441.59999999999997,288],[-460.79999999999995,288],[-460.79999999999995,268.8],[-576,268.8],[-576,288],[-652.8,288],[-652.8,307.2],[-691.1999999999999,307.2],[-691.1999999999999,326.4],[-748.8,326.4],[-748.8,345.59999999999997],[-768,345.59999999999997],[-768,288],[-748.8,288],[-748.8,249.6],[-729.6,249.6],[-729.6,192],[-710.4,192],[-710.4,153.6],[-691.1999999999999,153.6],[-691.1999999999999,19.2],[-710.4,19.2],[-710.4,-19.2],[-729.6,-19.2],[-729.6,-57.599999999999994],[-748.8,-57.599999999999994],[-748.8,-172.79999999999998]]]]}},{"type":"Feature","properties":{"kind":"district","id":126,"name":"Chestnut Hills"},"geometry":{"type":"MultiPolygon","coordinates":[[[[1536,-1190.3999999999999],[1555.2,-1190.3999999999999],[1555.2,-1171.2],[1593.6,-1171.2],[1593.6,-1152],[1612.8,-1152],[1612.8,-1075.2],[1632,-1075.2],[1632,-1017.5999999999999],[1651.2,-1017.5999999999999],[1651.2,-940.8],[1632,-940.8],[1632,-883.1999999999999],[1612.8,-883.1999999999999],[1612.8,-844.8],[1593.6,-844.8],[1593.6,-825.6],[1574.3999999999999,-825.6],[1574.3999999999999,-787.1999999999999],[1555.2,-787.1999999999999],[1555.2,-768],[1536,-768],[1536,-748.8],[1516.8,-748.8],[1516.8,-710.4],[1497.6,-710.4],[1497.6,-691.1999999999999],[1478.3999999999999,-691.1999999999999],[1478.3999999999999,-672],[1459.2,-672],[1459.2,-652.8],[1440,-652.8],[1440,-614.4],[1420.8,-614.4],[1420.8,-595.1999999999999],[1401.6,-595.1999999999999],[1401.6,-576],[1382.3999999999999,-576],[1382.3999999999999,-556.8],[1363.2,-556.8],[1363.2,-518.4],[1344,-518.4],[1344,-499.2],[1324.8,-499.2],[1324.8,-480],[1286.3999999999999,-480],[1286.3999999999999,-460.79999999999995],[1267.2,-460.79999999999995],[1267.2,-441.59999999999997],[1248,-441.59999999999997],[1248,-422.4],[1228.8,-422.4],[1228.8,-403.2],[1209.6,-403.2],[1209.6,-384],[1190.3999999999999,-384],[1190.3999999999999,-364.8],[1152,-364.8],[1152,-345.59999999999997],[1132.8,-345.59999999999997],[1132.8,-326.4],[1113.6,-326.4],[1113.6,-307.2],[1094.3999999999999,-307.2],[1094.3999999999999,-288],[1075.2,-288],[1075.2,-268.8],[1036.8,-268.8],[1036.8,-249.6],[998.4,-249.6],[998.4,-230.39999999999998],[979.1999999999999,-230.39999999999998],[979.1999999999999,-211.2],[960,-211.2],[960,-192],[883.1999999999999,-192],[883.1999999999999,-172.79999999999998],[844.8,-172.79999999999998],[844.8,-153.6],[768,-153.6],[768,-134.4],[748.8,-134.4],[748.8,-115.19999999999999],[691.1999999999999,-115.19999999999999],[691.1999999999999,-134.4],[672,-134.4],[672,-115.19999999999999],[384,-115.19999999999999],[384,-134.4],[364.8,-134.4],[364.8,-153.6],[288,-153.6],[288,-134.4],[153.6,-134.4],[153.6,-153.6],[-211.2,-153.6],[-211.2,-172.79999999999998],[-268.8,-172.79999999999998],[-268.8,-211.2],[-288,-211.2],[-288,-249.6],[-268.8,-249.6],[-268.8,-288],[-249.6,-288],[-249.6,-307.2],[-230.39999999999998,-307.2],[-230.39999999999998,-326.4],[-211.2,-326.4],[-211.2,-345.59999999999997],[-172.79999999999998,-345.59999999999997],[-172.79999999999998,-364.8],[-153.6,-364.8],[-153.6,-403.2],[-134.4,-403.2],[-134.4,-422.4],[-115.19999999999999,-422.4],[-115.19999999999999,-441.59999999999997],[-96,-441.59999999999997],[-96,-576],[-115.19999999999999,-576],[-115.19999999999999,-614.4],[-96,-614.4],[-96,-710.4],[-76.8,-710.4],[-76.8,-806.4],[-96,-806.4],[-96,-844.8],[-115.19999999999999,-844.8],[-115.19999999999999,-864],[-134.4,-864],[-134.4,-902.4],[-153.6,-902.4],[-153.6,-940.8],[-134.4,-940.8],[-134.4,-979.1999999999999],[-115.19999999999999,-979.1999999999999],[-115.19999999999999,-998.4],[-19.2,-998.4],[-19.2,-1017.5999999999999],[19.2,-1017.5999999999999],[19.2,-1036.8],[57.599999999999994,-1036.8],[57.599999999999994,-1056],[96,-1056],[96,-1075.2],[153.6,-1075.2],[153.6,-1094.3999999999999],[230.39999999999998,-1094.3999999999999],[230.39999999999998,-1113.6],[768,-1113.6],[768,-1132.8],[825.6,-1132.8],[825.6,-1113.6],[864,-1113.6],[864,-1094.3999999999999],[1056,-1094.3999999999999],[1056,-1113.6],[1267.2,-1113.6],[1267.2,-1132.8],[1382.3999999999999,-1132.8],[1382.3999999999999,-1152],[1440,-1152],[1440,-1171.2],[1536,-1171.2],[1536,-1190.3999999999999]]]]}},{"type":"Feature","properties":{"kind":"district","id":127,"name":"Sheffield District"},"geometry":{"type":"MultiPolygon","coordinates":[[[[1478.3999999999999,-3148.7999999999997],[1593.6,-3148.7999999999997],[1593.6,-3110.4],[1612.8,-3110.4],[1612.8,-3091.2],[1632,-3091.2],[1632,-3072],[1651.2,-3072],[1651.2,-2995.2],[1670.3999999999999,-2995.2],[1670.3999999999999,-2937.6],[1689.6,-2937.6],[1689.6,-2880],[1708.8,-2880],[1708.8,-2822.4],[1728,-2822.4],[1728,-2764.7999999999997],[1747.2,-2764.7999999999997],[1747.2,-2668.7999999999997],[1728,-2668.7999999999997],[1728,-2611.2],[1708.8,-2611.2],[1708.8,-2553.6],[1689.6,-2553.6],[1689.6,-2476.7999999999997],[1670.3999999999999,-2476.7999999999997],[1670.3999999999999,-2419.2],[1651.2,-2419.2],[1651.2,-2342.4],[1632,-2342.4],[1632,-2284.7999999999997],[1612.8,-2284.7999999999997],[1612.8,-2265.6],[1555.2,-2265.6],[1555.2,-2284.7999999999997],[1459.2,-2284.7999999999997],[1459.2,-2265.6],[1401.6,-2265.6],[1401.6,-2246.4],[1344,-2246.4],[1344,-2227.2],[1286.3999999999999,-2227.2],[1286.3999999999999,-2208],[1190.3999999999999,-2208],[1190.3999999999999,-2227.2],[1094.3999999999999,-2227.2],[1094.3999999999999,-2246.4],[1036.8,-2246.4],[1036.8,-2265.6],[960,-2265.6],[960,-2284.7999999999997],[902.4,-2284.7999999999997],[902.4,-2304],[825.6,-2304],[825.6,-2323.2],[748.8,-2323.2],[748.8,-2342.4],[672,-2342.4],[672,-2361.6],[614.4,-2361.6],[614.4,-2380.7999999999997],[537.6,-2380.7999999999997],[537.6,-2400],[480,-2400],[480,-2476.7999999999997],[499.2,-2476.7999999999997],[499.2,-2956.7999999999997],[518.4,-2956.7999999999997],[518.4,-3033.6],[576,-3033.6],[576,-3052.7999999999997],[633.6,-3052.7999999999997],[633.6,-3072],[787.1999999999999,-3072],[787.1999999999999,-3091.2],[1171.2,-3091.2],[1171.2,-3072],[1228.8,-3072],[1228.8,-3091.2],[1286.3999999999999,-3091.2],[1286.3999999999999,-3110.4],[1344,-3110.4],[1344,-3129.6],[1478.3999999999999,-3129.6],[1478.3999999999999,-3148.7999999999997]]]]}},{"type":"Feature","properties":{"kind":"park","id":111,"name":"Myrtle Meadows"},"geometry":{"type":"MultiPolygon","coordinates":[[[[7142.4,-6739.2],[7353.599999999999,-6739.2],[7353.599999999999,-6720],[7411.2,-6720],[7411.2,-6739.2],[8640,-6739.2],[8640,-4281.599999999999],[8544,-4281.599999999999],[8544,-4300.8],[8409.6,-4300.8],[8409.6,-4320],[8390.4,-4320],[8390.4,-4339.2],[8371.199999999999,-4339.2],[8371.199999999999,-4358.4],[8352,-4358.4],[8352,-4377.599999999999],[8313.6,-4377.599999999999],[8313.6,-4396.8],[8294.4,-4396.8],[8294.4,-4416],[8198.4,-4416],[8198.4,-4435.2],[8044.799999999999,-4435.2],[8044.799999999999,-4454.4],[8025.599999999999,-4454.4],[8025.599999999999,-4435.2],[7948.799999999999,-4435.2],[7948.799999999999,-4416],[7910.4,-4416],[7910.4,-4396.8],[7872,-4396.8],[7872,-4377.599999999999],[7833.599999999999,-4377.599999999999],[7833.599999999999,-4358.4],[7776,-4358.4],[7776,-4339.2],[7680,-4339.2],[7680,-4358.4],[7584,-4358.4],[7584,-4377.599999999999],[7468.799999999999,-4377.599999999999],[7468.799999999999,-4396.8],[7411.2,-4396.8],[7411.2,-4377.599999999999],[7372.799999999999,-4377.599999999999],[7372.799999999999,-4396.8],[7315.2,-4396.8],[7315.2,-4416],[7296,-4416],[7296,-4435.2],[7276.8,-4435.2],[7276.8,-4454.4],[7257.599999999999,-4454.4],[7257.599999999999,-4512],[7238.4,-4512],[7238.4,-4531.2],[7219.2,-4531.2],[7219.2,-4569.599999999999],[7200,-4569.599999999999],[7200,-4588.8],[7161.599999999999,-4588.8],[7161.599999999999,-4608],[7142.4,-4608],[7142.4,-4646.4],[7104,-4646.4],[7104,-4665.599999999999],[7084.8,-4665.599999999999],[7084.8,-4684.8],[7065.599999999999,-4684.8],[7065.599999999999,-4704],[7008,-4704],[7008,-4665.599999999999],[6816,-4665.599999999999],[6816,-4684.8],[6758.4,-4684.8],[6758.4,-4704],[6720,-4704],[6720,-4723.2],[6681.599999999999,-4723.2],[6681.599999999999,-4742.4],[6662.4,-4742.4],[6662.4,-4780.8],[6643.2,-4780.8],[6643.2,-4819.2],[6624,-4819.2],[6624,-4838.4],[6604.8,-4838.4],[6604.8,-4857.599999999999],[6585.599999999999,-4857.599999999999],[6585.599999999999,-4876.8],[6566.4,-4876.8],[6566.4,-4896],[6547.2,-4896],[6547.2,-4915.2],[6528,-4915.2],[6528,-4934.4],[6508.8,-4934.4],[6508.8,-4953.599999999999],[6470.4,-4953.599999999999],[6470.4,-4972.8],[6451.2,-4972.8],[6451.2,-4992],[6432,-4992],[6432,-5011.2],[6412.8,-5011.2],[6412.8,-5049.599999999999],[6393.599999999999,-5049.599999999999],[6393.599999999999,-5068.8],[6374.4,-5068.8],[6374.4,-5222.4],[6393.599999999999,-5222.4],[6393.599999999999,-5241.599999999999],[6412.8,-5241.599999999999],[6412.8,-5318.4],[6432,-5318.4],[6432,-5337.599999999999],[6451.2,-5337.599999999999],[6451.2,-5356.8],[6470.4,-5356.8],[6470.4,-5376],[6489.599999999999,-5376],[6489.599999999999,-5395.2],[6508.8,-5395.2],[6508.8,-5433.599999999999],[6528,-5433.599999999999],[6528,-5452.8],[6547.2,-5452.8],[6547.2,-5472],[6566.4,-5472],[6566.4,-5510.4],[6585.599999999999,-5510.4],[6585.599999999999,-5548.8],[6604.8,-5548.8],[6604.8,-5587.2],[6624,-5587.2],[6624,-5625.599999999999],[6643.2,-5625.599999999999],[6643.2,-5664],[6662.4,-5664],[6662.4,-5760],[6681.599999999999,-5760],[6681.599999999999,-5798.4],[6700.8,-5798.4],[6700.8,-5913.599999999999],[6720,-5913.599999999999],[6720,-6067.2],[6739.2,-6067.2],[6739.2,-6278.4],[6758.4,-6278.4],[6758.4,-6316.8],[6777.599999999999,-6316.8],[6777.599999999999,-6355.2],[6796.8,-6355.2],[6796.8,-6393.599999999999],[6816,-6393.599999999999],[6816,-6412.8],[6835.2,-6412.8],[6835.2,-6432],[6854.4,-6432],[6854.4,-6451.2],[6873.599999999999,-6451.2],[6873.599999999999,-6470.4],[6912,-6470.4],[6912,-6489.599999999999],[6931.2,-6489.599999999999],[6931.2,-6508.8],[6950.4,-6508.8],[6950.4,-6528],[6988.8,-6528],[6988.8,-6547.2],[7008,-6547.2],[7008,-6566.4],[7027.2,-6566.4],[7027.2,-6643.2],[7046.4,-6643.2],[7046.4,-6662.4],[7065.599999999999,-6662.4],[7065.599999999999,-6681.599999999999],[7084.8,-6681.599999999999],[7084.8,-6700.8],[7123.2,-6700.8],[7123.2,-6720],[7142.4,-6720],[7142.4,-6739.2]]]]}},{"type":"Feature","properties":{"kind":"park","id":112,"name":"Evergreen World"},"geometry":{"type":"MultiPolygon","coordinates":[[[[2784,-3206.4],[2822.4,-3206.4],[2822.4,-3187.2],[2841.6,-3187.2],[2841.6,-3168],[2860.7999999999997,-3168],[2860.7999999999997,-3148.7999999999997],[2880,-3148.7999999999997],[2880,-3110.4],[2899.2,-3110.4],[2899.2,-3091.2],[2918.4,-3091.2],[2918.4,-3072],[2937.6,-3072],[2937.6,-3052.7999999999997],[2956.7999999999997,-3052.7999999999997],[2956.7999999999997,-3014.4],[2976,-3014.4],[2976,-2995.2],[2995.2,-2995.2],[2995.2,-2976],[3014.4,-2976],[3014.4,-2956.7999999999997],[2995.2,-2956.7999999999997],[2995.2,-2937.6],[2976,-2937.6],[2976,-2918.4],[2956.7999999999997,-2918.4],[2956.7999999999997,-2899.2],[2918.4,-2899.2],[2918.4,-2880],[2899.2,-2880],[2899.2,-2860.7999999999997],[2880,-2860.7999999999997],[2880,-2841.6],[2860.7999999999997,-2841.6],[2860.7999999999997,-2822.4],[2822.4,-2822.4],[2822.4,-2803.2],[2803.2,-2803.2],[2803.2,-2784],[2784,-2784],[2784,-2764.7999999999997],[2764.7999999999997,-2764.7999999999997],[2764.7999999999997,-2745.6],[2726.4,-2745.6],[2726.4,-2726.4],[2707.2,-2726.4],[2707.2,-2707.2],[2688,-2707.2],[2688,-2688],[2668.7999999999997,-2688],[2668.7999999999997,-2668.7999999999997],[2611.2,-2668.7999999999997],[2611.2,-2707.2],[2592,-2707.2],[2592,-2726.4],[2572.7999999999997,-2726.4],[2572.7999999999997,-2764.7999999999997],[2553.6,-2764.7999999999997],[2553.6,-2880],[2572.7999999999997,-2880],[2572.7999999999997,-2937.6],[2592,-2937.6],[2592,-2995.2],[2611.2,-2995.2],[2611.2,-3033.6],[2630.4,-3033.6],[2630.4,-3091.2],[2649.6,-3091.2],[2649.6,-3148.7999999999997],[2668.7999999999997,-3148.7999999999997],[2668.7999999999997,-3187.2],[2726.4,-3187.2],[2726.4,-3168],[2764.7999999999997,-3168],[2764.7999999999997,-3187.2],[2784,-3187.2],[2784,-3206.4]]]]}},{"type":"Feature","properties":{"kind":"park","id":113,"name":"Beechwood College of Liberal Arts"},"geometry":{"type":"MultiPolygon","coordinates":[[[[-2553.6,614.4],[-2476.7999999999997,614.4],[-2476.7999999999997,633.6],[-2457.6,633.6],[-2457.6,672],[-2438.4,672],[-2438.4,691.1999999999999],[-2419.2,691.1999999999999],[-2419.2,710.4],[-2380.7999999999997,710.4],[-2380.7999999999997,729.6],[-2361.6,729.6],[-2361.6,748.8],[-2323.2,748.8],[-2323.2,768],[-2265.6,768],[-2265.6,787.1999999999999],[-2188.7999999999997,787.1999999999999],[-2188.7999999999997,806.4],[-2131.2,806.4],[-2131.2,825.6],[-2073.6,825.6],[-2073.6,883.1999999999999],[-2092.7999999999997,883.1999999999999],[-2092.7999999999997,960],[-2112,960],[-2112,1036.8],[-2131.2,1036.8],[-2131.2,1094.3999999999999],[-2150.4,1094.3999999999999],[-2150.4,1152],[-2169.6,1152],[-2169.6,1228.8],[-2150.4,1228.8],[-2150.4,1267.2],[-2131.2,1267.2],[-2131.2,1286.3999999999999],[-2092.7999999999997,1286.3999999999999],[-2092.7999999999997,1305.6],[-2073.6,1305.6],[-2073.6,1324.8],[-2035.1999999999998,1324.8],[-2035.1999999999998,1344],[-2016,1344],[-2016,1363.2],[-1977.6,1363.2],[-1977.6,1382.3999999999999],[-1939.1999999999998,1382.3999999999999],[-1939.1999999999998,1401.6],[-1920,1401.6],[-1920,1420.8],[-1881.6,1420.8],[-1881.6,1440],[-1862.3999999999999,1440],[-1862.3999999999999,1459.2],[-1824,1459.2],[-1824,1478.3999999999999],[-1804.8,1478.3999999999999],[-1804.8,1497.6],[-1766.3999999999999,1497.6],[-1766.3999999999999,1612.8],[-1785.6,1612.8],[-1785.6,1651.2],[-1804.8,1651.2],[-1804.8,1689.6],[-1785.6,1689.6],[-1785.6,1747.2],[-1766.3999999999999,1747.2],[-1766.3999999999999,1804.8],[-1804.8,1804.8],[-1804.8,1824],[-1881.6,1824],[-1881.6,1804.8],[-1920,1804.8],[-1920,1785.6],[-1939.1999999999998,1785.6],[-1939.1999999999998,1766.3999999999999],[-1958.3999999999999,1766.3999999999999],[-1958.3999999999999,1747.2],[-1977.6,1747.2],[-1977.6,1728],[-1996.8,1728],[-1996.8,1670.3999999999999],[-2016,1670.3999999999999],[-2016,1651.2],[-2035.1999999999998,1651.2],[-2035.1999999999998,1612.8],[-2169.6,1612.8],[-2169.6,1632],[-2208,1632],[-2208,1651.2],[-2265.6,1651.2],[-2265.6,1670.3999999999999],[-2342.4,1670.3999999999999],[-2342.4,1689.6],[-2419.2,1689.6],[-2419.2,1708.8],[-2496,1708.8],[-2496,1728],[-2611.2,1728],[-2611.2,1747.2],[-2745.6,1747.2],[-2745.6,1766.3999999999999],[-2880,1766.3999999999999],[-2880,1785.6],[-3014.4,1785.6],[-3014.4,1804.8],[-3225.6,1804.8],[-3225.6,1785.6],[-3264,1785.6],[-3264,1766.3999999999999],[-3302.4,1766.3999999999999],[-3302.4,1747.2],[-3321.6,1747.2],[-3321.6,1728],[-3340.7999999999997,1728],[-3340.7999999999997,1708.8],[-3360,1708.8],[-3360,1689.6],[-3379.2,1689.6],[-3379.2,1670.3999999999999],[-3398.4,1670.3999999999999],[-3398.4,1651.2],[-3417.6,1651.2],[-3417.6,1632],[-3436.7999999999997,1632],[-3436.7999999999997,1593.6],[-3456,1593.6],[-3456,1574.3999999999999],[-3475.2,1574.3999999999999],[-3475.2,1555.2],[-3494.4,1555.2],[-3494.4,1536],[-3513.6,1536],[-3513.6,1516.8],[-3532.7999999999997,1516.8],[-3532.7999999999997,1478.3999999999999],[-3571.2,1478.3999999999999],[-3571.2,1440],[-3590.4,1440],[-3590.4,1420.8],[-3609.6,1420.8],[-3609.6,1401.6],[-3628.7999999999997,1401.6],[-3628.7999999999997,1363.2],[-3648,1363.2],[-3648,1344],[-3667.2,1344],[-3667.2,1324.8],[-3686.3999999999996,1324.8],[-3686.3999999999996,1305.6],[-3705.6,1305.6],[-3705.6,1286.3999999999999],[-3724.7999999999997,1286.3999999999999],[-3724.7999999999997,1267.2],[-3744,1267.2],[-3744,1248],[-3763.2,1248],[-3763.2,1209.6],[-3782.3999999999996,1209.6],[-3782.3999999999996,1190.3999999999999],[-3744,1190.3999999999999],[-3744,1171.2],[-3724.7999999999997,1171.2],[-3724.7999999999997,1152],[-3705.6,1152],[-3705.6,1132.8],[-3686.3999999999996,1132.8],[-3686.3999999999996,1113.6],[-3667.2,1113.6],[-3667.2,1094.3999999999999],[-3648,1094.3999999999999],[-3648,1075.2],[-3609.6,1075.2],[-3609.6,1056],[-3590.4,1056],[-3590.4,1036.8],[-3571.2,1036.8],[-3571.2,1017.5999999999999],[-3552,1017.5999999999999],[-3552,998.4],[-3532.7999999999997,998.4],[-3532.7999999999997,979.1999999999999],[-3494.4,979.1999999999999],[-3494.4,960],[-3475.2,960],[-3475.2,940.8],[-3398.4,940.8],[-3398.4,960],[-3379.2,960],[-3379.2,979.1999999999999],[-3321.6,979.1999999999999],[-3321.6,960],[-3283.2,960],[-3283.2,940.8],[-3264,940.8],[-3264,921.5999999999999],[-3244.7999999999997,921.5999999999999],[-3244.7999999999997,902.4],[-3206.4,902.4],[-3206.4,883.1999999999999],[-3187.2,883.1999999999999],[-3187.2,864],[-3148.7999999999997,864],[-3148.7999999999997,844.8],[-3110.4,844.8],[-3110.4,825.6],[-3072,825.6],[-3072,806.4],[-3052.7999999999997,806.4],[-3052.7999999999997,787.1999999999999],[-3014.4,787.1999999999999],[-3014.4,768],[-2976,768],[-2976,748.8],[-2937.6,748.8],[-2937.6,729.6],[-2899.2,729.6],[-2899.2,710.4],[-2841.6,710.4],[-2841.6,691.1999999999999],[-2803.2,691.1999999999999],[-2803.2,672],[-2726.4,672],[-2726.4,652.8],[-2649.6,652.8],[-2649.6,633.6],[-2553.6,633.6],[-2553.6,614.4]]]]}},{"type":"Feature","properties":{"kind":"park","id":114,"name":"Evergreen Animal World"},"geometry":{"type":"MultiPolygon","coordinates":[[[[3532.7999999999997,2572.7999999999997],[3590.4,2572.7999999999997],[3590.4,2592],[3609.6,2592],[3609.6,2649.6],[3628.7999999999997,2649.6],[3628.7999999999997,2707.2],[3648,2707.2],[3648,2726.4],[3628.7999999999997,2726.4],[3628.7999999999997,2745.6],[3609.6,2745.6],[3609.6,2764.7999999999997],[3590.4,2764.7999999999997],[3590.4,2784],[3552,2784],[3552,2803.2],[3513.6,2803.2],[3513.6,2822.4],[3456,2822.4],[3456,2841.6],[3417.6,2841.6],[3417.6,2860.7999999999997],[3379.2,2860.7999999999997],[3379.2,2880],[3340.7999999999997,2880],[3340.7999999999997,2899.2],[3302.4,2899.2],[3302.4,2918.4],[3264,2918.4],[3264,2937.6],[3225.6,2937.6],[3225.6,2956.7999999999997],[3187.2,2956.7999999999997],[3187.2,2976],[3148.7999999999997,2976],[3148.7999999999997,2995.2],[3129.6,2995.2],[3129.6,3014.4],[3148.7999999999997,3014.4],[3148.7999999999997,3052.7999999999997],[3168,3052.7999999999997],[3168,3072],[3187.2,3072],[3187.2,3110.4],[3168,3110.4],[3168,3129.6],[3148.7999999999997,3129.6],[3148.7999999999997,3148.7999999999997],[3129.6,3148.7999999999997],[3129.6,3187.2],[3110.4,3187.2],[3110.4,3206.4],[3091.2,3206.4],[3091.2,3225.6],[3072,3225.6],[3072,3244.7999999999997],[3052.7999999999997,3244.7999999999997],[3052.7999999999997,3264],[3033.6,3264],[3033.6,3283.2],[3014.4,3283.2],[3014.4,3302.4],[2995.2,3302.4],[2995.2,3321.6],[2976,3321.6],[2976,3340.7999999999997],[2937.6,3340.7999999999997],[2937.6,3321.6],[2918.4,3321.6],[2918.4,3302.4],[2899.2,3302.4],[2899.2,3283.2],[2880,3283.2],[2880,3244.7999999999997],[2860.7999999999997,3244.7999999999997],[2860.7999999999997,3225.6],[2841.6,3225.6],[2841.6,3206.4],[2822.4,3206.4],[2822.4,3168],[2803.2,3168],[2803.2,3129.6],[2784,3129.6],[2784,3091.2],[2764.7999999999997,3091.2],[2764.7999999999997,3052.7999999999997],[2745.6,3052.7999999999997],[2745.6,3014.4],[2726.4,3014.4],[2726.4,2976],[2707.2,2976],[2707.2,2918.4],[2688,2918.4],[2688,2860.7999999999997],[2668.7999999999997,2860.7999999999997],[2668.7999999999997,2764.7999999999997],[2745.6,2764.7999999999997],[2745.6,2745.6],[2841.6,2745.6],[2841.6,2726.4],[2937.6,2726.4],[2937.6,2707.2],[3014.4,2707.2],[3014.4,2784],[3033.6,2784],[3033.6,2803.2],[3091.2,2803.2],[3091.2,2784],[3129.6,2784],[3129.6,2764.7999999999997],[3168,2764.7999999999997],[3168,2745.6],[3206.4,2745.6],[3206.4,2726.4],[3244.7999999999997,2726.4],[3244.7999999999997,2707.2],[3283.2,2707.2],[3283.2,2688],[3321.6,2688],[3321.6,2668.7999999999997],[3360,2668.7999999999997],[3360,2649.6],[3417.6,2649.6],[3417.6,2630.4],[3456,2630.4],[3456,2611.2],[3494.4,2611.2],[3494.4,2592],[3532.7999999999997,2592],[3532.7999999999997,2572.7999999999997]]]]}},{"type":"Feature","properties":{"kind":"park","id":115,"name":"Valley Oil Well"},"geometry":{"type":"MultiPolygon","coordinates":[[[[1478.3999999999999,2131.2],[1670.3999999999999,2131.2],[1670.3999999999999,2150.4],[1728,2150.4],[1728,2169.6],[1766.3999999999999,2169.6],[1766.3999999999999,2188.7999999999997],[1804.8,2188.7999999999997],[1804.8,2208],[1843.1999999999998,2208],[1843.1999999999998,2227.2],[1862.3999999999999,2227.2],[1862.3999999999999,2246.4],[1881.6,2246.4],[1881.6,2265.6],[1900.8,2265.6],[1900.8,2284.7999999999997],[1920,2284.7999999999997],[1920,2304],[1939.1999999999998,2304],[1939.1999999999998,2419.2],[1958.3999999999999,2419.2],[1958.3999999999999,2438.4],[1939.1999999999998,2438.4],[1939.1999999999998,2457.6],[1920,2457.6],[1920,2476.7999999999997],[1900.8,2476.7999999999997],[1900.8,2496],[1881.6,2496],[1881.6,2572.7999999999997],[1900.8,2572.7999999999997],[1900.8,2630.4],[1920,2630.4],[1920,2688],[1939.1999999999998,2688],[1939.1999999999998,2726.4],[1958.3999999999999,2726.4],[1958.3999999999999,2745.6],[1996.8,2745.6],[1996.8,2764.7999999999997],[2035.1999999999998,2764.7999999999997],[2035.1999999999998,2784],[2054.4,2784],[2054.4,2803.2],[2073.6,2803.2],[2073.6,2822.4],[2112,2822.4],[2112,2841.6],[2169.6,2841.6],[2169.6,2860.7999999999997],[2208,2860.7999999999997],[2208,2880],[2246.4,2880],[2246.4,2899.2],[2265.6,2899.2],[2265.6,2918.4],[2284.7999999999997,2918.4],[2284.7999999999997,2937.6],[2323.2,2937.6],[2323.2,2956.7999999999997],[2361.6,2956.7999999999997],[2361.6,2976],[2515.2,2976],[2515.2,2995.2],[2553.6,2995.2],[2553.6,3014.4],[2572.7999999999997,3014.4],[2572.7999999999997,3091.2],[2553.6,3091.2],[2553.6,3110.4],[2534.4,3110.4],[2534.4,3129.6],[2515.2,3129.6],[2515.2,3148.7999999999997],[2323.2,3148.7999999999997],[2323.2,3168],[2246.4,3168],[2246.4,3148.7999999999997],[2169.6,3148.7999999999997],[2169.6,3168],[2150.4,3168],[2150.4,3206.4],[2131.2,3206.4],[2131.2,3225.6],[2092.7999999999997,3225.6],[2092.7999999999997,3244.7999999999997],[2054.4,3244.7999999999997],[2054.4,3225.6],[1996.8,3225.6],[1996.8,3206.4],[1574.3999999999999,3206.4],[1574.3999999999999,3187.2],[1459.2,3187.2],[1459.2,3206.4],[1324.8,3206.4],[1324.8,3187.2],[1171.2,3187.2],[1171.2,3168],[1056,3168],[1056,3033.6],[1036.8,3033.6],[1036.8,2976],[1056,2976],[1056,2937.6],[1036.8,2937.6],[1036.8,2841.6],[1056,2841.6],[1056,2707.2],[1036.8,2707.2],[1036.8,2668.7999999999997],[1056,2668.7999999999997],[1056,2611.2],[1075.2,2611.2],[1075.2,2592],[1094.3999999999999,2592],[1094.3999999999999,2572.7999999999997],[1113.6,2572.7999999999997],[1113.6,2534.4],[1132.8,2534.4],[1132.8,2515.2],[1152,2515.2],[1152,2476.7999999999997],[1171.2,2476.7999999999997],[1171.2,2457.6],[1190.3999999999999,2457.6],[1190.3999999999999,2438.4],[1209.6,2438.4],[1209.6,2400],[1228.8,2400],[1228.8,2380.7999999999997],[1248,2380.7999999999997],[1248,2361.6],[1267.2,2361.6],[1267.2,2323.2],[1286.3999999999999,2323.2],[1286.3999999999999,2304],[1305.6,2304],[1305.6,2265.6],[1324.8,2265.6],[1324.8,2246.4],[1344,2246.4],[1344,2227.2],[1363.2,2227.2],[1363.2,2208],[1382.3999999999999,2208],[1382.3999999999999,2188.7999999999997],[1401.6,2188.7999999999997],[1401.6,2169.6],[1440,2169.6],[1440,2150.4],[1478.3999999999999,2150.4],[1478.3999999999999,2131.2]]]]}},{"type":"Feature","properties":{"kind":"park","id":116,"name":"Laurel City Airport"},"geometry":{"type":"MultiPolygon","coordinates":[[[[672,2553.6],[691.1999999999999,2553.6],[691.1999999999999,2572.7999999999997],[748.8,2572.7999999999997],[748.8,2592],[768,2592],[768,2611.2],[787.1999999999999,2611.2],[787.1999999999999,2630.4],[825.6,2630.4],[825.6,2649.6],[844.8,2649.6],[844.8,2668.7999999999997],[864,2668.7999999999997],[864,2688],[883.1999999999999,2688],[883.1999999999999,2726.4],[902.4,2726.4],[902.4,2745.6],[921.5999999999999,2745.6],[921.5999999999999,2764.7999999999997],[940.8,2764.7999999999997],[940.8,2784],[960,2784],[960,2822.4],[979.1999999999999,2822.4],[979.1999999999999,2841.6],[998.4,2841.6],[998.4,2860.7999999999997],[1017.5999999999999,2860.7999999999997],[1017.5999999999999,2880],[1036.8,2880],[1036.8,2937.6],[1056,2937.6],[1056,2976],[1036.8,2976],[1036.8,3033.6],[1017.5999999999999,3033.6],[1017.5999999999999,3072],[998.4,3072],[998.4,3129.6],[979.1999999999999,3129.6],[979.1999999999999,3168],[960,3168],[960,3225.6],[940.8,3225.6],[940.8,3264],[921.5999999999999,3264],[921.5999999999999,3321.6],[902.4,3321.6],[902.4,3360],[883.1999999999999,3360],[883.1999999999999,3436.7999999999997],[864,3436.7999999999997],[864,3494.4],[844.8,3494.4],[844.8,3648],[864,3648],[864,3782.3999999999996],[844.8,3782.3999999999996],[844.8,3878.3999999999996],[864,3878.3999999999996],[864,3974.3999999999996],[883.1999999999999,3974.3999999999996],[883.1999999999999,4147.2],[902.4,4147.2],[902.4,4166.4],[921.5999999999999,4166.4],[921.5999999999999,4262.4],[902.4,4262.4],[902.4,4281.599999999999],[883.1999999999999,4281.599999999999],[883.1999999999999,4300.8],[864,4300.8],[864,4320],[844.8,4320],[844.8,4339.2],[825.6,4339.2],[825.6,4358.4],[806.4,4358.4],[806.4,4377.599999999999],[787.1999999999999,4377.599999999999],[787.1999999999999,4396.8],[768,4396.8],[768,4416],[748.8,4416],[748.8,4435.2],[729.6,4435.2],[729.6,4454.4],[633.6,4454.4],[633.6,4435.2],[614.4,4435.2],[614.4,4416],[576,4416],[576,4396.8],[480,4396.8],[480,4416],[268.8,4416],[268.8,4396.8],[0,4396.8],[0,4377.599999999999],[-57.599999999999994,4377.599999999999],[-57.599999999999994,4396.8],[-134.4,4396.8],[-134.4,4416],[-192,4416],[-192,4435.2],[-249.6,4435.2],[-249.6,4454.4],[-307.2,4454.4],[-307.2,4473.599999999999],[-364.8,4473.599999999999],[-364.8,4492.8],[-422.4,4492.8],[-422.4,4512],[-499.2,4512],[-499.2,4492.8],[-537.6,4492.8],[-537.6,4473.599999999999],[-556.8,4473.599999999999],[-556.8,4454.4],[-576,4454.4],[-576,4435.2],[-595.1999999999999,4435.2],[-595.1999999999999,4416],[-614.4,4416],[-614.4,4396.8],[-633.6,4396.8],[-633.6,4377.599999999999],[-652.8,4377.599999999999],[-652.8,4358.4],[-672,4358.4],[-672,4339.2],[-691.1999999999999,4339.2],[-691.1999999999999,4320],[-710.4,4320],[-710.4,4185.599999999999],[-691.1999999999999,4185.599999999999],[-691.1999999999999,4051.2],[-672,4051.2],[-672,3859.2],[-652.8,3859.2],[-652.8,3628.7999999999997],[-633.6,3628.7999999999997],[-633.6,3513.6],[-614.4,3513.6],[-614.4,3494.4],[-633.6,3494.4],[-633.6,3456],[-652.8,3456],[-652.8,3436.7999999999997],[-633.6,3436.7999999999997],[-633.6,3417.6],[-614.4,3417.6],[-614.4,3398.4],[-595.1999999999999,3398.4],[-595.1999999999999,3379.2],[-576,3379.2],[-576,3360],[-537.6,3360],[-537.6,3340.7999999999997],[-499.2,3340.7999999999997],[-499.2,3321.6],[-460.79999999999995,3321.6],[-460.79999999999995,3302.4],[-422.4,3302.4],[-422.4,3283.2],[-403.2,3283.2],[-403.2,3264],[-364.8,3264],[-364.8,3244.7999999999997],[-345.59999999999997,3244.7999999999997],[-345.59999999999997,3225.6],[-326.4,3225.6],[-326.4,3206.4],[-288,3206.4],[-288,3187.2],[-268.8,3187.2],[-268.8,3168],[-230.39999999999998,3168],[-230.39999999999998,3148.7999999999997],[-211.2,3148.7999999999997],[-211.2,3129.6],[-172.79999999999998,3129.6],[-172.79999999999998,3110.4],[-134.4,3110.4],[-134.4,3091.2],[-96,3091.2],[-96,3072],[-19.2,3072],[-19.2,3052.7999999999997],[38.4,3052.7999999999997],[38.4,3033.6],[96,3033.6],[96,3014.4],[134.4,3014.4],[134.4,2995.2],[153.6,2995.2],[153.6,2976],[172.79999999999998,2976],[172.79999999999998,2937.6],[192,2937.6],[192,2918.4],[211.2,2918.4],[211.2,2899.2],[230.39999999999998,2899.2],[230.39999999999998,2880],[249.6,2880],[249.6,2860.7999999999997],[268.8,2860.7999999999997],[268.8,2841.6],[288,2841.6],[288,2822.4],[307.2,2822.4],[307.2,2803.2],[345.59999999999997,2803.2],[345.59999999999997,2784],[364.8,2784],[364.8,2764.7999999999997],[384,2764.7999999999997],[384,2745.6],[403.2,2745.6],[403.2,2726.4],[422.4,2726.4],[422.4,2707.2],[441.59999999999997,2707.2],[441.59999999999997,2688],[460.79999999999995,2688],[460.79999999999995,2668.7999999999997],[480,2668.7999999999997],[480,2649.6],[499.2,2649.6],[499.2,2630.4],[518.4,2630.4],[518.4,2611.2],[556.8,2611.2],[556.8,2592],[595.1999999999999,2592],[595.1999999999999,2572.7999999999997],[672,2572.7999999999997],[672,2553.6]]],[[[172.79999999999998,4684.8],[345.59999999999997,4684.8],[345.59999999999997,4742.4],[172.79999999999998,4742.4],[172.79999999999998,4723.2],[153.6,4723.2],[153.6,4704],[172.79999999999998,4704],[172.79999999999998,4684.8]]]]}},{"type":"Feature","properties":{"kind":"park","id":117,"name":"Technological Institute of Costa Tijuca"},"geometry":{"type":"MultiPolygon","coordinates":[[[[2073.6,-3148.7999999999997],[2150.4,-3148.7999999999997],[2150.4,-3091.2],[2169.6,-3091.2],[2169.6,-3052.7999999999997],[2188.7999999999997,-3052.7999999999997],[2188.7999999999997,-2995.2],[2208,-2995.2],[2208,-2918.4],[2227.2,-2918.4],[2227.2,-2822.4],[2246.4,-2822.4],[2246.4,-2784],[2265.6,-2784],[2265.6,-2726.4],[2284.7999999999997,-2726.4],[2284.7999999999997,-2668.7999999999997],[2304,-2668.7999999999997],[2304,-2592],[2323.2,-2592],[2323.2,-2534.4],[2342.4,-2534.4],[2342.4,-2457.6],[2361.6,-2457.6],[2361.6,-2400],[2380.7999999999997,-2400],[2380.7999999999997,-2323.2],[2400,-2323.2],[2400,-2284.7999999999997],[2419.2,-2284.7999999999997],[2419.2,-2227.2],[2438.4,-2227.2],[2438.4,-2131.2],[2457.6,-2131.2],[2457.6,-2092.7999999999997],[2476.7999999999997,-2092.7999999999997],[2476.7999999999997,-2054.4],[2438.4,-2054.4],[2438.4,-2035.1999999999998],[2400,-2035.1999999999998],[2400,-2016],[2361.6,-2016],[2361.6,-1996.8],[2323.2,-1996.8],[2323.2,-1977.6],[2265.6,-1977.6],[2265.6,-1958.3999999999999],[2227.2,-1958.3999999999999],[2227.2,-1939.1999999999998],[2169.6,-1939.1999999999998],[2169.6,-1920],[2112,-1920],[2112,-1900.8],[2054.4,-1900.8],[2054.4,-1881.6],[1996.8,-1881.6],[1996.8,-1862.3999999999999],[1939.1999999999998,-1862.3999999999999],[1939.1999999999998,-1843.1999999999998],[1766.3999999999999,-1843.1999999999998],[1766.3999999999999,-1862.3999999999999],[1747.2,-1862.3999999999999],[1747.2,-1881.6],[1728,-1881.6],[1728,-1900.8],[1708.8,-1900.8],[1708.8,-1920],[1689.6,-1920],[1689.6,-1939.1999999999998],[1670.3999999999999,-1939.1999999999998],[1670.3999999999999,-1977.6],[1651.2,-1977.6],[1651.2,-2016],[1632,-2016],[1632,-2073.6],[1612.8,-2073.6],[1612.8,-2284.7999999999997],[1632,-2284.7999999999997],[1632,-2342.4],[1651.2,-2342.4],[1651.2,-2419.2],[1670.3999999999999,-2419.2],[1670.3999999999999,-2476.7999999999997],[1689.6,-2476.7999999999997],[1689.6,-2553.6],[1708.8,-2553.6],[1708.8,-2630.4],[1728,-2630.4],[1728,-2688],[1747.2,-2688],[1747.2,-2764.7999999999997],[1728,-2764.7999999999997],[1728,-2822.4],[1708.8,-2822.4],[1708.8,-2880],[1689.6,-2880],[1689.6,-2937.6],[1670.3999999999999,-2937.6],[1670.3999999999999,-2995.2],[1651.2,-2995.2],[1651.2,-3033.6],[1747.2,-3033.6],[1747.2,-3052.7999999999997],[1824,-3052.7999999999997],[1824,-3072],[1900.8,-3072],[1900.8,-3091.2],[1958.3999999999999,-3091.2],[1958.3999999999999,-3110.4],[2016,-3110.4],[2016,-3129.6],[2073.6,-3129.6],[2073.6,-3148.7999999999997]]]]}},{"type":"Feature","properties":{"kind":"park","id":118,"name":"Strawberry Pit"},"geometry":{"type":"MultiPolygon","coordinates":[[[[-4761.599999999999,2054.4],[-4569.599999999999,2054.4],[-4569.599999999999,2073.6],[-4512,2073.6],[-4512,2092.7999999999997],[-4473.599999999999,2092.7999999999997],[-4473.599999999999,2112],[-4416,2112],[-4416,2131.2],[-4377.599999999999,2131.2],[-4377.599999999999,2150.4],[-4339.2,2150.4],[-4339.2,2169.6],[-4320,2169.6],[-4320,2188.7999999999997],[-4281.599999999999,2188.7999999999997],[-4281.599999999999,2208],[-4262.4,2208],[-4262.4,2227.2],[-4224,2227.2],[-4224,2246.4],[-4204.8,2246.4],[-4204.8,2265.6],[-4185.599999999999,2265.6],[-4185.599999999999,2284.7999999999997],[-4147.2,2284.7999999999997],[-4147.2,2304],[-4089.6,2304],[-4089.6,2323.2],[-4032,2323.2],[-4032,2342.4],[-3974.3999999999996,2342.4],[-3974.3999999999996,2361.6],[-3878.3999999999996,2361.6],[-3878.3999999999996,2380.7999999999997],[-3801.6,2380.7999999999997],[-3801.6,2400],[-3571.2,2400],[-3571.2,2380.7999999999997],[-3494.4,2380.7999999999997],[-3494.4,2361.6],[-3436.7999999999997,2361.6],[-3436.7999999999997,2342.4],[-3379.2,2342.4],[-3379.2,2323.2],[-3302.4,2323.2],[-3302.4,2304],[-3225.6,2304],[-3225.6,2284.7999999999997],[-3110.4,2284.7999999999997],[-3110.4,2265.6],[-2822.4,2265.6],[-2822.4,2284.7999999999997],[-2592,2284.7999999999997],[-2592,2304],[-2515.2,2304],[-2515.2,2323.2],[-2457.6,2323.2],[-2457.6,2342.4],[-2419.2,2342.4],[-2419.2,2361.6],[-2400,2361.6],[-2400,2380.7999999999997],[-2380.7999999999997,2380.7999999999997],[-2380.7999999999997,2400],[-2361.6,2400],[-2361.6,2419.2],[-2342.4,2419.2],[-2342.4,2438.4],[-2323.2,2438.4],[-2323.2,2457.6],[-2304,2457.6],[-2304,2476.7999999999997],[-2284.7999999999997,2476.7999999999997],[-2284.7999999999997,2515.2],[-2265.6,2515.2],[-2265.6,2534.4],[-2246.4,2534.4],[-2246.4,2572.7999999999997],[-2227.2,2572.7999999999997],[-2227.2,2592],[-2208,2592],[-2208,2611.2],[-2188.7999999999997,2611.2],[-2188.7999999999997,2649.6],[-2169.6,2649.6],[-2169.6,2668.7999999999997],[-2150.4,2668.7999999999997],[-2150.4,2688],[-2131.2,2688],[-2131.2,2707.2],[-2112,2707.2],[-2112,2745.6],[-2092.7999999999997,2745.6],[-2092.7999999999997,2764.7999999999997],[-2073.6,2764.7999999999997],[-2073.6,2803.2],[-2054.4,2803.2],[-2054.4,2822.4],[-2035.1999999999998,2822.4],[-2035.1999999999998,2860.7999999999997],[-2016,2860.7999999999997],[-2016,2899.2],[-1996.8,2899.2],[-1996.8,2937.6],[-1977.6,2937.6],[-1977.6,2956.7999999999997],[-1958.3999999999999,2956.7999999999997],[-1958.3999999999999,2995.2],[-1939.1999999999998,2995.2],[-1939.1999999999998,3014.4],[-1920,3014.4],[-1920,3052.7999999999997],[-1900.8,3052.7999999999997],[-1900.8,3072],[-1881.6,3072],[-1881.6,3110.4],[-1862.3999999999999,3110.4],[-1862.3999999999999,3129.6],[-1843.1999999999998,3129.6],[-1843.1999999999998,3148.7999999999997],[-1824,3148.7999999999997],[-1824,3187.2],[-1804.8,3187.2],[-1804.8,3225.6],[-1785.6,3225.6],[-1785.6,3264],[-1766.3999999999999,3264],[-1766.3999999999999,3302.4],[-1747.2,3302.4],[-1747.2,3340.7999999999997],[-1728,3340.7999999999997],[-1728,3398.4],[-1708.8,3398.4],[-1708.8,3436.7999999999997],[-1689.6,3436.7999999999997],[-1689.6,3494.4],[-1670.3999999999999,3494.4],[-1670.3999999999999,3628.7999999999997],[-1689.6,3628.7999999999997],[-1689.6,3667.2],[-1708.8,3667.2],[-1708.8,3705.6],[-1728,3705.6],[-1728,3724.7999999999997],[-1747.2,3724.7999999999997],[-1747.2,3744],[-1766.3999999999999,3744],[-1766.3999999999999,3782.3999999999996],[-1804.8,3782.3999999999996],[-1804.8,3801.6],[-1824,3801.6],[-1824,3820.7999999999997],[-1881.6,3820.7999999999997],[-1881.6,3840],[-1900.8,3840],[-1900.8,3859.2],[-1920,3859.2],[-1920,3878.3999999999996],[-1939.1999999999998,3878.3999999999996],[-1939.1999999999998,3897.6],[-1958.3999999999999,3897.6],[-1958.3999999999999,3916.7999999999997],[-1977.6,3916.7999999999997],[-1977.6,3936],[-1996.8,3936],[-1996.8,3974.3999999999996],[-2016,3974.3999999999996],[-2016,3993.6],[-2035.1999999999998,3993.6],[-2035.1999999999998,4032],[-2054.4,4032],[-2054.4,4070.3999999999996],[-2073.6,4070.3999999999996],[-2073.6,4089.6],[-2092.7999999999997,4089.6],[-2092.7999999999997,4128],[-2112,4128],[-2112,4147.2],[-2131.2,4147.2],[-2131.2,4185.599999999999],[-2150.4,4185.599999999999],[-2150.4,4204.8],[-2169.6,4204.8],[-2169.6,4243.2],[-2188.7999999999997,4243.2],[-2188.7999999999997,4281.599999999999],[-2208,4281.599999999999],[-2208,4320],[-2227.2,4320],[-2227.2,4358.4],[-2246.4,4358.4],[-2246.4,4416],[-2265.6,4416],[-2265.6,4435.2],[-2284.7999999999997,4435.2],[-2284.7999999999997,4473.599999999999],[-2304,4473.599999999999],[-2304,4492.8],[-2323.2,4492.8],[-2323.2,4531.2],[-2342.4,4531.2],[-2342.4,4550.4],[-2361.6,4550.4],[-2361.6,4569.599999999999],[-2380.7999999999997,4569.599999999999],[-2380.7999999999997,4588.8],[-2400,4588.8],[-2400,4608],[-2438.4,4608],[-2438.4,4646.4],[-2457.6,4646.4],[-2457.6,4704],[-2476.7999999999997,4704],[-2476.7999999999997,4742.4],[-2496,4742.4],[-2496,4819.2],[-2515.2,4819.2],[-2515.2,5184],[-2534.4,5184],[-2534.4,5222.4],[-2553.6,5222.4],[-2553.6,5299.2],[-2572.7999999999997,5299.2],[-2572.7999999999997,5356.8],[-2592,5356.8],[-2592,5395.2],[-2611.2,5395.2],[-2611.2,5433.599999999999],[-2630.4,5433.599999999999],[-2630.4,5472],[-2649.6,5472],[-2649.6,5510.4],[-2668.7999999999997,5510.4],[-2668.7999999999997,5529.599999999999],[-2688,5529.599999999999],[-2688,5548.8],[-2707.2,5548.8],[-2707.2,5568],[-2745.6,5568],[-2745.6,5587.2],[-2764.7999999999997,5587.2],[-2764.7999999999997,5606.4],[-2803.2,5606.4],[-2803.2,5625.599999999999],[-2841.6,5625.599999999999],[-2841.6,5644.8],[-2899.2,5644.8],[-2899.2,5664],[-2976,5664],[-2976,5683.2],[-3052.7999999999997,5683.2],[-3052.7999999999997,5702.4],[-3206.4,5702.4],[-3206.4,5721.599999999999],[-3360,5721.599999999999],[-3360,5740.8],[-3494.4,5740.8],[-3494.4,5721.599999999999],[-3609.6,5721.599999999999],[-3609.6,5702.4],[-3648,5702.4],[-3648,5683.2],[-3686.3999999999996,5683.2],[-3686.3999999999996,5664],[-3724.7999999999997,5664],[-3724.7999999999997,5644.8],[-3744,5644.8],[-3744,5625.599999999999],[-3763.2,5625.599999999999],[-3763.2,5606.4],[-3782.3999999999996,5606.4],[-3782.3999999999996,5587.2],[-3820.7999999999997,5587.2],[-3820.7999999999997,5568],[-3840,5568],[-3840,5548.8],[-3859.2,5548.8],[-3859.2,5529.599999999999],[-3878.3999999999996,5529.599999999999],[-3878.3999999999996,5510.4],[-3897.6,5510.4],[-3897.6,5472],[-3916.7999999999997,5472],[-3916.7999999999997,5452.8],[-3936,5452.8],[-3936,5414.4],[-3955.2,5414.4],[-3955.2,5376],[-3974.3999999999996,5376],[-3974.3999999999996,5318.4],[-3993.6,5318.4],[-3993.6,5203.2],[-3974.3999999999996,5203.2],[-3974.3999999999996,5107.2],[-3993.6,5107.2],[-3993.6,5049.599999999999],[-4012.7999999999997,5049.599999999999],[-4012.7999999999997,5030.4],[-4032,5030.4],[-4032,5011.2],[-4051.2,5011.2],[-4051.2,4992],[-4070.3999999999996,4992],[-4070.3999999999996,4972.8],[-4108.8,4972.8],[-4108.8,4953.599999999999],[-4128,4953.599999999999],[-4128,4934.4],[-4147.2,4934.4],[-4147.2,4915.2],[-4166.4,4915.2],[-4166.4,4896],[-4204.8,4896],[-4204.8,4876.8],[-4224,4876.8],[-4224,4857.599999999999],[-4243.2,4857.599999999999],[-4243.2,4838.4],[-4262.4,4838.4],[-4262.4,4800],[-4281.599999999999,4800],[-4281.599999999999,4780.8],[-4300.8,4780.8],[-4300.8,4723.2],[-4320,4723.2],[-4320,4569.599999999999],[-4339.2,4569.599999999999],[-4339.2,4550.4],[-4377.599999999999,4550.4],[-4377.599999999999,4512],[-4396.8,4512],[-4396.8,4492.8],[-4416,4492.8],[-4416,4473.599999999999],[-4435.2,4473.599999999999],[-4435.2,4454.4],[-4454.4,4454.4],[-4454.4,4435.2],[-4473.599999999999,4435.2],[-4473.599999999999,4416],[-4492.8,4416],[-4492.8,4396.8],[-4512,4396.8],[-4512,4377.599999999999],[-4531.2,4377.599999999999],[-4531.2,4358.4],[-4550.4,4358.4],[-4550.4,4339.2],[-4684.8,4339.2],[-4684.8,4358.4],[-4704,4358.4],[-4704,4377.599999999999],[-4742.4,4377.599999999999],[-4742.4,4396.8],[-4761.599999999999,4396.8],[-4761.599999999999,4416],[-4780.8,4416],[-4780.8,4435.2],[-4800,4435.2],[-4800,4454.4],[-4838.4,4454.4],[-4838.4,4473.599999999999],[-4857.599999999999,4473.599999999999],[-4857.599999999999,4492.8],[-4876.8,4492.8],[-4876.8,4512],[-4915.2,4512],[-4915.2,4531.2],[-4953.599999999999,4531.2],[-4953.599999999999,4550.4],[-4972.8,4550.4],[-4972.8,4569.599999999999],[-5011.2,4569.599999999999],[-5011.2,4588.8],[-5126.4,4588.8],[-5126.4,4608],[-5184,4608],[-5184,4588.8],[-5414.4,4588.8],[-5414.4,4569.599999999999],[-5510.4,4569.599999999999],[-5510.4,4550.4],[-5568,4550.4],[-5568,4531.2],[-5606.4,4531.2],[-5606.4,4512],[-5664,4512],[-5664,4492.8],[-5702.4,4492.8],[-5702.4,4473.599999999999],[-5740.8,4473.599999999999],[-5740.8,4454.4],[-5779.2,4454.4],[-5779.2,4435.2],[-5836.8,4435.2],[-5836.8,4416],[-5875.2,4416],[-5875.2,4396.8],[-5894.4,4396.8],[-5894.4,4377.599999999999],[-5932.8,4377.599999999999],[-5932.8,4358.4],[-5952,4358.4],[-5952,4339.2],[-5990.4,4339.2],[-5990.4,4320],[-6048,4320],[-6048,4300.8],[-6086.4,4300.8],[-6086.4,4281.599999999999],[-6124.8,4281.599999999999],[-6124.8,4262.4],[-6163.2,4262.4],[-6163.2,4243.2],[-6220.8,4243.2],[-6220.8,4224],[-6278.4,4224],[-6278.4,4204.8],[-6316.8,4204.8],[-6316.8,4185.599999999999],[-6336,4185.599999999999],[-6336,4147.2],[-6355.2,4147.2],[-6355.2,4032],[-6336,4032],[-6336,3993.6],[-6316.8,3993.6],[-6316.8,3916.7999999999997],[-6297.599999999999,3916.7999999999997],[-6297.599999999999,3897.6],[-6278.4,3897.6],[-6278.4,3878.3999999999996],[-6259.2,3878.3999999999996],[-6259.2,3859.2],[-6240,3859.2],[-6240,3840],[-6220.8,3840],[-6220.8,3820.7999999999997],[-6182.4,3820.7999999999997],[-6182.4,3801.6],[-6163.2,3801.6],[-6163.2,3782.3999999999996],[-6144,3782.3999999999996],[-6144,3763.2],[-6124.8,3763.2],[-6124.8,3724.7999999999997],[-6105.599999999999,3724.7999999999997],[-6105.599999999999,3686.3999999999996],[-6086.4,3686.3999999999996],[-6086.4,3648],[-6067.2,3648],[-6067.2,3609.6],[-6048,3609.6],[-6048,3571.2],[-6028.8,3571.2],[-6028.8,3532.7999999999997],[-6009.599999999999,3532.7999999999997],[-6009.599999999999,3494.4],[-5990.4,3494.4],[-5990.4,3456],[-5971.2,3456],[-5971.2,3417.6],[-5952,3417.6],[-5952,3360],[-5932.8,3360],[-5932.8,3302.4],[-5913.599999999999,3302.4],[-5913.599999999999,3264],[-5894.4,3264],[-5894.4,3225.6],[-5875.2,3225.6],[-5875.2,3187.2],[-5856,3187.2],[-5856,3129.6],[-5836.8,3129.6],[-5836.8,3091.2],[-5817.599999999999,3091.2],[-5817.599999999999,3033.6],[-5798.4,3033.6],[-5798.4,2745.6],[-5779.2,2745.6],[-5779.2,2649.6],[-5798.4,2649.6],[-5798.4,2630.4],[-5779.2,2630.4],[-5779.2,2534.4],[-5760,2534.4],[-5760,2496],[-5740.8,2496],[-5740.8,2476.7999999999997],[-5721.599999999999,2476.7999999999997],[-5721.599999999999,2457.6],[-5683.2,2457.6],[-5683.2,2438.4],[-5568,2438.4],[-5568,2419.2],[-5529.599999999999,2419.2],[-5529.599999999999,2400],[-5491.2,2400],[-5491.2,2380.7999999999997],[-5414.4,2380.7999999999997],[-5414.4,2361.6],[-5260.8,2361.6],[-5260.8,2342.4],[-5184,2342.4],[-5184,2323.2],[-5107.2,2323.2],[-5107.2,2304],[-5030.4,2304],[-5030.4,2284.7999999999997],[-5011.2,2284.7999999999997],[-5011.2,2265.6],[-4972.8,2265.6],[-4972.8,2246.4],[-4953.599999999999,2246.4],[-4953.599999999999,2227.2],[-4934.4,2227.2],[-4934.4,2208],[-4915.2,2208],[-4915.2,2188.7999999999997],[-4896,2188.7999999999997],[-4896,2169.6],[-4876.8,2169.6],[-4876.8,2150.4],[-4857.599999999999,2150.4],[-4857.599999999999,2131.2],[-4838.4,2131.2],[-4838.4,2112],[-4819.2,2112],[-4819.2,2092.7999999999997],[-4800,2092.7999999999997],[-4800,2073.6],[-4761.599999999999,2073.6],[-4761.599999999999,2054.4]]]]}},{"type":"Feature","properties":{"kind":"park","id":119,"name":"Lafayette Hill"},"geometry":{"type":"MultiPolygon","coordinates":[[[[1536,-3724.7999999999997],[1632,-3724.7999999999997],[1632,-3705.6],[1651.2,-3705.6],[1651.2,-3667.2],[1632,-3667.2],[1632,-3628.7999999999997],[1612.8,-3628.7999999999997],[1612.8,-3590.4],[1593.6,-3590.4],[1593.6,-3552],[1574.3999999999999,-3552],[1574.3999999999999,-3532.7999999999997],[1497.6,-3532.7999999999997],[1497.6,-3513.6],[1440,-3513.6],[1440,-3494.4],[1152,-3494.4],[1152,-3513.6],[998.4,-3513.6],[998.4,-3532.7999999999997],[864,-3532.7999999999997],[864,-3552],[710.4,-3552],[710.4,-3571.2],[518.4,-3571.2],[518.4,-3590.4],[499.2,-3590.4],[499.2,-3667.2],[518.4,-3667.2],[518.4,-3686.3999999999996],[729.6,-3686.3999999999996],[729.6,-3667.2],[864,-3667.2],[864,-3648],[1017.5999999999999,-3648],[1017.5999999999999,-3628.7999999999997],[1152,-3628.7999999999997],[1152,-3609.6],[1286.3999999999999,-3609.6],[1286.3999999999999,-3590.4],[1382.3999999999999,-3590.4],[1382.3999999999999,-3609.6],[1420.8,-3609.6],[1420.8,-3628.7999999999997],[1497.6,-3628.7999999999997],[1497.6,-3667.2],[1516.8,-3667.2],[1516.8,-3705.6],[1536,-3705.6],[1536,-3724.7999999999997]]]]}},{"type":"Feature","properties":{"kind":"park","id":120,"name":"Butler Logging Area Site"},"geometry":{"type":"MultiPolygon","coordinates":[[[[-5049.599999999999,-1612.8],[-4915.2,-1612.8],[-4915.2,-1593.6],[-4896,-1593.6],[-4896,-1574.3999999999999],[-4876.8,-1574.3999999999999],[-4876.8,-1555.2],[-4857.599999999999,-1555.2],[-4857.599999999999,-1536],[-4838.4,-1536],[-4838.4,-1363.2],[-4819.2,-1363.2],[-4819.2,-1344],[-4800,-1344],[-4800,-1305.6],[-4780.8,-1305.6],[-4780.8,-1190.3999999999999],[-4800,-1190.3999999999999],[-4800,-1113.6],[-4819.2,-1113.6],[-4819.2,-1075.2],[-4838.4,-1075.2],[-4838.4,-1056],[-4857.599999999999,-1056],[-4857.599999999999,-1036.8],[-4876.8,-1036.8],[-4876.8,-1017.5999999999999],[-4896,-1017.5999999999999],[-4896,-960],[-4876.8,-960],[-4876.8,-921.5999999999999],[-4857.599999999999,-921.5999999999999],[-4857.599999999999,-825.6],[-4876.8,-825.6],[-4876.8,-768],[-4896,-768],[-4896,-710.4],[-4876.8,-710.4],[-4876.8,-691.1999999999999],[-4857.599999999999,-691.1999999999999],[-4857.599999999999,-672],[-4761.599999999999,-672],[-4761.599999999999,-729.6],[-4742.4,-729.6],[-4742.4,-768],[-4723.2,-768],[-4723.2,-806.4],[-4704,-806.4],[-4704,-825.6],[-4684.8,-825.6],[-4684.8,-844.8],[-4646.4,-844.8],[-4646.4,-864],[-4550.4,-864],[-4550.4,-902.4],[-4531.2,-902.4],[-4531.2,-1209.6],[-4512,-1209.6],[-4512,-1305.6],[-4492.8,-1305.6],[-4492.8,-1401.6],[-4473.599999999999,-1401.6],[-4473.599999999999,-1440],[-4454.4,-1440],[-4454.4,-1478.3999999999999],[-4416,-1478.3999999999999],[-4416,-1497.6],[-4377.599999999999,-1497.6],[-4377.599999999999,-1516.8],[-4224,-1516.8],[-4224,-1497.6],[-4185.599999999999,-1497.6],[-4185.599999999999,-1478.3999999999999],[-4147.2,-1478.3999999999999],[-4147.2,-1459.2],[-4128,-1459.2],[-4128,-1440],[-4108.8,-1440],[-4108.8,-1420.8],[-4089.6,-1420.8],[-4089.6,-1382.3999999999999],[-4070.3999999999996,-1382.3999999999999],[-4070.3999999999996,-1324.8],[-4051.2,-1324.8],[-4051.2,-1248],[-4070.3999999999996,-1248],[-4070.3999999999996,-1132.8],[-4089.6,-1132.8],[-4089.6,-1094.3999999999999],[-4108.8,-1094.3999999999999],[-4108.8,-1036.8],[-4128,-1036.8],[-4128,-998.4],[-4147.2,-998.4],[-4147.2,-979.1999999999999],[-4166.4,-979.1999999999999],[-4166.4,-940.8],[-4185.599999999999,-940.8],[-4185.599999999999,-902.4],[-4204.8,-902.4],[-4204.8,-883.1999999999999],[-4224,-883.1999999999999],[-4224,-864],[-4243.2,-864],[-4243.2,-825.6],[-4262.4,-825.6],[-4262.4,-710.4],[-4281.599999999999,-710.4],[-4281.599999999999,-652.8],[-4300.8,-652.8],[-4300.8,-614.4],[-4320,-614.4],[-4320,-576],[-4339.2,-576],[-4339.2,-537.6],[-4320,-537.6],[-4320,-499.2],[-4300.8,-499.2],[-4300.8,-480],[-4281.599999999999,-480],[-4281.599999999999,-441.59999999999997],[-4262.4,-441.59999999999997],[-4262.4,-307.2],[-4281.599999999999,-307.2],[-4281.599999999999,-288],[-4300.8,-288],[-4300.8,-268.8],[-4320,-268.8],[-4320,-249.6],[-4339.2,-249.6],[-4339.2,-230.39999999999998],[-4377.599999999999,-230.39999999999998],[-4377.599999999999,-211.2],[-4416,-211.2],[-4416,-192],[-4435.2,-192],[-4435.2,-172.79999999999998],[-4454.4,-172.79999999999998],[-4454.4,-134.4],[-4473.599999999999,-134.4],[-4473.599999999999,-96],[-4492.8,-96],[-4492.8,-76.8],[-4512,-76.8],[-4512,-38.4],[-4531.2,-38.4],[-4531.2,-19.2],[-4550.4,-19.2],[-4550.4,38.4],[-4569.599999999999,38.4],[-4569.599999999999,76.8],[-4588.8,76.8],[-4588.8,96],[-4608,96],[-4608,115.19999999999999],[-4646.4,115.19999999999999],[-4646.4,134.4],[-4665.599999999999,134.4],[-4665.599999999999,172.79999999999998],[-4684.8,172.79999999999998],[-4684.8,192],[-4704,192],[-4704,211.2],[-4723.2,211.2],[-4723.2,230.39999999999998],[-4742.4,230.39999999999998],[-4742.4,249.6],[-4761.599999999999,249.6],[-4761.599999999999,288],[-4780.8,288],[-4780.8,307.2],[-4800,307.2],[-4800,345.59999999999997],[-4819.2,345.59999999999997],[-4819.2,364.8],[-4838.4,364.8],[-4838.4,422.4],[-4857.599999999999,422.4],[-4857.599999999999,518.4],[-4876.8,518.4],[-4876.8,652.8],[-4857.599999999999,652.8],[-4857.599999999999,691.1999999999999],[-4838.4,691.1999999999999],[-4838.4,729.6],[-4819.2,729.6],[-4819.2,748.8],[-4780.8,748.8],[-4780.8,768],[-4723.2,768],[-4723.2,787.1999999999999],[-4684.8,787.1999999999999],[-4684.8,806.4],[-4665.599999999999,806.4],[-4665.599999999999,825.6],[-4646.4,825.6],[-4646.4,844.8],[-4627.2,844.8],[-4627.2,979.1999999999999],[-4646.4,979.1999999999999],[-4646.4,1036.8],[-4665.599999999999,1036.8],[-4665.599999999999,1075.2],[-4684.8,1075.2],[-4684.8,1094.3999999999999],[-4704,1094.3999999999999],[-4704,1132.8],[-4742.4,1132.8],[-4742.4,1152],[-4761.599999999999,1152],[-4761.599999999999,1171.2],[-4800,1171.2],[-4800,1190.3999999999999],[-4819.2,1190.3999999999999],[-4819.2,1209.6],[-4857.599999999999,1209.6],[-4857.599999999999,1228.8],[-4934.4,1228.8],[-4934.4,1248],[-4992,1248],[-4992,1267.2],[-5030.4,1267.2],[-5030.4,1286.3999999999999],[-5088,1286.3999999999999],[-5088,1305.6],[-5145.599999999999,1305.6],[-5145.599999999999,1324.8],[-5203.2,1324.8],[-5203.2,1344],[-5241.599999999999,1344],[-5241.599999999999,1363.2],[-5299.2,1363.2],[-5299.2,1382.3999999999999],[-5356.8,1382.3999999999999],[-5356.8,1401.6],[-5414.4,1401.6],[-5414.4,1420.8],[-5472,1420.8],[-5472,1440],[-5587.2,1440],[-5587.2,1420.8],[-5625.599999999999,1420.8],[-5625.599999999999,1401.6],[-5644.8,1401.6],[-5644.8,1382.3999999999999],[-5683.2,1382.3999999999999],[-5683.2,1344],[-5702.4,1344],[-5702.4,1324.8],[-5721.599999999999,1324.8],[-5721.599999999999,1190.3999999999999],[-5740.8,1190.3999999999999],[-5740.8,1152],[-5760,1152],[-5760,1094.3999999999999],[-5779.2,1094.3999999999999],[-5779.2,1056],[-5798.4,1056],[-5798.4,960],[-5817.599999999999,960],[-5817.599999999999,844.8],[-5836.8,844.8],[-5836.8,288],[-5817.599999999999,288],[-5817.599999999999,-134.4],[-5798.4,-134.4],[-5798.4,-211.2],[-5779.2,-211.2],[-5779.2,-288],[-5760,-288],[-5760,-345.59999999999997],[-5740.8,-345.59999999999997],[-5740.8,-384],[-5721.599999999999,-384],[-5721.599999999999,-422.4],[-5702.4,-422.4],[-5702.4,-460.79999999999995],[-5683.2,-460.79999999999995],[-5683.2,-499.2],[-5664,-499.2],[-5664,-518.4],[-5644.8,-518.4],[-5644.8,-556.8],[-5625.599999999999,-556.8],[-5625.599999999999,-595.1999999999999],[-5606.4,-595.1999999999999],[-5606.4,-633.6],[-5587.2,-633.6],[-5587.2,-672],[-5568,-672],[-5568,-691.1999999999999],[-5548.8,-691.1999999999999],[-5548.8,-710.4],[-5529.599999999999,-710.4],[-5529.599999999999,-729.6],[-5510.4,-729.6],[-5510.4,-748.8],[-5491.2,-748.8],[-5491.2,-768],[-5472,-768],[-5472,-787.1999999999999],[-5433.599999999999,-787.1999999999999],[-5433.599999999999,-806.4],[-5414.4,-806.4],[-5414.4,-844.8],[-5395.2,-844.8],[-5395.2,-883.1999999999999],[-5376,-883.1999999999999],[-5376,-940.8],[-5356.8,-940.8],[-5356.8,-979.1999999999999],[-5337.599999999999,-979.1999999999999],[-5337.599999999999,-1036.8],[-5318.4,-1036.8],[-5318.4,-1075.2],[-5299.2,-1075.2],[-5299.2,-1132.8],[-5280,-1132.8],[-5280,-1171.2],[-5260.8,-1171.2],[-5260.8,-1209.6],[-5241.599999999999,-1209.6],[-5241.599999999999,-1267.2],[-5222.4,-1267.2],[-5222.4,-1305.6],[-5203.2,-1305.6],[-5203.2,-1363.2],[-5184,-1363.2],[-5184,-1440],[-5164.8,-1440],[-5164.8,-1497.6],[-5145.599999999999,-1497.6],[-5145.599999999999,-1516.8],[-5126.4,-1516.8],[-5126.4,-1555.2],[-5107.2,-1555.2],[-5107.2,-1574.3999999999999],[-5088,-1574.3999999999999],[-5088,-1593.6],[-5049.599999999999,-1593.6],[-5049.599999999999,-1612.8]]]]}},{"type":"Feature","properties":{"kind":"park","id":121,"name":"Tijuca Football Club"},"geometry":{"type":"MultiPolygon","coordinates":[[[[1171.2,-3052.7999999999997],[1305.6,-3052.7999999999997],[1305.6,-3033.6],[1344,-3033.6],[1344,-3014.4],[1382.3999999999999,-3014.4],[1382.3999999999999,-3033.6],[1420.8,-3033.6],[1420.8,-3052.7999999999997],[1497.6,-3052.7999999999997],[1497.6,-3033.6],[1536,-3033.6],[1536,-3014.4],[1555.2,-3014.4],[1555.2,-2995.2],[1574.3999999999999,-2995.2],[1574.3999999999999,-2976],[1593.6,-2976],[1593.6,-2956.7999999999997],[1612.8,-2956.7999999999997],[1612.8,-2937.6],[1632,-2937.6],[1632,-2899.2],[1651.2,-2899.2],[1651.2,-2841.6],[1670.3999999999999,-2841.6],[1670.3999999999999,-2764.7999999999997],[1689.6,-2764.7999999999997],[1689.6,-2707.2],[1708.8,-2707.2],[1708.8,-2688],[1728,-2688],[1728,-2630.4],[1708.8,-2630.4],[1708.8,-2553.6],[1689.6,-2553.6],[1689.6,-2476.7999999999997],[1670.3999999999999,-2476.7999999999997],[1670.3999999999999,-2419.2],[1651.2,-2419.2],[1651.2,-2342.4],[1632,-2342.4],[1632,-2323.2],[1555.2,-2323.2],[1555.2,-2342.4],[1536,-2342.4],[1536,-2380.7999999999997],[1516.8,-2380.7999999999997],[1516.8,-2438.4],[1497.6,-2438.4],[1497.6,-2457.6],[1478.3999999999999,-2457.6],[1478.3999999999999,-2438.4],[1420.8,-2438.4],[1420.8,-2419.2],[1363.2,-2419.2],[1363.2,-2400],[1305.6,-2400],[1305.6,-2380.7999999999997],[1248,-2380.7999999999997],[1248,-2361.6],[1190.3999999999999,-2361.6],[1190.3999999999999,-2342.4],[1152,-2342.4],[1152,-2380.7999999999997],[1132.8,-2380.7999999999997],[1132.8,-2438.4],[1113.6,-2438.4],[1113.6,-2496],[1094.3999999999999,-2496],[1094.3999999999999,-2553.6],[1075.2,-2553.6],[1075.2,-2611.2],[1056,-2611.2],[1056,-2668.7999999999997],[1036.8,-2668.7999999999997],[1036.8,-2707.2],[1075.2,-2707.2],[1075.2,-2726.4],[1094.3999999999999,-2726.4],[1094.3999999999999,-2784],[1075.2,-2784],[1075.2,-2803.2],[1094.3999999999999,-2803.2],[1094.3999999999999,-2841.6],[1113.6,-2841.6],[1113.6,-2880],[1132.8,-2880],[1132.8,-2918.4],[1152,-2918.4],[1152,-2956.7999999999997],[1171.2,-2956.7999999999997],[1171.2,-3014.4],[1152,-3014.4],[1152,-3033.6],[1171.2,-3033.6],[1171.2,-3052.7999999999997]]]]}},{"type":"Feature","properties":{"kind":"park","id":122,"name":"Parque Línear Itape"},"geometry":{"type":"MultiPolygon","coordinates":[[[[1497.6,-3264],[1555.2,-3264],[1555.2,-3225.6],[1536,-3225.6],[1536,-3187.2],[1555.2,-3187.2],[1555.2,-3168],[1574.3999999999999,-3168],[1574.3999999999999,-3148.7999999999997],[1593.6,-3148.7999999999997],[1593.6,-3110.4],[1478.3999999999999,-3110.4],[1478.3999999999999,-3091.2],[1382.3999999999999,-3091.2],[1382.3999999999999,-3072],[1344,-3072],[1344,-3033.6],[1305.6,-3033.6],[1305.6,-3052.7999999999997],[1171.2,-3052.7999999999997],[1171.2,-3033.6],[633.6,-3033.6],[633.6,-3014.4],[576,-3014.4],[576,-2995.2],[460.79999999999995,-2995.2],[460.79999999999995,-3014.4],[422.4,-3014.4],[422.4,-3033.6],[57.599999999999994,-3033.6],[57.599999999999994,-3052.7999999999997],[-76.8,-3052.7999999999997],[-76.8,-3033.6],[-460.79999999999995,-3033.6],[-460.79999999999995,-3014.4],[-480,-3014.4],[-480,-2995.2],[-537.6,-2995.2],[-537.6,-3014.4],[-595.1999999999999,-3014.4],[-595.1999999999999,-3033.6],[-729.6,-3033.6],[-729.6,-3052.7999999999997],[-1670.3999999999999,-3052.7999999999997],[-1670.3999999999999,-3033.6],[-1881.6,-3033.6],[-1881.6,-3014.4],[-2054.4,-3014.4],[-2054.4,-3033.6],[-2150.4,-3033.6],[-2150.4,-3052.7999999999997],[-2304,-3052.7999999999997],[-2304,-3033.6],[-2361.6,-3033.6],[-2361.6,-3014.4],[-2380.7999999999997,-3014.4],[-2380.7999999999997,-3033.6],[-2419.2,-3033.6],[-2419.2,-3052.7999999999997],[-2438.4,-3052.7999999999997],[-2438.4,-3110.4],[-2419.2,-3110.4],[-2419.2,-3129.6],[-2380.7999999999997,-3129.6],[-2380.7999999999997,-3148.7999999999997],[-2169.6,-3148.7999999999997],[-2169.6,-3168],[-2073.6,-3168],[-2073.6,-3187.2],[-2035.1999999999998,-3187.2],[-2035.1999999999998,-3206.4],[-1920,-3206.4],[-1920,-3187.2],[-1843.1999999999998,-3187.2],[-1843.1999999999998,-3168],[-614.4,-3168],[-614.4,-3187.2],[-556.8,-3187.2],[-556.8,-3206.4],[-480,-3206.4],[-480,-3187.2],[-422.4,-3187.2],[-422.4,-3168],[-249.6,-3168],[-249.6,-3148.7999999999997],[345.59999999999997,-3148.7999999999997],[345.59999999999997,-3168],[460.79999999999995,-3168],[460.79999999999995,-3187.2],[537.6,-3187.2],[537.6,-3206.4],[556.8,-3206.4],[556.8,-3187.2],[595.1999999999999,-3187.2],[595.1999999999999,-3168],[710.4,-3168],[710.4,-3148.7999999999997],[1228.8,-3148.7999999999997],[1228.8,-3168],[1324.8,-3168],[1324.8,-3187.2],[1382.3999999999999,-3187.2],[1382.3999999999999,-3206.4],[1440,-3206.4],[1440,-3225.6],[1459.2,-3225.6],[1459.2,-3244.7999999999997],[1497.6,-3244.7999999999997],[1497.6,-3264]]]]}},{"type":"Feature","properties":{"kind":"park","id":123,"name":"Beech Fields"},"geometry":{"type":"MultiPolygon","coordinates":[[[[-345.59999999999997,1286.3999999999999],[-249.6,1286.3999999999999],[-249.6,1305.6],[-230.39999999999998,1305.6],[-230.39999999999998,1324.8],[-211.2,1324.8],[-211.2,1344],[-172.79999999999998,1344],[-172.79999999999998,1363.2],[-153.6,1363.2],[-153.6,1382.3999999999999],[-134.4,1382.3999999999999],[-134.4,1401.6],[-115.19999999999999,1401.6],[-115.19999999999999,1420.8],[-76.8,1420.8],[-76.8,1440],[57.599999999999994,1440],[57.599999999999994,1344],[76.8,1344],[76.8,1324.8],[268.8,1324.8],[268.8,1344],[326.4,1344],[326.4,1363.2],[345.59999999999997,1363.2],[345.59999999999997,1382.3999999999999],[364.8,1382.3999999999999],[364.8,1401.6],[403.2,1401.6],[403.2,1420.8],[441.59999999999997,1420.8],[441.59999999999997,1440],[576,1440],[576,1459.2],[614.4,1459.2],[614.4,1478.3999999999999],[633.6,1478.3999999999999],[633.6,1516.8],[652.8,1516.8],[652.8,1689.6],[710.4,1689.6],[710.4,1708.8],[729.6,1708.8],[729.6,1728],[748.8,1728],[748.8,1747.2],[768,1747.2],[768,1766.3999999999999],[787.1999999999999,1766.3999999999999],[787.1999999999999,1785.6],[806.4,1785.6],[806.4,1824],[825.6,1824],[825.6,1996.8],[844.8,1996.8],[844.8,2016],[864,2016],[864,2035.1999999999998],[902.4,2035.1999999999998],[902.4,1900.8],[921.5999999999999,1900.8],[921.5999999999999,1843.1999999999998],[940.8,1843.1999999999998],[940.8,1804.8],[960,1804.8],[960,1766.3999999999999],[979.1999999999999,1766.3999999999999],[979.1999999999999,1747.2],[998.4,1747.2],[998.4,1728],[1036.8,1728],[1036.8,1708.8],[1113.6,1708.8],[1113.6,1689.6],[1171.2,1689.6],[1171.2,1708.8],[1267.2,1708.8],[1267.2,1728],[1305.6,1728],[1305.6,1747.2],[1344,1747.2],[1344,1766.3999999999999],[1382.3999999999999,1766.3999999999999],[1382.3999999999999,1785.6],[1420.8,1785.6],[1420.8,1766.3999999999999],[1440,1766.3999999999999],[1440,1728],[1459.2,1728],[1459.2,1708.8],[1478.3999999999999,1708.8],[1478.3999999999999,1689.6],[1497.6,1689.6],[1497.6,1670.3999999999999],[1516.8,1670.3999999999999],[1516.8,1651.2],[1536,1651.2],[1536,1632],[1555.2,1632],[1555.2,1612.8],[1593.6,1612.8],[1593.6,1593.6],[1612.8,1593.6],[1612.8,1574.3999999999999],[1632,1574.3999999999999],[1632,1555.2],[1651.2,1555.2],[1651.2,1536],[1689.6,1536],[1689.6,1516.8],[1728,1516.8],[1728,1497.6],[1766.3999999999999,1497.6],[1766.3999999999999,1478.3999999999999],[1824,1478.3999999999999],[1824,1459.2],[1862.3999999999999,1459.2],[1862.3999999999999,1440],[1881.6,1440],[1881.6,1420.8],[1920,1420.8],[1920,1401.6],[1958.3999999999999,1401.6],[1958.3999999999999,1382.3999999999999],[2035.1999999999998,1382.3999999999999],[2035.1999999999998,1401.6],[2073.6,1401.6],[2073.6,1420.8],[2112,1420.8],[2112,1440],[2169.6,1440],[2169.6,1459.2],[2208,1459.2],[2208,1536],[2188.7999999999997,1536],[2188.7999999999997,1593.6],[2169.6,1593.6],[2169.6,1651.2],[2150.4,1651.2],[2150.4,1689.6],[2131.2,1689.6],[2131.2,1728],[2112,1728],[2112,1766.3999999999999],[2092.7999999999997,1766.3999999999999],[2092.7999999999997,1785.6],[2073.6,1785.6],[2073.6,1824],[2054.4,1824],[2054.4,1862.3999999999999],[2035.1999999999998,1862.3999999999999],[2035.1999999999998,1881.6],[2016,1881.6],[2016,1920],[1996.8,1920],[1996.8,1939.1999999999998],[1977.6,1939.1999999999998],[1977.6,1958.3999999999999],[1958.3999999999999,1958.3999999999999],[1958.3999999999999,1977.6],[1939.1999999999998,1977.6],[1939.1999999999998,1996.8],[1920,1996.8],[1920,2016],[1900.8,2016],[1900.8,2035.1999999999998],[1881.6,2035.1999999999998],[1881.6,2054.4],[1862.3999999999999,2054.4],[1862.3999999999999,2073.6],[1843.1999999999998,2073.6],[1843.1999999999998,2092.7999999999997],[1824,2092.7999999999997],[1824,2112],[1804.8,2112],[1804.8,2131.2],[1785.6,2131.2],[1785.6,2150.4],[1766.3999999999999,2150.4],[1766.3999999999999,2169.6],[1728,2169.6],[1728,2150.4],[1670.3999999999999,2150.4],[1670.3999999999999,2131.2],[1478.3999999999999,2131.2],[1478.3999999999999,2150.4],[1440,2150.4],[1440,2169.6],[1401.6,2169.6],[1401.6,2188.7999999999997],[1382.3999999999999,2188.7999999999997],[1382.3999999999999,2208],[1363.2,2208],[1363.2,2227.2],[1344,2227.2],[1344,2246.4],[1324.8,2246.4],[1324.8,2265.6],[1305.6,2265.6],[1305.6,2304],[1286.3999999999999,2304],[1286.3999999999999,2323.2],[1267.2,2323.2],[1267.2,2361.6],[1248,2361.6],[1248,2380.7999999999997],[1228.8,2380.7999999999997],[1228.8,2400],[1209.6,2400],[1209.6,2438.4],[1190.3999999999999,2438.4],[1190.3999999999999,2457.6],[1171.2,2457.6],[1171.2,2476.7999999999997],[1152,2476.7999999999997],[1152,2515.2],[1132.8,2515.2],[1132.8,2534.4],[1113.6,2534.4],[1113.6,2572.7999999999997],[1094.3999999999999,2572.7999999999997],[1094.3999999999999,2592],[1075.2,2592],[1075.2,2611.2],[1056,2611.2],[1056,2668.7999999999997],[1036.8,2668.7999999999997],[1036.8,2707.2],[1056,2707.2],[1056,2841.6],[1036.8,2841.6],[1036.8,2880],[1017.5999999999999,2880],[1017.5999999999999,2860.7999999999997],[998.4,2860.7999999999997],[998.4,2841.6],[979.1999999999999,2841.6],[979.1999999999999,2822.4],[960,2822.4],[960,2784],[940.8,2784],[940.8,2764.7999999999997],[921.5999999999999,2764.7999999999997],[921.5999999999999,2745.6],[902.4,2745.6],[902.4,2726.4],[883.1999999999999,2726.4],[883.1999999999999,2688],[864,2688],[864,2668.7999999999997],[844.8,2668.7999999999997],[844.8,2649.6],[825.6,2649.6],[825.6,2630.4],[787.1999999999999,2630.4],[787.1999999999999,2611.2],[768,2611.2],[768,2592],[748.8,2592],[748.8,2572.7999999999997],[691.1999999999999,2572.7999999999997],[691.1999999999999,2553.6],[672,2553.6],[672,2534.4],[652.8,2534.4],[652.8,2496],[672,2496],[672,2438.4],[633.6,2438.4],[633.6,2419.2],[614.4,2419.2],[614.4,2400],[595.1999999999999,2400],[595.1999999999999,2380.7999999999997],[576,2380.7999999999997],[576,2361.6],[556.8,2361.6],[556.8,2342.4],[537.6,2342.4],[537.6,2323.2],[518.4,2323.2],[518.4,2304],[499.2,2304],[499.2,2284.7999999999997],[480,2284.7999999999997],[480,2265.6],[422.4,2265.6],[422.4,2246.4],[364.8,2246.4],[364.8,2227.2],[326.4,2227.2],[326.4,2208],[307.2,2208],[307.2,2169.6],[288,2169.6],[288,2112],[268.8,2112],[268.8,2054.4],[249.6,2054.4],[249.6,2035.1999999999998],[230.39999999999998,2035.1999999999998],[230.39999999999998,2016],[172.79999999999998,2016],[172.79999999999998,1996.8],[115.19999999999999,1996.8],[115.19999999999999,1977.6],[57.599999999999994,1977.6],[57.599999999999994,1958.3999999999999],[19.2,1958.3999999999999],[19.2,1939.1999999999998],[-38.4,1939.1999999999998],[-38.4,1920],[-96,1920],[-96,1900.8],[-153.6,1900.8],[-153.6,1881.6],[-211.2,1881.6],[-211.2,1862.3999999999999],[-249.6,1862.3999999999999],[-249.6,1843.1999999999998],[-268.8,1843.1999999999998],[-268.8,1824],[-288,1824],[-288,1804.8],[-307.2,1804.8],[-307.2,1785.6],[-345.59999999999997,1785.6],[-345.59999999999997,1766.3999999999999],[-403.2,1766.3999999999999],[-403.2,1747.2],[-422.4,1747.2],[-422.4,1766.3999999999999],[-499.2,1766.3999999999999],[-499.2,1785.6],[-537.6,1785.6],[-537.6,1804.8],[-556.8,1804.8],[-556.8,1824],[-576,1824],[-576,1843.1999999999998],[-595.1999999999999,1843.1999999999998],[-595.1999999999999,1862.3999999999999],[-614.4,1862.3999999999999],[-614.4,1900.8],[-633.6,1900.8],[-633.6,1958.3999999999999],[-652.8,1958.3999999999999],[-652.8,1996.8],[-672,1996.8],[-672,2016],[-691.1999999999999,2016],[-691.1999999999999,2035.1999999999998],[-710.4,2035.1999999999998],[-710.4,2054.4],[-729.6,2054.4],[-729.6,2073.6],[-748.8,2073.6],[-748.8,2092.7999999999997],[-787.1999999999999,2092.7999999999997],[-787.1999999999999,2112],[-825.6,2112],[-825.6,2131.2],[-844.8,2131.2],[-844.8,2150.4],[-883.1999999999999,2150.4],[-883.1999999999999,2188.7999999999997],[-902.4,2188.7999999999997],[-902.4,2208],[-921.5999999999999,2208],[-921.5999999999999,2246.4],[-940.8,2246.4],[-940.8,2284.7999999999997],[-960,2284.7999999999997],[-960,2342.4],[-902.4,2342.4],[-902.4,2361.6],[-883.1999999999999,2361.6],[-883.1999999999999,2380.7999999999997],[-864,2380.7999999999997],[-864,2400],[-844.8,2400],[-844.8,2419.2],[-825.6,2419.2],[-825.6,2457.6],[-806.4,2457.6],[-806.4,2534.4],[-787.1999999999999,2534.4],[-787.1999999999999,2572.7999999999997],[-768,2572.7999999999997],[-768,2592],[-748.8,2592],[-748.8,2611.2],[-729.6,2611.2],[-729.6,2630.4],[-556.8,2630.4],[-556.8,2611.2],[-480,2611.2],[-480,2592],[-384,2592],[-384,2572.7999999999997],[-230.39999999999998,2572.7999999999997],[-230.39999999999998,2592],[-192,2592],[-192,2611.2],[-153.6,2611.2],[-153.6,2630.4],[-134.4,2630.4],[-134.4,2649.6],[-115.19999999999999,2649.6],[-115.19999999999999,2668.7999999999997],[-96,2668.7999999999997],[-96,2688],[-76.8,2688],[-76.8,2726.4],[-57.599999999999994,2726.4],[-57.599999999999994,2880],[-115.19999999999999,2880],[-115.19999999999999,2899.2],[-1574.3999999999999,2899.2],[-1574.3999999999999,2880],[-1593.6,2880],[-1593.6,2841.6],[-1574.3999999999999,2841.6],[-1574.3999999999999,2822.4],[-1555.2,2822.4],[-1555.2,2803.2],[-1536,2803.2],[-1536,2784],[-1516.8,2784],[-1516.8,2745.6],[-1536,2745.6],[-1536,2668.7999999999997],[-1516.8,2668.7999999999997],[-1516.8,2630.4],[-1497.6,2630.4],[-1497.6,2611.2],[-1478.3999999999999,2611.2],[-1478.3999999999999,2572.7999999999997],[-1536,2572.7999999999997],[-1536,2611.2],[-1555.2,2611.2],[-1555.2,2630.4],[-1670.3999999999999,2630.4],[-1670.3999999999999,2649.6],[-1689.6,2649.6],[-1689.6,2668.7999999999997],[-1708.8,2668.7999999999997],[-1708.8,2688],[-1728,2688],[-1728,2707.2],[-1747.2,2707.2],[-1747.2,2745.6],[-1785.6,2745.6],[-1785.6,2764.7999999999997],[-1824,2764.7999999999997],[-1824,2784],[-1862.3999999999999,2784],[-1862.3999999999999,2764.7999999999997],[-1996.8,2764.7999999999997],[-1996.8,2745.6],[-2016,2745.6],[-2016,2726.4],[-2035.1999999999998,2726.4],[-2035.1999999999998,2688],[-2054.4,2688],[-2054.4,2630.4],[-2035.1999999999998,2630.4],[-2035.1999999999998,2611.2],[-1996.8,2611.2],[-1996.8,2592],[-1958.3999999999999,2592],[-1958.3999999999999,2572.7999999999997],[-1920,2572.7999999999997],[-1920,2553.6],[-1900.8,2553.6],[-1900.8,2534.4],[-1862.3999999999999,2534.4],[-1862.3999999999999,2515.2],[-1843.1999999999998,2515.2],[-1843.1999999999998,2496],[-1804.8,2496],[-1804.8,2476.7999999999997],[-1766.3999999999999,2476.7999999999997],[-1766.3999999999999,2457.6],[-1747.2,2457.6],[-1747.2,2438.4],[-1708.8,2438.4],[-1708.8,2380.7999999999997],[-1728,2380.7999999999997],[-1728,2361.6],[-1804.8,2361.6],[-1804.8,2380.7999999999997],[-1824,2380.7999999999997],[-1824,2400],[-1843.1999999999998,2400],[-1843.1999999999998,2419.2],[-1958.3999999999999,2419.2],[-1958.3999999999999,2400],[-1996.8,2400],[-1996.8,2380.7999999999997],[-2054.4,2380.7999999999997],[-2054.4,2361.6],[-2131.2,2361.6],[-2131.2,2342.4],[-2150.4,2342.4],[-2150.4,2304],[-2169.6,2304],[-2169.6,2284.7999999999997],[-2246.4,2284.7999999999997],[-2246.4,2265.6],[-2284.7999999999997,2265.6],[-2284.7999999999997,2246.4],[-2304,2246.4],[-2304,2188.7999999999997],[-2323.2,2188.7999999999997],[-2323.2,2150.4],[-2304,2150.4],[-2304,2092.7999999999997],[-2284.7999999999997,2092.7999999999997],[-2284.7999999999997,2073.6],[-2265.6,2073.6],[-2265.6,2016],[-2323.2,2016],[-2323.2,2035.1999999999998],[-2476.7999999999997,2035.1999999999998],[-2476.7999999999997,2054.4],[-2534.4,2054.4],[-2534.4,2073.6],[-2592,2073.6],[-2592,2054.4],[-2611.2,2054.4],[-2611.2,1977.6],[-2592,1977.6],[-2592,1843.1999999999998],[-2572.7999999999997,1843.1999999999998],[-2572.7999999999997,1804.8],[-2553.6,1804.8],[-2553.6,1785.6],[-2534.4,1785.6],[-2534.4,1766.3999999999999],[-2515.2,1766.3999999999999],[-2515.2,1728],[-2496,1728],[-2496,1708.8],[-2419.2,1708.8],[-2419.2,1689.6],[-2342.4,1689.6],[-2342.4,1670.3999999999999],[-2265.6,1670.3999999999999],[-2265.6,1651.2],[-2208,1651.2],[-2208,1632],[-2169.6,1632],[-2169.6,1612.8],[-2035.1999999999998,1612.8],[-2035.1999999999998,1651.2],[-2016,1651.2],[-2016,1670.3999999999999],[-1996.8,1670.3999999999999],[-1996.8,1728],[-1977.6,1728],[-1977.6,1747.2],[-1958.3999999999999,1747.2],[-1958.3999999999999,1766.3999999999999],[-1939.1999999999998,1766.3999999999999],[-1939.1999999999998,1785.6],[-1920,1785.6],[-1920,1804.8],[-1881.6,1804.8],[-1881.6,1824],[-1804.8,1824],[-1804.8,1804.8],[-1766.3999999999999,1804.8],[-1766.3999999999999,1747.2],[-1728,1747.2],[-1728,1728],[-1632,1728],[-1632,1747.2],[-1593.6,1747.2],[-1593.6,1766.3999999999999],[-1555.2,1766.3999999999999],[-1555.2,1785.6],[-1536,1785.6],[-1536,1804.8],[-1516.8,1804.8],[-1516.8,1824],[-1497.6,1824],[-1497.6,1843.1999999999998],[-1478.3999999999999,1843.1999999999998],[-1478.3999999999999,1862.3999999999999],[-1459.2,1862.3999999999999],[-1459.2,1881.6],[-1286.3999999999999,1881.6],[-1286.3999999999999,1900.8],[-1267.2,1900.8],[-1267.2,1920],[-1248,1920],[-1248,1939.1999999999998],[-1209.6,1939.1999999999998],[-1209.6,1958.3999999999999],[-1190.3999999999999,1958.3999999999999],[-1190.3999999999999,1939.1999999999998],[-1152,1939.1999999999998],[-1152,1881.6],[-1171.2,1881.6],[-1171.2,1843.1999999999998],[-1190.3999999999999,1843.1999999999998],[-1190.3999999999999,1824],[-1171.2,1824],[-1171.2,1766.3999999999999],[-1132.8,1766.3999999999999],[-1132.8,1747.2],[-960,1747.2],[-960,1728],[-940.8,1728],[-940.8,1708.8],[-921.5999999999999,1708.8],[-921.5999999999999,1689.6],[-902.4,1689.6],[-902.4,1632],[-883.1999999999999,1632],[-883.1999999999999,1574.3999999999999],[-864,1574.3999999999999],[-864,1536],[-844.8,1536],[-844.8,1497.6],[-825.6,1497.6],[-825.6,1478.3999999999999],[-806.4,1478.3999999999999],[-806.4,1459.2],[-768,1459.2],[-768,1440],[-710.4,1440],[-710.4,1420.8],[-652.8,1420.8],[-652.8,1401.6],[-614.4,1401.6],[-614.4,1382.3999999999999],[-595.1999999999999,1382.3999999999999],[-595.1999999999999,1363.2],[-576,1363.2],[-576,1344],[-460.79999999999995,1344],[-460.79999999999995,1363.2],[-403.2,1363.2],[-403.2,1344],[-384,1344],[-384,1324.8],[-364.8,1324.8],[-364.8,1305.6],[-345.59999999999997,1305.6],[-345.59999999999997,1286.3999999999999]]]]}},{"type":"Feature","properties":{"kind":"park","id":124,"name":"Pearl Polytechnic Institute"},"geometry":{"type":"MultiPolygon","coordinates":[[[[1747.2,-806.4],[1824,-806.4],[1824,-787.1999999999999],[1843.1999999999998,-787.1999999999999],[1843.1999999999998,-768],[1862.3999999999999,-768],[1862.3999999999999,-748.8],[1881.6,-748.8],[1881.6,-729.6],[1900.8,-729.6],[1900.8,-710.4],[1920,-710.4],[1920,-691.1999999999999],[1939.1999999999998,-691.1999999999999],[1939.1999999999998,-652.8],[1958.3999999999999,-652.8],[1958.3999999999999,-633.6],[1977.6,-633.6],[1977.6,-614.4],[1996.8,-614.4],[1996.8,-595.1999999999999],[2016,-595.1999999999999],[2016,-576],[2035.1999999999998,-576],[2035.1999999999998,-537.6],[2054.4,-537.6],[2054.4,-518.4],[2073.6,-518.4],[2073.6,-499.2],[2092.7999999999997,-499.2],[2092.7999999999997,-460.79999999999995],[2112,-460.79999999999995],[2112,-441.59999999999997],[2131.2,-441.59999999999997],[2131.2,-403.2],[2150.4,-403.2],[2150.4,-384],[2169.6,-384],[2169.6,-307.2],[2150.4,-307.2],[2150.4,-288],[2112,-288],[2112,-249.6],[2092.7999999999997,-249.6],[2092.7999999999997,-211.2],[2073.6,-211.2],[2073.6,-153.6],[2054.4,-153.6],[2054.4,-115.19999999999999],[2035.1999999999998,-115.19999999999999],[2035.1999999999998,-57.599999999999994],[2016,-57.599999999999994],[2016,-19.2],[1996.8,-19.2],[1996.8,38.4],[1977.6,38.4],[1977.6,115.19999999999999],[1958.3999999999999,115.19999999999999],[1958.3999999999999,153.6],[1939.1999999999998,153.6],[1939.1999999999998,192],[1920,192],[1920,249.6],[1900.8,249.6],[1900.8,268.8],[1881.6,268.8],[1881.6,288],[1804.8,288],[1804.8,307.2],[1766.3999999999999,307.2],[1766.3999999999999,288],[1593.6,288],[1593.6,307.2],[1478.3999999999999,307.2],[1478.3999999999999,326.4],[1459.2,326.4],[1459.2,307.2],[1401.6,307.2],[1401.6,288],[1324.8,288],[1324.8,268.8],[1286.3999999999999,268.8],[1286.3999999999999,249.6],[1248,249.6],[1248,230.39999999999998],[1209.6,230.39999999999998],[1209.6,211.2],[1171.2,211.2],[1171.2,192],[1132.8,192],[1132.8,211.2],[1113.6,211.2],[1113.6,230.39999999999998],[1094.3999999999999,230.39999999999998],[1094.3999999999999,249.6],[1075.2,249.6],[1075.2,268.8],[1056,268.8],[1056,288],[1036.8,288],[1036.8,326.4],[1017.5999999999999,326.4],[1017.5999999999999,345.59999999999997],[998.4,345.59999999999997],[998.4,403.2],[1017.5999999999999,403.2],[1017.5999999999999,441.59999999999997],[1036.8,441.59999999999997],[1036.8,480],[1056,480],[1056,499.2],[1075.2,499.2],[1075.2,595.1999999999999],[1056,595.1999999999999],[1056,614.4],[1036.8,614.4],[1036.8,633.6],[998.4,633.6],[998.4,652.8],[979.1999999999999,652.8],[979.1999999999999,979.1999999999999],[38.4,979.1999999999999],[38.4,921.5999999999999],[57.599999999999994,921.5999999999999],[57.599999999999994,844.8],[76.8,844.8],[76.8,787.1999999999999],[96,787.1999999999999],[96,729.6],[115.19999999999999,729.6],[115.19999999999999,691.1999999999999],[134.4,691.1999999999999],[134.4,633.6],[153.6,633.6],[153.6,595.1999999999999],[172.79999999999998,595.1999999999999],[172.79999999999998,556.8],[192,556.8],[192,518.4],[211.2,518.4],[211.2,480],[230.39999999999998,480],[230.39999999999998,460.79999999999995],[249.6,460.79999999999995],[249.6,422.4],[268.8,422.4],[268.8,403.2],[288,403.2],[288,364.8],[307.2,364.8],[307.2,345.59999999999997],[326.4,345.59999999999997],[326.4,326.4],[345.59999999999997,326.4],[345.59999999999997,307.2],[364.8,307.2],[364.8,288],[384,288],[384,268.8],[403.2,268.8],[403.2,249.6],[422.4,249.6],[422.4,230.39999999999998],[441.59999999999997,230.39999999999998],[441.59999999999997,211.2],[460.79999999999995,211.2],[460.79999999999995,192],[499.2,192],[499.2,172.79999999999998],[518.4,172.79999999999998],[518.4,153.6],[537.6,153.6],[537.6,134.4],[556.8,134.4],[556.8,115.19999999999999],[595.1999999999999,115.19999999999999],[595.1999999999999,96],[614.4,96],[614.4,76.8],[633.6,76.8],[633.6,57.599999999999994],[652.8,57.599999999999994],[652.8,38.4],[691.1999999999999,38.4],[691.1999999999999,19.2],[710.4,19.2],[710.4,0],[729.6,0],[729.6,-19.2],[748.8,-19.2],[748.8,-38.4],[787.1999999999999,-38.4],[787.1999999999999,-57.599999999999994],[806.4,-57.599999999999994],[806.4,-76.8],[825.6,-76.8],[825.6,-96],[844.8,-96],[844.8,-115.19999999999999],[883.1999999999999,-115.19999999999999],[883.1999999999999,-134.4],[902.4,-134.4],[902.4,-153.6],[921.5999999999999,-153.6],[921.5999999999999,-172.79999999999998],[940.8,-172.79999999999998],[940.8,-192],[1017.5999999999999,-192],[1017.5999999999999,-211.2],[1036.8,-211.2],[1036.8,-230.39999999999998],[1056,-230.39999999999998],[1056,-249.6],[1094.3999999999999,-249.6],[1094.3999999999999,-268.8],[1113.6,-268.8],[1113.6,-288],[1132.8,-288],[1132.8,-307.2],[1152,-307.2],[1152,-326.4],[1190.3999999999999,-326.4],[1190.3999999999999,-345.59999999999997],[1209.6,-345.59999999999997],[1209.6,-364.8],[1228.8,-364.8],[1228.8,-384],[1248,-384],[1248,-403.2],[1267.2,-403.2],[1267.2,-422.4],[1305.6,-422.4],[1305.6,-441.59999999999997],[1324.8,-441.59999999999997],[1324.8,-460.79999999999995],[1344,-460.79999999999995],[1344,-480],[1363.2,-480],[1363.2,-499.2],[1401.6,-499.2],[1401.6,-518.4],[1420.8,-518.4],[1420.8,-537.6],[1440,-537.6],[1440,-556.8],[1459.2,-556.8],[1459.2,-576],[1497.6,-576],[1497.6,-595.1999999999999],[1516.8,-595.1999999999999],[1516.8,-614.4],[1536,-614.4],[1536,-633.6],[1555.2,-633.6],[1555.2,-652.8],[1593.6,-652.8],[1593.6,-672],[1612.8,-672],[1612.8,-691.1999999999999],[1632,-691.1999999999999],[1632,-710.4],[1651.2,-710.4],[1651.2,-729.6],[1689.6,-729.6],[1689.6,-748.8],[1708.8,-748.8],[1708.8,-768],[1728,-768],[1728,-787.1999999999999],[1747.2,-787.1999999999999],[1747.2,-806.4]]]]}},{"type":"Feature","properties":{"kind":"park","id":125,"name":"Garnet Meadows"},"geometry":{"type":"MultiPolygon","coordinates":[[[[-76.8,-3052.7999999999997],[57.599999999999994,-3052.7999999999997],[57.599999999999994,-3033.6],[422.4,-3033.6],[422.4,-3014.4],[460.79999999999995,-3014.4],[460.79999999999995,-2995.2],[518.4,-2995.2],[518.4,-2956.7999999999997],[537.6,-2956.7999999999997],[537.6,-2457.6],[518.4,-2457.6],[518.4,-2400],[460.79999999999995,-2400],[460.79999999999995,-2419.2],[403.2,-2419.2],[403.2,-2438.4],[326.4,-2438.4],[326.4,-2457.6],[249.6,-2457.6],[249.6,-2476.7999999999997],[192,-2476.7999999999997],[192,-2496],[96,-2496],[96,-2515.2],[57.599999999999994,-2515.2],[57.599999999999994,-2534.4],[19.2,-2534.4],[19.2,-2553.6],[0,-2553.6],[0,-2572.7999999999997],[-19.2,-2572.7999999999997],[-19.2,-2592],[-57.599999999999994,-2592],[-57.599999999999994,-2611.2],[-96,-2611.2],[-96,-2630.4],[-134.4,-2630.4],[-134.4,-2649.6],[-172.79999999999998,-2649.6],[-172.79999999999998,-2668.7999999999997],[-192,-2668.7999999999997],[-192,-2688],[-230.39999999999998,-2688],[-230.39999999999998,-2707.2],[-307.2,-2707.2],[-307.2,-2726.4],[-537.6,-2726.4],[-537.6,-2956.7999999999997],[-518.4,-2956.7999999999997],[-518.4,-2976],[-499.2,-2976],[-499.2,-2995.2],[-480,-2995.2],[-480,-3014.4],[-460.79999999999995,-3014.4],[-460.79999999999995,-3033.6],[-76.8,-3033.6],[-76.8,-3052.7999999999997]]]]}},{"type":"Feature","properties":{"kind":"park","id":126,"name":"Empire Street"},"geometry":{"type":"MultiPolygon","coordinates":[[[[0,-3667.2],[57.599999999999994,-3667.2],[57.599999999999994,-3648],[76.8,-3648],[76.8,-3628.7999999999997],[153.6,-3628.7999999999997],[153.6,-3648],[211.2,-3648],[211.2,-3628.7999999999997],[230.39999999999998,-3628.7999999999997],[230.39999999999998,-3609.6],[288,-3609.6],[288,-3628.7999999999997],[307.2,-3628.7999999999997],[307.2,-3648],[384,-3648],[384,-3628.7999999999997],[403.2,-3628.7999999999997],[403.2,-3609.6],[499.2,-3609.6],[499.2,-3590.4],[518.4,-3590.4],[518.4,-3571.2],[537.6,-3571.2],[537.6,-3475.2],[576,-3475.2],[576,-3436.7999999999997],[595.1999999999999,-3436.7999999999997],[595.1999999999999,-3283.2],[576,-3283.2],[576,-3244.7999999999997],[422.4,-3244.7999999999997],[422.4,-3225.6],[38.4,-3225.6],[38.4,-3206.4],[-249.6,-3206.4],[-249.6,-3187.2],[-268.8,-3187.2],[-268.8,-3168],[-422.4,-3168],[-422.4,-3187.2],[-480,-3187.2],[-480,-3206.4],[-499.2,-3206.4],[-499.2,-3225.6],[-518.4,-3225.6],[-518.4,-3244.7999999999997],[-537.6,-3244.7999999999997],[-537.6,-3379.2],[-556.8,-3379.2],[-556.8,-3398.4],[-576,-3398.4],[-576,-3475.2],[-537.6,-3475.2],[-537.6,-3609.6],[-345.59999999999997,-3609.6],[-345.59999999999997,-3628.7999999999997],[-326.4,-3628.7999999999997],[-326.4,-3648],[-268.8,-3648],[-268.8,-3628.7999999999997],[-249.6,-3628.7999999999997],[-249.6,-3609.6],[-192,-3609.6],[-192,-3628.7999999999997],[-172.79999999999998,-3628.7999999999997],[-172.79999999999998,-3648],[-96,-3648],[-96,-3628.7999999999997],[-76.8,-3628.7999999999997],[-76.8,-3609.6],[-38.4,-3609.6],[-38.4,-3648],[0,-3648],[0,-3667.2]]]]}},{"type":"Feature","properties":{"kind":"park","id":127,"name":"Brook Garden"},"geometry":{"type":"MultiPolygon","coordinates":[[[[-1977.6,-2880],[-1881.6,-2880],[-1881.6,-2860.7999999999997],[-1728,-2860.7999999999997],[-1728,-2841.6],[-1209.6,-2841.6],[-1209.6,-2400],[-1190.3999999999999,-2400],[-1190.3999999999999,-2361.6],[-1171.2,-2361.6],[-1171.2,-2284.7999999999997],[-1209.6,-2284.7999999999997],[-1209.6,-2265.6],[-1728,-2265.6],[-1728,-2284.7999999999997],[-1862.3999999999999,-2284.7999999999997],[-1862.3999999999999,-2304],[-1977.6,-2304],[-1977.6,-2323.2],[-2073.6,-2323.2],[-2073.6,-2438.4],[-2054.4,-2438.4],[-2054.4,-2553.6],[-2035.1999999999998,-2553.6],[-2035.1999999999998,-2649.6],[-2016,-2649.6],[-2016,-2764.7999999999997],[-1996.8,-2764.7999999999997],[-1996.8,-2860.7999999999997],[-1977.6,-2860.7999999999997],[-1977.6,-2880]],[[-1824,-2688],[-1824,-2668.7999999999997],[-1843.1999999999998,-2668.7999999999997],[-1843.1999999999998,-2592],[-1862.3999999999999,-2592],[-1862.3999999999999,-2457.6],[-1881.6,-2457.6],[-1881.6,-2419.2],[-1862.3999999999999,-2419.2],[-1862.3999999999999,-2400],[-1708.8,-2400],[-1708.8,-2380.7999999999997],[-1324.8,-2380.7999999999997],[-1324.8,-2668.7999999999997],[-1728,-2668.7999999999997],[-1728,-2688],[-1824,-2688]]]]}}]}
