{"type":"FeatureCollection","features":[{"type":"Feature","properties":{"kind":"district","id":84,"name":"Magnolia Heights"},"geometry":{"type":"MultiPolygon","coordinates":[[[[3302.4,537.6],[3379.2,537.6],[3379.2,556.8],[3398.4,556.8],[3398.4,595.1999999999999],[3417.6,595.1999999999999],[3417.6,633.6],[3398.4,633.6],[3398.4,672],[3379.2,672],[3379.2,691.1999999999999],[3302.4,691.1999999999999],[3302.4,710.4],[3283.2,710.4],[3283.2,748.8],[3244.7999999999997,748.8],[3244.7999999999997,768],[3225.6,768],[3225.6,787.1999999999999],[3187.2,787.1999999999999],[3187.2,806.4],[3168,806.4],[3168,825.6],[3148.7999999999997,825.6],[3148.7999999999997,844.8],[3129.6,844.8],[3129.6,864],[3110.4,864],[3110.4,902.4],[3072,902.4],[3072,998.4],[3091.2,998.4],[3091.2,1209.6],[3072,1209.6],[3072,1228.8],[3033.6,1228.8],[3033.6,1248],[2995.2,1248],[2995.2,1228.8],[2976,1228.8],[2976,1209.6],[2956.7999999999997,1209.6],[2956.7999999999997,1094.3999999999999],[2937.6,1094.3999999999999],[2937.6,940.8],[2918.4,940.8],[2918.4,883.1999999999999],[2899.2,883.1999999999999],[2899.2,864],[2841.6,864],[2841.6,844.8],[2784,844.8],[2784,825.6],[2745.6,825.6],[2745.6,806.4],[2707.2,806.4],[2707.2,787.1999999999999],[2688,787.1999999999999],[2688,768],[2630.4,768],[2630.4,748.8],[2592,748.8],[2592,729.6],[2572.7999999999997,729.6],[2572.7999999999997,633.6],[2611.2,633.6],[2611.2,614.4],[2668.7999999999997,614.4],[2668.7999999999997,633.6],[2899.2,633.6],[2899.2,652.8],[2995.2,652.8],[2995.2,672],[3033.6,672],[3033.6,652.8],[3052.7999999999997,652.8],[3052.7999999999997,633.6],[3091.2,633.6],[3091.2,614.4],[3129.6,614.4],[3129.6,595.1999999999999],[3187.2,595.1999999999999],[3187.2,576],[3264,576],[3264,556.8],[3302.4,556.8],[3302.4,537.6]]]]}},{"type":"Feature","properties":{"kind":"district","id":85,"name":"Applegate District"},"geometry":{"type":"MultiPolygon","coordinates":[[[[4512,-1958.3999999999999],[4646.4,-1958.3999999999999],[4646.4,-1939.1999999999998],[4684.8,-1939.1999999999998],[4684.8,-1920],[4723.2,-1920],[4723.2,-1900.8],[4761.599999999999,-1900.8],[4761.599999999999,-1881.6],[4800,-1881.6],[4800,-1843.1999999999998],[4819.2,-1843.1999999999998],[4819.2,-1555.2],[4742.4,-1555.2],[4742.4,-1574.3999999999999],[4704,-1574.3999999999999],[4704,-1593.6],[4684.8,-1593.6],[4684.8,-1612.8],[4665.599999999999,-1612.8],[4665.599999999999,-1632],[4627.2,-1632],[4627.2,-1651.2],[4588.8,-1651.2],[4588.8,-1612.8],[4569.599999999999,-1612.8],[4569.599999999999,-1574.3999999999999],[4550.4,-1574.3999999999999],[4550.4,-1536],[4531.2,-1536],[4531.2,-1516.8],[4512,-1516.8],[4512,-1478.3999999999999],[4492.8,-1478.3999999999999],[4492.8,-1420.8],[4473.599999999999,-1420.8],[4473.599999999999,-1382.3999999999999],[4454.4,-1382.3999999999999],[4454.4,-1344],[4435.2,-1344],[4435.2,-1286.3999999999999],[4416,-1286.3999999999999],[4416,-1248],[4377.599999999999,-1248],[4377.599999999999,-1228.8],[4339.2,-1228.8],[4339.2,-1248],[4300.8,-1248],[4300.8,-1267.2],[4281.599999999999,-1267.2],[4281.599999999999,-1305.6],[4262.4,-1305.6],[4262.4,-1420.8],[4243.2,-1420.8],[4243.2,-1497.6],[4224,-1497.6],[4224,-1555.2],[4204.8,-1555.2],[4204.8,-1593.6],[4185.599999999999,-1593.6],[4185.599999999999,-1612.8],[4166.4,-1612.8],[4166.4,-1728],[4204.8,-1728],[4204.8,-1747.2],[4262.4,-1747.2],[4262.4,-1766.3999999999999],[4300.8,-1766.3999999999999],[4300.8,-1785.6],[4320,-1785.6],[4320,-1804.8],[4339.2,-1804.8],[4339.2,-1843.1999999999998],[4358.4,-1843.1999999999998],[4358.4,-1862.3999999999999],[4396.8,-1862.3999999999999],[4396.8,-1881.6],[4435.2,-1881.6],[4435.2,-1900.8],[4454.4,-1900.8],[4454.4,-1920],[4473.599999999999,-1920],[4473.599999999999,-1939.1999999999998],[4512,-1939.1999999999998],[4512,-1958.3999999999999]]]]}},{"type":"Feature","properties":{"kind":"district","id":86,"name":"Smith Square"},"geometry":{"type":"MultiPolygon","coordinates":[[[[4204.8,-2016],[4377.599999999999,-2016],[4377.599999999999,-1996.8],[4416,-1996.8],[4416,-1977.6],[4435.2,-1977.6],[4435.2,-1881.6],[4396.8,-1881.6],[4396.8,-1862.3999999999999],[4358.4,-1862.3999999999999],[4358.4,-1843.1999999999998],[4339.2,-1843.1999999999998],[4339.2,-1804.8],[4320,-1804.8],[4320,-1785.6],[4300.8,-1785.6],[4300.8,-1766.3999999999999],[4262.4,-1766.3999999999999],[4262.4,-1747.2],[4204.8,-1747.2],[4204.8,-1728],[4108.8,-1728],[4108.8,-1747.2],[4070.3999999999996,-1747.2],[4070.3999999999996,-1785.6],[4051.2,-1785.6],[4051.2,-1804.8],[4032,-1804.8],[4032,-1843.1999999999998],[4012.7999999999997,-1843.1999999999998],[4012.7999999999997,-1939.1999999999998],[4032,-1939.1999999999998],[4032,-1958.3999999999999],[4070.3999999999996,-1958.3999999999999],[4070.3999999999996,-1977.6],[4128,-1977.6],[4128,-1996.8],[4204.8,-1996.8],[4204.8,-2016]]]]}},{"type":"Feature","properties":{"kind":"district","id":87,"name":"Magnolia District"},"geometry":{"type":"MultiPolygon","coordinates":[[[[-403.2,-2899.2],[537.6,-2899.2],[537.6,-2860.7999999999997],[556.8,-2860.7999999999997],[556.8,-2822.4],[576,-2822.4],[576,-2764.7999999999997],[556.8,-2764.7999999999997],[556.8,-2707.2],[537.6,-2707.2],[537.6,-2688],[518.4,-2688],[518.4,-2668.7999999999997],[460.79999999999995,-2668.7999999999997],[460.79999999999995,-2649.6],[441.59999999999997,-2649.6],[441.59999999999997,-2630.4],[403.2,-2630.4],[403.2,-2611.2],[249.6,-2611.2],[249.6,-2592],[153.6,-2592],[153.6,-2572.7999999999997],[96,-2572.7999999999997],[96,-2553.6],[-19.2,-2553.6],[-19.2,-2534.4],[-57.599999999999994,-2534.4],[-57.599999999999994,-2515.2],[-76.8,-2515.2],[-76.8,-2496],[-96,-2496],[-96,-2476.7999999999997],[-115.19999999999999,-2476.7999999999997],[-115.19999999999999,-2457.6],[-153.6,-2457.6],[-153.6,-2438.4],[-268.8,-2438.4],[-268.8,-2457.6],[-307.2,-2457.6],[-307.2,-2476.7999999999997],[-326.4,-2476.7999999999997],[-326.4,-2496],[-345.59999999999997,-2496],[-345.59999999999997,-2649.6],[-364.8,-2649.6],[-364.8,-2688],[-384,-2688],[-384,-2726.4],[-403.2,-2726.4],[-403.2,-2784],[-422.4,-2784],[-422.4,-2860.7999999999997],[-403.2,-2860.7999999999997],[-403.2,-2899.2]]]]}},{"type":"Feature","properties":{"kind":"district","id":88,"name":"Applegate Hills"},"geometry":{"type":"MultiPolygon","coordinates":[[[[326.4,-2016],[422.4,-2016],[422.4,-1996.8],[480,-1996.8],[480,-1977.6],[499.2,-1977.6],[499.2,-1958.3999999999999],[518.4,-1958.3999999999999],[518.4,-1939.1999999999998],[537.6,-1939.1999999999998],[537.6,-1920],[556.8,-1920],[556.8,-1900.8],[595.1999999999999,-1900.8],[595.1999999999999,-1862.3999999999999],[614.4,-1862.3999999999999],[614.4,-1843.1999999999998],[633.6,-1843.1999999999998],[633.6,-1824],[652.8,-1824],[652.8,-1766.3999999999999],[672,-1766.3999999999999],[672,-1708.8],[652.8,-1708.8],[652.8,-1689.6],[633.6,-1689.6],[633.6,-1651.2],[614.4,-1651.2],[614.4,-1632],[576,-1632],[576,-1612.8],[480,-1612.8],[480,-1593.6],[460.79999999999995,-1593.6],[460.79999999999995,-1574.3999999999999],[422.4,-1574.3999999999999],[422.4,-1555.2],[403.2,-1555.2],[403.2,-1536],[384,-1536],[384,-1478.3999999999999],[364.8,-1478.3999999999999],[364.8,-1459.2],[345.59999999999997,-1459.2],[345.59999999999997,-1440],[326.4,-1440],[326.4,-1420.8],[288,-1420.8],[288,-1401.6],[153.6,-1401.6],[153.6,-1420.8],[134.4,-1420.8],[134.4,-1440],[115.19999999999999,-1440],[115.19999999999999,-1459.2],[76.8,-1459.2],[76.8,-1478.3999999999999],[57.599999999999994,-1478.3999999999999],[57.599999999999994,-1516.8],[38.4,-1516.8],[38.4,-1536],[19.2,-1536],[19.2,-1574.3999999999999],[0,-1574.3999999999999],[0,-1612.8],[-19.2,-1612.8],[-19.2,-1766.3999999999999],[0,-1766.3999999999999],[0,-1785.6],[38.4,-1785.6],[38.4,-1804.8],[134.4,-1804.8],[134.4,-1824],[172.79999999999998,-1824],[172.79999999999998,-1843.1999999999998],[211.2,-1843.1999999999998],[211.2,-1862.3999999999999],[230.39999999999998,-1862.3999999999999],[230.39999999999998,-1881.6],[249.6,-1881.6],[249.6,-1920],[268.8,-1920],[268.8,-1939.1999999999998],[288,-1939.1999999999998],[288,-1977.6],[307.2,-1977.6],[307.2,-1996.8],[326.4,-1996.8],[326.4,-2016]]]]}},{"type":"Feature","properties":{"kind":"district","id":89,"name":"Pleasant Park"},"geometry":{"type":"MultiPolygon","coordinates":[[[[-345.59999999999997,-2361.6],[-288,-2361.6],[-288,-2342.4],[-230.39999999999998,-2342.4],[-230.39999999999998,-2323.2],[-211.2,-2323.2],[-211.2,-2304],[-192,-2304],[-192,-2284.7999999999997],[-172.79999999999998,-2284.7999999999997],[-172.79999999999998,-2265.6],[-153.6,-2265.6],[-153.6,-2227.2],[-134.4,-2227.2],[-134.4,-2208],[-115.19999999999999,-2208],[-115.19999999999999,-2188.7999999999997],[-96,-2188.7999999999997],[-96,-2169.6],[-76.8,-2169.6],[-76.8,-2150.4],[-38.4,-2150.4],[-38.4,-2131.2],[0,-2131.2],[0,-2112],[96,-2112],[96,-2092.7999999999997],[153.6,-2092.7999999999997],[153.6,-2073.6],[192,-2073.6],[192,-2054.4],[211.2,-2054.4],[211.2,-2016],[230.39999999999998,-2016],[230.39999999999998,-1958.3999999999999],[249.6,-1958.3999999999999],[249.6,-1881.6],[230.39999999999998,-1881.6],[230.39999999999998,-1862.3999999999999],[211.2,-1862.3999999999999],[211.2,-1843.1999999999998],[172.79999999999998,-1843.1999999999998],[172.79999999999998,-1824],[134.4,-1824],[134.4,-1804.8],[38.4,-1804.8],[38.4,-1785.6],[-57.599999999999994,-1785.6],[-57.599999999999994,-1824],[-76.8,-1824],[-76.8,-1843.1999999999998],[-115.19999999999999,-1843.1999999999998],[-115.19999999999999,-1862.3999999999999],[-153.6,-1862.3999999999999],[-153.6,-1881.6],[-192,-1881.6],[-192,-1900.8],[-211.2,-1900.8],[-211.2,-1920],[-230.39999999999998,-1920],[-230.39999999999998,-1939.1999999999998],[-249.6,-1939.1999999999998],[-249.6,-1920],[-307.2,-1920],[-307.2,-1939.1999999999998],[-326.4,-1939.1999999999998],[-326.4,-1958.3999999999999],[-345.59999999999997,-1958.3999999999999],[-345.59999999999997,-1977.6],[-364.8,-1977.6],[-364.8,-1996.8],[-384,-1996.8],[-384,-2016],[-403.2,-2016],[-403.2,-2035.1999999999998],[-422.4,-2035.1999999999998],[-422.4,-2054.4],[-441.59999999999997,-2054.4],[-441.59999999999997,-2073.6],[-460.79999999999995,-2073.6],[-460.79999999999995,-2112],[-480,-2112],[-480,-2246.4],[-460.79999999999995,-2246.4],[-460.79999999999995,-2284.7999999999997],[-441.59999999999997,-2284.7999999999997],[-441.59999999999997,-2304],[-422.4,-2304],[-422.4,-2323.2],[-384,-2323.2],[-384,-2342.4],[-345.59999999999997,-2342.4],[-345.59999999999997,-2361.6]]]]}},{"type":"Feature","properties":{"kind":"district","id":90,"name":"Sheffield Square"},"geometry":{"type":"MultiPolygon","coordinates":[[[[-518.4,-2073.6],[-441.59999999999997,-2073.6],[-441.59999999999997,-2054.4],[-422.4,-2054.4],[-422.4,-2035.1999999999998],[-403.2,-2035.1999999999998],[-403.2,-2016],[-384,-2016],[-384,-1996.8],[-364.8,-1996.8],[-364.8,-1977.6],[-345.59999999999997,-1977.6],[-345.59999999999997,-1958.3999999999999],[-326.4,-1958.3999999999999],[-326.4,-1939.1999999999998],[-307.2,-1939.1999999999998],[-307.2,-1920],[-249.6,-1920],[-249.6,-1939.1999999999998],[-230.39999999999998,-1939.1999999999998],[-230.39999999999998,-1920],[-211.2,-1920],[-211.2,-1900.8],[-192,-1900.8],[-192,-1881.6],[-153.6,-1881.6],[-153.6,-1862.3999999999999],[-115.19999999999999,-1862.3999999999999],[-115.19999999999999,-1843.1999999999998],[-76.8,-1843.1999999999998],[-76.8,-1824],[-57.599999999999994,-1824],[-57.599999999999994,-1747.2],[-76.8,-1747.2],[-76.8,-1728],[-96,-1728],[-96,-1708.8],[-115.19999999999999,-1708.8],[-115.19999999999999,-1689.6],[-134.4,-1689.6],[-134.4,-1670.3999999999999],[-172.79999999999998,-1670.3999999999999],[-172.79999999999998,-1651.2],[-249.6,-1651.2],[-249.6,-1670.3999999999999],[-307.2,-1670.3999999999999],[-307.2,-1651.2],[-345.59999999999997,-1651.2],[-345.59999999999997,-1632],[-364.8,-1632],[-364.8,-1612.8],[-403.2,-1612.8],[-403.2,-1593.6],[-556.8,-1593.6],[-556.8,-1612.8],[-576,-1612.8],[-576,-1632],[-595.1999999999999,-1632],[-595.1999999999999,-1651.2],[-614.4,-1651.2],[-614.4,-1689.6],[-633.6,-1689.6],[-633.6,-1728],[-652.8,-1728],[-652.8,-1766.3999999999999],[-672,-1766.3999999999999],[-672,-1804.8],[-691.1999999999999,-1804.8],[-691.1999999999999,-1881.6],[-672,-1881.6],[-672,-1920],[-652.8,-1920],[-652.8,-1939.1999999999998],[-633.6,-1939.1999999999998],[-633.6,-1958.3999999999999],[-614.4,-1958.3999999999999],[-614.4,-1996.8],[-595.1999999999999,-1996.8],[-595.1999999999999,-2016],[-576,-2016],[-576,-2035.1999999999998],[-556.8,-2035.1999999999998],[-556.8,-2054.4],[-518.4,-2054.4],[-518.4,-2073.6]]]]}},{"type":"Feature","properties":{"kind":"district","id":91,"name":"Middle Square"},"geometry":{"type":"MultiPolygon","coordinates":[[[[249.6,-2611.2],[403.2,-2611.2],[403.2,-2572.7999999999997],[422.4,-2572.7999999999997],[422.4,-2553.6],[441.59999999999997,-2553.6],[441.59999999999997,-2457.6],[422.4,-2457.6],[422.4,-2400],[403.2,-2400],[403.2,-2361.6],[384,-2361.6],[384,-2323.2],[364.8,-2323.2],[364.8,-2284.7999999999997],[345.59999999999997,-2284.7999999999997],[345.59999999999997,-2227.2],[364.8,-2227.2],[364.8,-2188.7999999999997],[345.59999999999997,-2188.7999999999997],[345.59999999999997,-2131.2],[326.4,-2131.2],[326.4,-2112],[307.2,-2112],[307.2,-2092.7999999999997],[268.8,-2092.7999999999997],[268.8,-2073.6],[153.6,-2073.6],[153.6,-2092.7999999999997],[96,-2092.7999999999997],[96,-2112],[0,-2112],[0,-2131.2],[-38.4,-2131.2],[-38.4,-2150.4],[-76.8,-2150.4],[-76.8,-2169.6],[-96,-2169.6],[-96,-2188.7999999999997],[-115.19999999999999,-2188.7999999999997],[-115.19999999999999,-2208],[-134.4,-2208],[-134.4,-2227.2],[-153.6,-2227.2],[-153.6,-2265.6],[-172.79999999999998,-2265.6],[-172.79999999999998,-2284.7999999999997],[-192,-2284.7999999999997],[-192,-2304],[-211.2,-2304],[-211.2,-2342.4],[-230.39999999999998,-2342.4],[-230.39999999999998,-2438.4],[-153.6,-2438.4],[-153.6,-2457.6],[-115.19999999999999,-2457.6],[-115.19999999999999,-2476.7999999999997],[-96,-2476.7999999999997],[-96,-2496],[-76.8,-2496],[-76.8,-2515.2],[-57.599999999999994,-2515.2],[-57.599999999999994,-2534.4],[-19.2,-2534.4],[-19.2,-2553.6],[96,-2553.6],[96,-2572.7999999999997],[153.6,-2572.7999999999997],[153.6,-2592],[249.6,-2592],[249.6,-2611.2]]]]}},{"type":"Feature","properties":{"kind":"district","id":92,"name":"Mill Heights"},"geometry":{"type":"MultiPolygon","coordinates":[[[[825.6,-2822.4],[940.8,-2822.4],[940.8,-2803.2],[979.1999999999999,-2803.2],[979.1999999999999,-2784],[1017.5999999999999,-2784],[1017.5999999999999,-2764.7999999999997],[1036.8,-2764.7999999999997],[1036.8,-2745.6],[1056,-2745.6],[1056,-2707.2],[1075.2,-2707.2],[1075.2,-2649.6],[1094.3999999999999,-2649.6],[1094.3999999999999,-2611.2],[1113.6,-2611.2],[1113.6,-2572.7999999999997],[1132.8,-2572.7999999999997],[1132.8,-2515.2],[1152,-2515.2],[1152,-2496],[1171.2,-2496],[1171.2,-2457.6],[1190.3999999999999,-2457.6],[1190.3999999999999,-2380.7999999999997],[1209.6,-2380.7999999999997],[1209.6,-2131.2],[1190.3999999999999,-2131.2],[1190.3999999999999,-2035.1999999999998],[1171.2,-2035.1999999999998],[1171.2,-1958.3999999999999],[1152,-1958.3999999999999],[1152,-1920],[1132.8,-1920],[1132.8,-1900.8],[1113.6,-1900.8],[1113.6,-1862.3999999999999],[1094.3999999999999,-1862.3999999999999],[1094.3999999999999,-1843.1999999999998],[1075.2,-1843.1999999999998],[1075.2,-1824],[1036.8,-1824],[1036.8,-1804.8],[1017.5999999999999,-1804.8],[1017.5999999999999,-1785.6],[979.1999999999999,-1785.6],[979.1999999999999,-1766.3999999999999],[940.8,-1766.3999999999999],[940.8,-1747.2],[902.4,-1747.2],[902.4,-1728],[864,-1728],[864,-1708.8],[844.8,-1708.8],[844.8,-1689.6],[768,-1689.6],[768,-1708.8],[710.4,-1708.8],[710.4,-1728],[672,-1728],[672,-1766.3999999999999],[652.8,-1766.3999999999999],[652.8,-1824],[633.6,-1824],[633.6,-1843.1999999999998],[614.4,-1843.1999999999998],[614.4,-1862.3999999999999],[595.1999999999999,-1862.3999999999999],[595.1999999999999,-1900.8],[556.8,-1900.8],[556.8,-1920],[537.6,-1920],[537.6,-1939.1999999999998],[518.4,-1939.1999999999998],[518.4,-1958.3999999999999],[499.2,-1958.3999999999999],[499.2,-1977.6],[480,-1977.6],[480,-1996.8],[422.4,-1996.8],[422.4,-2016],[345.59999999999997,-2016],[345.59999999999997,-2035.1999999999998],[326.4,-2035.1999999999998],[326.4,-2131.2],[345.59999999999997,-2131.2],[345.59999999999997,-2188.7999999999997],[364.8,-2188.7999999999997],[364.8,-2227.2],[345.59999999999997,-2227.2],[345.59999999999997,-2284.7999999999997],[364.8,-2284.7999999999997],[364.8,-2323.2],[384,-2323.2],[384,-2361.6],[403.2,-2361.6],[403.2,-2400],[422.4,-2400],[422.4,-2457.6],[441.59999999999997,-2457.6],[441.59999999999997,-2553.6],[480,-2553.6],[480,-2592],[499.2,-2592],[499.2,-2630.4],[518.4,-2630.4],[518.4,-2668.7999999999997],[537.6,-2668.7999999999997],[537.6,-2707.2],[576,-2707.2],[576,-2726.4],[614.4,-2726.4],[614.4,-2745.6],[633.6,-2745.6],[633.6,-2764.7999999999997],[672,-2764.7999999999997],[672,-2784],[729.6,-2784],[729.6,-2803.2],[825.6,-2803.2],[825.6,-2822.4]]]]}},{"type":"Feature","properties":{"kind":"district","id":93,"name":"Magnolia Heights"},"geometry":{"type":"MultiPolygon","coordinates":[[[[672,-1728],[710.4,-1728],[710.4,-1708.8],[768,-1708.8],[768,-1689.6],[883.1999999999999,-1689.6],[883.1999999999999,-1670.3999999999999],[902.4,-1670.3999999999999],[902.4,-1689.6],[1017.5999999999999,-1689.6],[1017.5999999999999,-1708.8],[1113.6,-1708.8],[1113.6,-1728],[1209.6,-1728],[1209.6,-1708.8],[1248,-1708.8],[1248,-1689.6],[1267.2,-1689.6],[1267.2,-1670.3999999999999],[1286.3999999999999,-1670.3999999999999],[1286.3999999999999,-1651.2],[1305.6,-1651.2],[1305.6,-1632],[1324.8,-1632],[1324.8,-1497.6],[1305.6,-1497.6],[1305.6,-1459.2],[1286.3999999999999,-1459.2],[1286.3999999999999,-1440],[1267.2,-1440],[1267.2,-1420.8],[1248,-1420.8],[1248,-1382.3999999999999],[1228.8,-1382.3999999999999],[1228.8,-1344],[1209.6,-1344],[1209.6,-1324.8],[1190.3999999999999,-1324.8],[1190.3999999999999,-1286.3999999999999],[1171.2,-1286.3999999999999],[1171.2,-1267.2],[1152,-1267.2],[1152,-1228.8],[1132.8,-1228.8],[1132.8,-1190.3999999999999],[1113.6,-1190.3999999999999],[1113.6,-1152],[1094.3999999999999,-1152],[1094.3999999999999,-1132.8],[1075.2,-1132.8],[1075.2,-1094.3999999999999],[1056,-1094.3999999999999],[1056,-1056],[1036.8,-1056],[1036.8,-1017.5999999999999],[1017.5999999999999,-1017.5999999999999],[1017.5999999999999,-979.1999999999999],[998.4,-979.1999999999999],[998.4,-960],[979.1999999999999,-960],[979.1999999999999,-940.8],[960,-940.8],[960,-921.5999999999999],[940.8,-921.5999999999999],[940.8,-902.4],[806.4,-902.4],[806.4,-921.5999999999999],[768,-921.5999999999999],[768,-940.8],[748.8,-940.8],[748.8,-960],[729.6,-960],[729.6,-1017.5999999999999],[710.4,-1017.5999999999999],[710.4,-1036.8],[691.1999999999999,-1036.8],[691.1999999999999,-1056],[672,-1056],[672,-1094.3999999999999],[652.8,-1094.3999999999999],[652.8,-1132.8],[633.6,-1132.8],[633.6,-1152],[614.4,-1152],[614.4,-1171.2],[595.1999999999999,-1171.2],[595.1999999999999,-1190.3999999999999],[556.8,-1190.3999999999999],[556.8,-1209.6],[518.4,-1209.6],[518.4,-1228.8],[499.2,-1228.8],[499.2,-1248],[480,-1248],[480,-1267.2],[460.79999999999995,-1267.2],[460.79999999999995,-1305.6],[441.59999999999997,-1305.6],[441.59999999999997,-1344],[422.4,-1344],[422.4,-1401.6],[403.2,-1401.6],[403.2,-1440],[384,-1440],[384,-1536],[403.2,-1536],[403.2,-1555.2],[422.4,-1555.2],[422.4,-1574.3999999999999],[460.79999999999995,-1574.3999999999999],[460.79999999999995,-1593.6],[480,-1593.6],[480,-1612.8],[576,-1612.8],[576,-1632],[614.4,-1632],[614.4,-1651.2],[633.6,-1651.2],[633.6,-1689.6],[652.8,-1689.6],[652.8,-1708.8],[672,-1708.8],[672,-1728]]]]}},{"type":"Feature","properties":{"kind":"district","id":94,"name":"Cherry Heights"},"geometry":{"type":"MultiPolygon","coordinates":[[[[-940.8,-2899.2],[-422.4,-2899.2],[-422.4,-2880],[-403.2,-2880],[-403.2,-2860.7999999999997],[-422.4,-2860.7999999999997],[-422.4,-2784],[-403.2,-2784],[-403.2,-2726.4],[-384,-2726.4],[-384,-2688],[-364.8,-2688],[-364.8,-2649.6],[-345.59999999999997,-2649.6],[-345.59999999999997,-2496],[-326.4,-2496],[-326.4,-2476.7999999999997],[-307.2,-2476.7999999999997],[-307.2,-2457.6],[-268.8,-2457.6],[-268.8,-2438.4],[-230.39999999999998,-2438.4],[-230.39999999999998,-2342.4],[-288,-2342.4],[-288,-2361.6],[-345.59999999999997,-2361.6],[-345.59999999999997,-2342.4],[-384,-2342.4],[-384,-2323.2],[-422.4,-2323.2],[-422.4,-2304],[-441.59999999999997,-2304],[-441.59999999999997,-2284.7999999999997],[-460.79999999999995,-2284.7999999999997],[-460.79999999999995,-2246.4],[-480,-2246.4],[-480,-2112],[-460.79999999999995,-2112],[-460.79999999999995,-2073.6],[-518.4,-2073.6],[-518.4,-2054.4],[-556.8,-2054.4],[-556.8,-2035.1999999999998],[-576,-2035.1999999999998],[-576,-2016],[-595.1999999999999,-2016],[-595.1999999999999,-1996.8],[-614.4,-1996.8],[-614.4,-1958.3999999999999],[-633.6,-1958.3999999999999],[-633.6,-1939.1999999999998],[-652.8,-1939.1999999999998],[-652.8,-1920],[-672,-1920],[-672,-1881.6],[-691.1999999999999,-1881.6],[-691.1999999999999,-1824],[-710.4,-1824],[-710.4,-1843.1999999999998],[-729.6,-1843.1999999999998],[-729.6,-1862.3999999999999],[-748.8,-1862.3999999999999],[-748.8,-1881.6],[-806.4,-1881.6],[-806.4,-1900.8],[-844.8,-1900.8],[-844.8,-1920],[-864,-1920],[-864,-1958.3999999999999],[-883.1999999999999,-1958.3999999999999],[-883.1999999999999,-1996.8],[-902.4,-1996.8],[-902.4,-2131.2],[-921.5999999999999,-2131.2],[-921.5999999999999,-2246.4],[-940.8,-2246.4],[-940.8,-2342.4],[-960,-2342.4],[-960,-2457.6],[-979.1999999999999,-2457.6],[-979.1999999999999,-2880],[-940.8,-2880],[-940.8,-2899.2]]],[[[-230.39999999999998,-2342.4],[-211.2,-2342.4],[-211.2,-2323.2],[-230.39999999999998,-2323.2],[-230.39999999999998,-2342.4]]],[[[307.2,-2112],[326.4,-2112],[326.4,-1996.8],[307.2,-1996.8],[307.2,-1977.6],[288,-1977.6],[288,-1939.1999999999998],[268.8,-1939.1999999999998],[268.8,-1920],[249.6,-1920],[249.6,-1958.3999999999999],[230.39999999999998,-1958.3999999999999],[230.39999999999998,-2016],[211.2,-2016],[211.2,-2054.4],[192,-2054.4],[192,-2073.6],[268.8,-2073.6],[268.8,-2092.7999999999997],[307.2,-2092.7999999999997],[307.2,-2112]]]]}},{"type":"Feature","properties":{"kind":"district","id":95,"name":"Pleasant Heights"},"geometry":{"type":"MultiPolygon","coordinates":[[[[-825.6,-1881.6],[-748.8,-1881.6],[-748.8,-1862.3999999999999],[-729.6,-1862.3999999999999],[-729.6,-1843.1999999999998],[-710.4,-1843.1999999999998],[-710.4,-1824],[-691.1999999999999,-1824],[-691.1999999999999,-1804.8],[-672,-1804.8],[-672,-1766.3999999999999],[-652.8,-1766.3999999999999],[-652.8,-1728],[-633.6,-1728],[-633.6,-1689.6],[-614.4,-1689.6],[-614.4,-1651.2],[-595.1999999999999,-1651.2],[-595.1999999999999,-1632],[-576,-1632],[-576,-1612.8],[-556.8,-1612.8],[-556.8,-1593.6],[-537.6,-1593.6],[-537.6,-1536],[-518.4,-1536],[-518.4,-1478.3999999999999],[-499.2,-1478.3999999999999],[-499.2,-1344],[-480,-1344],[-480,-1190.3999999999999],[-499.2,-1190.3999999999999],[-499.2,-1152],[-480,-1152],[-480,-1113.6],[-460.79999999999995,-1113.6],[-460.79999999999995,-1056],[-480,-1056],[-480,-921.5999999999999],[-499.2,-921.5999999999999],[-499.2,-864],[-518.4,-864],[-518.4,-710.4],[-537.6,-710.4],[-537.6,-691.1999999999999],[-595.1999999999999,-691.1999999999999],[-595.1999999999999,-672],[-614.4,-672],[-614.4,-691.1999999999999],[-691.1999999999999,-691.1999999999999],[-691.1999999999999,-710.4],[-748.8,-710.4],[-748.8,-729.6],[-768,-729.6],[-768,-748.8],[-787.1999999999999,-748.8],[-787.1999999999999,-768],[-806.4,-768],[-806.4,-787.1999999999999],[-825.6,-787.1999999999999],[-825.6,-960],[-806.4,-960],[-806.4,-979.1999999999999],[-825.6,-979.1999999999999],[-825.6,-1056],[-806.4,-1056],[-806.4,-1113.6],[-787.1999999999999,-1113.6],[-787.1999999999999,-1459.2],[-806.4,-1459.2],[-806.4,-1497.6],[-825.6,-1497.6],[-825.6,-1536],[-844.8,-1536],[-844.8,-1574.3999999999999],[-864,-1574.3999999999999],[-864,-1612.8],[-883.1999999999999,-1612.8],[-883.1999999999999,-1651.2],[-902.4,-1651.2],[-902.4,-1689.6],[-921.5999999999999,-1689.6],[-921.5999999999999,-1766.3999999999999],[-902.4,-1766.3999999999999],[-902.4,-1824],[-883.1999999999999,-1824],[-883.1999999999999,-1843.1999999999998],[-864,-1843.1999999999998],[-864,-1862.3999999999999],[-825.6,-1862.3999999999999],[-825.6,-1881.6]]]]}},{"type":"Feature","properties":{"kind":"district","id":96,"name":"Daffodil Square"},"geometry":{"type":"MultiPolygon","coordinates":[[[[-76.8,-1747.2],[-19.2,-1747.2],[-19.2,-1612.8],[0,-1612.8],[0,-1574.3999999999999],[19.2,-1574.3999999999999],[19.2,-1536],[38.4,-1536],[38.4,-1516.8],[57.599999999999994,-1516.8],[57.599999999999994,-1478.3999999999999],[76.8,-1478.3999999999999],[76.8,-1459.2],[115.19999999999999,-1459.2],[115.19999999999999,-1440],[134.4,-1440],[134.4,-1420.8],[153.6,-1420.8],[153.6,-1401.6],[307.2,-1401.6],[307.2,-1363.2],[364.8,-1363.2],[364.8,-1344],[441.59999999999997,-1344],[441.59999999999997,-1305.6],[460.79999999999995,-1305.6],[460.79999999999995,-1267.2],[480,-1267.2],[480,-1248],[499.2,-1248],[499.2,-1228.8],[518.4,-1228.8],[518.4,-1209.6],[556.8,-1209.6],[556.8,-1190.3999999999999],[595.1999999999999,-1190.3999999999999],[595.1999999999999,-1171.2],[614.4,-1171.2],[614.4,-1152],[633.6,-1152],[633.6,-1132.8],[652.8,-1132.8],[652.8,-1094.3999999999999],[672,-1094.3999999999999],[672,-1056],[691.1999999999999,-1056],[691.1999999999999,-1036.8],[710.4,-1036.8],[710.4,-1017.5999999999999],[729.6,-1017.5999999999999],[729.6,-960],[710.4,-960],[710.4,-940.8],[691.1999999999999,-940.8],[691.1999999999999,-921.5999999999999],[652.8,-921.5999999999999],[652.8,-902.4],[614.4,-902.4],[614.4,-883.1999999999999],[537.6,-883.1999999999999],[537.6,-902.4],[76.8,-902.4],[76.8,-883.1999999999999],[19.2,-883.1999999999999],[19.2,-902.4],[-134.4,-902.4],[-134.4,-921.5999999999999],[-230.39999999999998,-921.5999999999999],[-230.39999999999998,-940.8],[-268.8,-940.8],[-268.8,-921.5999999999999],[-326.4,-921.5999999999999],[-326.4,-902.4],[-441.59999999999997,-902.4],[-441.59999999999997,-921.5999999999999],[-480,-921.5999999999999],[-480,-1056],[-460.79999999999995,-1056],[-460.79999999999995,-1113.6],[-480,-1113.6],[-480,-1152],[-499.2,-1152],[-499.2,-1190.3999999999999],[-480,-1190.3999999999999],[-480,-1344],[-499.2,-1344],[-499.2,-1459.2],[-480,-1459.2],[-480,-1497.6],[-460.79999999999995,-1497.6],[-460.79999999999995,-1536],[-441.59999999999997,-1536],[-441.59999999999997,-1574.3999999999999],[-422.4,-1574.3999999999999],[-422.4,-1593.6],[-403.2,-1593.6],[-403.2,-1612.8],[-364.8,-1612.8],[-364.8,-1632],[-345.59999999999997,-1632],[-345.59999999999997,-1651.2],[-307.2,-1651.2],[-307.2,-1670.3999999999999],[-249.6,-1670.3999999999999],[-249.6,-1651.2],[-172.79999999999998,-1651.2],[-172.79999999999998,-1670.3999999999999],[-134.4,-1670.3999999999999],[-134.4,-1689.6],[-115.19999999999999,-1689.6],[-115.19999999999999,-1708.8],[-96,-1708.8],[-96,-1728],[-76.8,-1728],[-76.8,-1747.2]]]]}},{"type":"Feature","properties":{"kind":"district","id":97,"name":"Coleridge Square"},"geometry":{"type":"MultiPolygon","coordinates":[[[[3417.6,614.4],[3436.7999999999997,614.4],[3436.7999999999997,633.6],[3456,633.6],[3456,652.8],[3475.2,652.8],[3475.2,672],[3494.4,672],[3494.4,691.1999999999999],[3513.6,691.1999999999999],[3513.6,748.8],[3532.7999999999997,748.8],[3532.7999999999997,768],[3571.2,768],[3571.2,787.1999999999999],[3609.6,787.1999999999999],[3609.6,806.4],[3648,806.4],[3648,825.6],[3686.3999999999996,825.6],[3686.3999999999996,864],[3705.6,864],[3705.6,883.1999999999999],[3724.7999999999997,883.1999999999999],[3724.7999999999997,902.4],[3744,902.4],[3744,1036.8],[3724.7999999999997,1036.8],[3724.7999999999997,1075.2],[3686.3999999999996,1075.2],[3686.3999999999996,1094.3999999999999],[3648,1094.3999999999999],[3648,1113.6],[3628.7999999999997,1113.6],[3628.7999999999997,1132.8],[3609.6,1132.8],[3609.6,1152],[3590.4,1152],[3590.4,1171.2],[3571.2,1171.2],[3571.2,1190.3999999999999],[3552,1190.3999999999999],[3552,1209.6],[3532.7999999999997,1209.6],[3532.7999999999997,1228.8],[3513.6,1228.8],[3513.6,1248],[3475.2,1248],[3475.2,1267.2],[3436.7999999999997,1267.2],[3436.7999999999997,1286.3999999999999],[3417.6,1286.3999999999999],[3417.6,1305.6],[3379.2,1305.6],[3379.2,1324.8],[3360,1324.8],[3360,1344],[3340.7999999999997,1344],[3340.7999999999997,1382.3999999999999],[3321.6,1382.3999999999999],[3321.6,1420.8],[3302.4,1420.8],[3302.4,1440],[3283.2,1440],[3283.2,1459.2],[3264,1459.2],[3264,1478.3999999999999],[3244.7999999999997,1478.3999999999999],[3244.7999999999997,1497.6],[3206.4,1497.6],[3206.4,1516.8],[3187.2,1516.8],[3187.2,1536],[3148.7999999999997,1536],[3148.7999999999997,1632],[3129.6,1632],[3129.6,1651.2],[3072,1651.2],[3072,1632],[3033.6,1632],[3033.6,1612.8],[3014.4,1612.8],[3014.4,1593.6],[2995.2,1593.6],[2995.2,1574.3999999999999],[2976,1574.3999999999999],[2976,1516.8],[2956.7999999999997,1516.8],[2956.7999999999997,1478.3999999999999],[2976,1478.3999999999999],[2976,1344],[2995.2,1344],[2995.2,1324.8],[2976,1324.8],[2976,1267.2],[2995.2,1267.2],[2995.2,1248],[3033.6,1248],[3033.6,1228.8],[3072,1228.8],[3072,1209.6],[3091.2,1209.6],[3091.2,998.4],[3072,998.4],[3072,902.4],[3110.4,902.4],[3110.4,864],[3129.6,864],[3129.6,844.8],[3148.7999999999997,844.8],[3148.7999999999997,825.6],[3168,825.6],[3168,806.4],[3187.2,806.4],[3187.2,787.1999999999999],[3225.6,787.1999999999999],[3225.6,768],[3244.7999999999997,768],[3244.7999999999997,748.8],[3283.2,748.8],[3283.2,710.4],[3302.4,710.4],[3302.4,691.1999999999999],[3379.2,691.1999999999999],[3379.2,672],[3398.4,672],[3398.4,633.6],[3417.6,633.6],[3417.6,614.4]]]]}},{"type":"Feature","properties":{"kind":"district","id":98,"name":"Crescent Heights"},"geometry":{"type":"MultiPolygon","coordinates":[[[[2438.4,2323.2],[2476.7999999999997,2323.2],[2476.7999999999997,2342.4],[2534.4,2342.4],[2534.4,2361.6],[2611.2,2361.6],[2611.2,2380.7999999999997],[2630.4,2380.7999999999997],[2630.4,2400],[2649.6,2400],[2649.6,2419.2],[2668.7999999999997,2419.2],[2668.7999999999997,2438.4],[2688,2438.4],[2688,2457.6],[2707.2,2457.6],[2707.2,2611.2],[2688,2611.2],[2688,2726.4],[2668.7999999999997,2726.4],[2668.7999999999997,2784],[2649.6,2784],[2649.6,2803.2],[2630.4,2803.2],[2630.4,2822.4],[2611.2,2822.4],[2611.2,2841.6],[2592,2841.6],[2592,2880],[2572.7999999999997,2880],[2572.7999999999997,2899.2],[2553.6,2899.2],[2553.6,2918.4],[2534.4,2918.4],[2534.4,2956.7999999999997],[2515.2,2956.7999999999997],[2515.2,2995.2],[2496,2995.2],[2496,3014.4],[2476.7999999999997,3014.4],[2476.7999999999997,3052.7999999999997],[2457.6,3052.7999999999997],[2457.6,3091.2],[2438.4,3091.2],[2438.4,3168],[2457.6,3168],[2457.6,3206.4],[2476.7999999999997,3206.4],[2476.7999999999997,3225.6],[2457.6,3225.6],[2457.6,3283.2],[2438.4,3283.2],[2438.4,3302.4],[2380.7999999999997,3302.4],[2380.7999999999997,3321.6],[2323.2,3321.6],[2323.2,3340.7999999999997],[2304,3340.7999999999997],[2304,3321.6],[2265.6,3321.6],[2265.6,3302.4],[2246.4,3302.4],[2246.4,3283.2],[2227.2,3283.2],[2227.2,3187.2],[2208,3187.2],[2208,3148.7999999999997],[2188.7999999999997,3148.7999999999997],[2188.7999999999997,3033.6],[2169.6,3033.6],[2169.6,2976],[2188.7999999999997,2976],[2188.7999999999997,2841.6],[2169.6,2841.6],[2169.6,2803.2],[2131.2,2803.2],[2131.2,2764.7999999999997],[2112,2764.7999999999997],[2112,2745.6],[2092.7999999999997,2745.6],[2092.7999999999997,2726.4],[2073.6,2726.4],[2073.6,2707.2],[2054.4,2707.2],[2054.4,2688],[2073.6,2688],[2073.6,2649.6],[2092.7999999999997,2649.6],[2092.7999999999997,2611.2],[2112,2611.2],[2112,2553.6],[2131.2,2553.6],[2131.2,2534.4],[2150.4,2534.4],[2150.4,2515.2],[2169.6,2515.2],[2169.6,2496],[2188.7999999999997,2496],[2188.7999999999997,2476.7999999999997],[2208,2476.7999999999997],[2208,2457.6],[2227.2,2457.6],[2227.2,2438.4],[2265.6,2438.4],[2265.6,2419.2],[2284.7999999999997,2419.2],[2284.7999999999997,2400],[2323.2,2400],[2323.2,2380.7999999999997],[2380.7999999999997,2380.7999999999997],[2380.7999999999997,2361.6],[2419.2,2361.6],[2419.2,2342.4],[2438.4,2342.4],[2438.4,2323.2]]]]}},{"type":"Feature","properties":{"kind":"district","id":99,"name":"Barlow Heights"},"geometry":{"type":"MultiPolygon","coordinates":[[[[2707.2,2476.7999999999997],[2784,2476.7999999999997],[2784,2496],[2918.4,2496],[2918.4,2515.2],[2937.6,2515.2],[2937.6,2553.6],[2956.7999999999997,2553.6],[2956.7999999999997,2592],[2976,2592],[2976,2611.2],[2995.2,2611.2],[2995.2,2668.7999999999997],[3014.4,2668.7999999999997],[3014.4,2688],[3052.7999999999997,2688],[3052.7999999999997,2707.2],[3072,2707.2],[3072,2726.4],[3091.2,2726.4],[3091.2,2745.6],[3110.4,2745.6],[3110.4,2803.2],[3129.6,2803.2],[3129.6,2880],[3110.4,2880],[3110.4,2899.2],[2899.2,2899.2],[2899.2,3244.7999999999997],[2880,3244.7999999999997],[2880,3321.6],[2860.7999999999997,3321.6],[2860.7999999999997,3379.2],[2841.6,3379.2],[2841.6,3456],[2822.4,3456],[2822.4,3513.6],[2803.2,3513.6],[2803.2,3552],[2784,3552],[2784,3590.4],[2764.7999999999997,3590.4],[2764.7999999999997,3609.6],[2726.4,3609.6],[2726.4,3628.7999999999997],[2611.2,3628.7999999999997],[2611.2,3609.6],[2572.7999999999997,3609.6],[2572.7999999999997,3590.4],[2592,3590.4],[2592,3532.7999999999997],[2572.7999999999997,3532.7999999999997],[2572.7999999999997,3475.2],[2553.6,3475.2],[2553.6,3398.4],[2534.4,3398.4],[2534.4,3360],[2515.2,3360],[2515.2,3340.7999999999997],[2496,3340.7999999999997],[2496,3321.6],[2457.6,3321.6],[2457.6,3302.4],[2438.4,3302.4],[2438.4,3283.2],[2457.6,3283.2],[2457.6,3225.6],[2476.7999999999997,3225.6],[2476.7999999999997,3206.4],[2457.6,3206.4],[2457.6,3168],[2438.4,3168],[2438.4,3091.2],[2457.6,3091.2],[2457.6,3052.7999999999997],[2476.7999999999997,3052.7999999999997],[2476.7999999999997,3014.4],[2496,3014.4],[2496,2995.2],[2515.2,2995.2],[2515.2,2956.7999999999997],[2534.4,2956.7999999999997],[2534.4,2918.4],[2553.6,2918.4],[2553.6,2899.2],[2572.7999999999997,2899.2],[2572.7999999999997,2880],[2592,2880],[2592,2841.6],[2611.2,2841.6],[2611.2,2822.4],[2630.4,2822.4],[2630.4,2803.2],[2649.6,2803.2],[2649.6,2784],[2668.7999999999997,2784],[2668.7999999999997,2726.4],[2688,2726.4],[2688,2611.2],[2707.2,2611.2],[2707.2,2476.7999999999997]]]]}},{"type":"Feature","properties":{"kind":"district","id":100,"name":"Garnet Hills"},"geometry":{"type":"MultiPolygon","coordinates":[[[[2380.7999999999997,3302.4],[2457.6,3302.4],[2457.6,3321.6],[2496,3321.6],[2496,3340.7999999999997],[2515.2,3340.7999999999997],[2515.2,3360],[2534.4,3360],[2534.4,3398.4],[2553.6,3398.4],[2553.6,3475.2],[2572.7999999999997,3475.2],[2572.7999999999997,3532.7999999999997],[2592,3532.7999999999997],[2592,3590.4],[2572.7999999999997,3590.4],[2572.7999999999997,3609.6],[2611.2,3609.6],[2611.2,3628.7999999999997],[2630.4,3628.7999999999997],[2630.4,3667.2],[2649.6,3667.2],[2649.6,3744],[2668.7999999999997,3744],[2668.7999999999997,3859.2],[2649.6,3859.2],[2649.6,3897.6],[2630.4,3897.6],[2630.4,3916.7999999999997],[2611.2,3916.7999999999997],[2611.2,3936],[2592,3936],[2592,3955.2],[2553.6,3955.2],[2553.6,3974.3999999999996],[2476.7999999999997,3974.3999999999996],[2476.7999999999997,3993.6],[2438.4,3993.6],[2438.4,3974.3999999999996],[2380.7999999999997,3974.3999999999996],[2380.7999999999997,3993.6],[2284.7999999999997,3993.6],[2284.7999999999997,4012.7999999999997],[2131.2,4012.7999999999997],[2131.2,3993.6],[2092.7999999999997,3993.6],[2092.7999999999997,3974.3999999999996],[2073.6,3974.3999999999996],[2073.6,3955.2],[2054.4,3955.2],[2054.4,3936],[2035.1999999999998,3936],[2035.1999999999998,3916.7999999999997],[2016,3916.7999999999997],[2016,3897.6],[1996.8,3897.6],[1996.8,3859.2],[1977.6,3859.2],[1977.6,3820.7999999999997],[1958.3999999999999,3820.7999999999997],[1958.3999999999999,3744],[1939.1999999999998,3744],[1939.1999999999998,3667.2],[1958.3999999999999,3667.2],[1958.3999999999999,3590.4],[1977.6,3590.4],[1977.6,3571.2],[1958.3999999999999,3571.2],[1958.3999999999999,3436.7999999999997],[1977.6,3436.7999999999997],[1977.6,3417.6],[1996.8,3417.6],[1996.8,3398.4],[2016,3398.4],[2016,3379.2],[2054.4,3379.2],[2054.4,3398.4],[2131.2,3398.4],[2131.2,3379.2],[2188.7999999999997,3379.2],[2188.7999999999997,3360],[2227.2,3360],[2227.2,3340.7999999999997],[2265.6,3340.7999999999997],[2265.6,3321.6],[2304,3321.6],[2304,3340.7999999999997],[2323.2,3340.7999999999997],[2323.2,3321.6],[2380.7999999999997,3321.6],[2380.7999999999997,3302.4]]]]}},{"type":"Feature","properties":{"kind":"district","id":101,"name":"Sunset Square"},"geometry":{"type":"MultiPolygon","coordinates":[[[[1862.3999999999999,3398.4],[1920,3398.4],[1920,3417.6],[1977.6,3417.6],[1977.6,3436.7999999999997],[1958.3999999999999,3436.7999999999997],[1958.3999999999999,3571.2],[1977.6,3571.2],[1977.6,3590.4],[1958.3999999999999,3590.4],[1958.3999999999999,3667.2],[1939.1999999999998,3667.2],[1939.1999999999998,3744],[1958.3999999999999,3744],[1958.3999999999999,3820.7999999999997],[1977.6,3820.7999999999997],[1977.6,3859.2],[1996.8,3859.2],[1996.8,3897.6],[2016,3897.6],[2016,3916.7999999999997],[1996.8,3916.7999999999997],[1996.8,3993.6],[1977.6,3993.6],[1977.6,4032],[1939.1999999999998,4032],[1939.1999999999998,4051.2],[1920,4051.2],[1920,4070.3999999999996],[1689.6,4070.3999999999996],[1689.6,4089.6],[1478.3999999999999,4089.6],[1478.3999999999999,4108.8],[1171.2,4108.8],[1171.2,4089.6],[1113.6,4089.6],[1113.6,4070.3999999999996],[1094.3999999999999,4070.3999999999996],[1094.3999999999999,4051.2],[1056,4051.2],[1056,4032],[1017.5999999999999,4032],[1017.5999999999999,4012.7999999999997],[979.1999999999999,4012.7999999999997],[979.1999999999999,3993.6],[960,3993.6],[960,3955.2],[940.8,3955.2],[940.8,3648],[960,3648],[960,3628.7999999999997],[998.4,3628.7999999999997],[998.4,3609.6],[1056,3609.6],[1056,3590.4],[1075.2,3590.4],[1075.2,3609.6],[1094.3999999999999,3609.6],[1094.3999999999999,3590.4],[1305.6,3590.4],[1305.6,3571.2],[1324.8,3571.2],[1324.8,3552],[1344,3552],[1344,3513.6],[1363.2,3513.6],[1363.2,3494.4],[1382.3999999999999,3494.4],[1382.3999999999999,3475.2],[1420.8,3475.2],[1420.8,3456],[1536,3456],[1536,3436.7999999999997],[1689.6,3436.7999999999997],[1689.6,3417.6],[1862.3999999999999,3417.6],[1862.3999999999999,3398.4]]]]}},{"type":"Feature","properties":{"kind":"district","id":102,"name":"Oriental Square"},"geometry":{"type":"MultiPolygon","coordinates":[[[[1958.3999999999999,2707.2],[2073.6,2707.2],[2073.6,2726.4],[2092.7999999999997,2726.4],[2092.7999999999997,2745.6],[2112,2745.6],[2112,2764.7999999999997],[2131.2,2764.7999999999997],[2131.2,2803.2],[2169.6,2803.2],[2169.6,2841.6],[2188.7999999999997,2841.6],[2188.7999999999997,2976],[2169.6,2976],[2169.6,3033.6],[2188.7999999999997,3033.6],[2188.7999999999997,3148.7999999999997],[2208,3148.7999999999997],[2208,3187.2],[2227.2,3187.2],[2227.2,3283.2],[2246.4,3283.2],[2246.4,3302.4],[2265.6,3302.4],[2265.6,3340.7999999999997],[2227.2,3340.7999999999997],[2227.2,3360],[2188.7999999999997,3360],[2188.7999999999997,3379.2],[2131.2,3379.2],[2131.2,3398.4],[2054.4,3398.4],[2054.4,3379.2],[2016,3379.2],[2016,3398.4],[1996.8,3398.4],[1996.8,3417.6],[1920,3417.6],[1920,3398.4],[1862.3999999999999,3398.4],[1862.3999999999999,3417.6],[1689.6,3417.6],[1689.6,3436.7999999999997],[1536,3436.7999999999997],[1536,3456],[1420.8,3456],[1420.8,3475.2],[1382.3999999999999,3475.2],[1382.3999999999999,3494.4],[1363.2,3494.4],[1363.2,3513.6],[1344,3513.6],[1344,3552],[1324.8,3552],[1324.8,3571.2],[1305.6,3571.2],[1305.6,3590.4],[1094.3999999999999,3590.4],[1094.3999999999999,3609.6],[1075.2,3609.6],[1075.2,3590.4],[1056,3590.4],[1056,3552],[1036.8,3552],[1036.8,3475.2],[1056,3475.2],[1056,3417.6],[1075.2,3417.6],[1075.2,3398.4],[1094.3999999999999,3398.4],[1094.3999999999999,3379.2],[1113.6,3379.2],[1113.6,3360],[1132.8,3360],[1132.8,3321.6],[1152,3321.6],[1152,3283.2],[1171.2,3283.2],[1171.2,3264],[1190.3999999999999,3264],[1190.3999999999999,3244.7999999999997],[1209.6,3244.7999999999997],[1209.6,3225.6],[1248,3225.6],[1248,3206.4],[1286.3999999999999,3206.4],[1286.3999999999999,3187.2],[1363.2,3187.2],[1363.2,3091.2],[1382.3999999999999,3091.2],[1382.3999999999999,3033.6],[1401.6,3033.6],[1401.6,2995.2],[1420.8,2995.2],[1420.8,2956.7999999999997],[1440,2956.7999999999997],[1440,2918.4],[1478.3999999999999,2918.4],[1478.3999999999999,2899.2],[1497.6,2899.2],[1497.6,2880],[1536,2880],[1536,2860.7999999999997],[1574.3999999999999,2860.7999999999997],[1574.3999999999999,2841.6],[1612.8,2841.6],[1612.8,2822.4],[1651.2,2822.4],[1651.2,2803.2],[1728,2803.2],[1728,2784],[1766.3999999999999,2784],[1766.3999999999999,2764.7999999999997],[1824,2764.7999999999997],[1824,2745.6],[1862.3999999999999,2745.6],[1862.3999999999999,2726.4],[1958.3999999999999,2726.4],[1958.3999999999999,2707.2]]]]}},{"type":"Feature","properties":{"kind":"district","id":103,"name":"King Heights"},"geometry":{"type":"MultiPolygon","coordinates":[[[[2150.4,1977.6],[2284.7999999999997,1977.6],[2284.7999999999997,1996.8],[2342.4,1996.8],[2342.4,2112],[2361.6,2112],[2361.6,2150.4],[2380.7999999999997,2150.4],[2380.7999999999997,2188.7999999999997],[2419.2,2188.7999999999997],[2419.2,2208],[2438.4,2208],[2438.4,2284.7999999999997],[2457.6,2284.7999999999997],[2457.6,2323.2],[2438.4,2323.2],[2438.4,2342.4],[2419.2,2342.4],[2419.2,2361.6],[2380.7999999999997,2361.6],[2380.7999999999997,2380.7999999999997],[2323.2,2380.7999999999997],[2323.2,2400],[2284.7999999999997,2400],[2284.7999999999997,2419.2],[2265.6,2419.2],[2265.6,2438.4],[2227.2,2438.4],[2227.2,2457.6],[2208,2457.6],[2208,2476.7999999999997],[2188.7999999999997,2476.7999999999997],[2188.7999999999997,2496],[2169.6,2496],[2169.6,2515.2],[2150.4,2515.2],[2150.4,2534.4],[2131.2,2534.4],[2131.2,2553.6],[2112,2553.6],[2112,2611.2],[2092.7999999999997,2611.2],[2092.7999999999997,2649.6],[2073.6,2649.6],[2073.6,2688],[2054.4,2688],[2054.4,2707.2],[1958.3999999999999,2707.2],[1958.3999999999999,2726.4],[1862.3999999999999,2726.4],[1862.3999999999999,2745.6],[1824,2745.6],[1824,2764.7999999999997],[1766.3999999999999,2764.7999999999997],[1766.3999999999999,2784],[1728,2784],[1728,2803.2],[1651.2,2803.2],[1651.2,2822.4],[1612.8,2822.4],[1612.8,2841.6],[1574.3999999999999,2841.6],[1574.3999999999999,2860.7999999999997],[1536,2860.7999999999997],[1536,2880],[1497.6,2880],[1497.6,2899.2],[1478.3999999999999,2899.2],[1478.3999999999999,2918.4],[1440,2918.4],[1440,2937.6],[1420.8,2937.6],[1420.8,2918.4],[1382.3999999999999,2918.4],[1382.3999999999999,2899.2],[1344,2899.2],[1344,2880],[1324.8,2880],[1324.8,2860.7999999999997],[1305.6,2860.7999999999997],[1305.6,2841.6],[1286.3999999999999,2841.6],[1286.3999999999999,2707.2],[1267.2,2707.2],[1267.2,2688],[1209.6,2688],[1209.6,2668.7999999999997],[1190.3999999999999,2668.7999999999997],[1190.3999999999999,2649.6],[1171.2,2649.6],[1171.2,2630.4],[1152,2630.4],[1152,2592],[1132.8,2592],[1132.8,2515.2],[1152,2515.2],[1152,2476.7999999999997],[1171.2,2476.7999999999997],[1171.2,2438.4],[1190.3999999999999,2438.4],[1190.3999999999999,2419.2],[1209.6,2419.2],[1209.6,2323.2],[1228.8,2323.2],[1228.8,2284.7999999999997],[1248,2284.7999999999997],[1248,2265.6],[1267.2,2265.6],[1267.2,2246.4],[1324.8,2246.4],[1324.8,2227.2],[1363.2,2227.2],[1363.2,2208],[1420.8,2208],[1420.8,2188.7999999999997],[1478.3999999999999,2188.7999999999997],[1478.3999999999999,2169.6],[1612.8,2169.6],[1612.8,2150.4],[1728,2150.4],[1728,2131.2],[1785.6,2131.2],[1785.6,2112],[1824,2112],[1824,2054.4],[1843.1999999999998,2054.4],[1843.1999999999998,2016],[1996.8,2016],[1996.8,1996.8],[2150.4,1996.8],[2150.4,1977.6]]]]}},{"type":"Feature","properties":{"kind":"district","id":104,"name":"Belmont Heights"},"geometry":{"type":"MultiPolygon","coordinates":[[[[2054.4,1132.8],[2150.4,1132.8],[2150.4,1152],[2169.6,1152],[2169.6,1171.2],[2208,1171.2],[2208,1190.3999999999999],[2227.2,1190.3999999999999],[2227.2,1209.6],[2246.4,1209.6],[2246.4,1228.8],[2265.6,1228.8],[2265.6,1248],[2284.7999999999997,1248],[2284.7999999999997,1267.2],[2304,1267.2],[2304,1286.3999999999999],[2323.2,1286.3999999999999],[2323.2,1305.6],[2342.4,1305.6],[2342.4,1344],[2361.6,1344],[2361.6,1363.2],[2380.7999999999997,1363.2],[2380.7999999999997,1382.3999999999999],[2400,1382.3999999999999],[2400,1401.6],[2419.2,1401.6],[2419.2,1420.8],[2438.4,1420.8],[2438.4,1440],[2457.6,1440],[2457.6,1478.3999999999999],[2476.7999999999997,1478.3999999999999],[2476.7999999999997,1497.6],[2496,1497.6],[2496,1516.8],[2515.2,1516.8],[2515.2,1536],[2553.6,1536],[2553.6,1555.2],[2572.7999999999997,1555.2],[2572.7999999999997,1574.3999999999999],[2592,1574.3999999999999],[2592,1593.6],[2611.2,1593.6],[2611.2,1632],[2630.4,1632],[2630.4,1689.6],[2611.2,1689.6],[2611.2,1708.8],[2592,1708.8],[2592,1728],[2572.7999999999997,1728],[2572.7999999999997,1747.2],[2534.4,1747.2],[2534.4,1766.3999999999999],[2515.2,1766.3999999999999],[2515.2,1785.6],[2496,1785.6],[2496,1824],[2476.7999999999997,1824],[2476.7999999999997,1862.3999999999999],[2457.6,1862.3999999999999],[2457.6,1881.6],[2438.4,1881.6],[2438.4,1920],[2400,1920],[2400,1939.1999999999998],[2380.7999999999997,1939.1999999999998],[2380.7999999999997,1958.3999999999999],[2361.6,1958.3999999999999],[2361.6,1977.6],[2342.4,1977.6],[2342.4,1996.8],[2284.7999999999997,1996.8],[2284.7999999999997,1977.6],[2150.4,1977.6],[2150.4,1996.8],[1996.8,1996.8],[1996.8,2016],[1843.1999999999998,2016],[1843.1999999999998,1977.6],[1824,1977.6],[1824,1958.3999999999999],[1804.8,1958.3999999999999],[1804.8,1939.1999999999998],[1785.6,1939.1999999999998],[1785.6,1824],[1804.8,1824],[1804.8,1804.8],[1824,1804.8],[1824,1766.3999999999999],[1862.3999999999999,1766.3999999999999],[1862.3999999999999,1747.2],[1920,1747.2],[1920,1728],[1939.1999999999998,1728],[1939.1999999999998,1689.6],[1920,1689.6],[1920,1670.3999999999999],[1900.8,1670.3999999999999],[1900.8,1632],[1881.6,1632],[1881.6,1612.8],[1862.3999999999999,1612.8],[1862.3999999999999,1536],[1843.1999999999998,1536],[1843.1999999999998,1401.6],[1862.3999999999999,1401.6],[1862.3999999999999,1363.2],[1881.6,1363.2],[1881.6,1324.8],[1900.8,1324.8],[1900.8,1305.6],[1920,1305.6],[1920,1267.2],[1939.1999999999998,1267.2],[1939.1999999999998,1228.8],[1958.3999999999999,1228.8],[1958.3999999999999,1209.6],[1977.6,1209.6],[1977.6,1171.2],[2016,1171.2],[2016,1152],[2054.4,1152],[2054.4,1132.8]]]]}},{"type":"Feature","properties":{"kind":"district","id":105,"name":"Lake District"},"geometry":{"type":"MultiPolygon","coordinates":[[[[2937.6,1497.6],[2956.7999999999997,1497.6],[2956.7999999999997,1516.8],[2976,1516.8],[2976,1574.3999999999999],[2995.2,1574.3999999999999],[2995.2,1593.6],[3014.4,1593.6],[3014.4,1612.8],[3033.6,1612.8],[3033.6,1632],[3072,1632],[3072,1651.2],[3129.6,1651.2],[3129.6,1632],[3148.7999999999997,1632],[3148.7999999999997,1708.8],[3168,1708.8],[3168,1804.8],[3187.2,1804.8],[3187.2,1862.3999999999999],[3206.4,1862.3999999999999],[3206.4,1920],[3225.6,1920],[3225.6,2035.1999999999998],[3244.7999999999997,2035.1999999999998],[3244.7999999999997,2265.6],[3225.6,2265.6],[3225.6,2323.2],[3206.4,2323.2],[3206.4,2342.4],[3187.2,2342.4],[3187.2,2361.6],[3168,2361.6],[3168,2380.7999999999997],[3091.2,2380.7999999999997],[3091.2,2400],[3033.6,2400],[3033.6,2438.4],[3014.4,2438.4],[3014.4,2457.6],[2995.2,2457.6],[2995.2,2476.7999999999997],[2956.7999999999997,2476.7999999999997],[2956.7999999999997,2496],[2784,2496],[2784,2476.7999999999997],[2707.2,2476.7999999999997],[2707.2,2457.6],[2688,2457.6],[2688,2438.4],[2668.7999999999997,2438.4],[2668.7999999999997,2419.2],[2649.6,2419.2],[2649.6,2400],[2630.4,2400],[2630.4,2380.7999999999997],[2611.2,2380.7999999999997],[2611.2,2361.6],[2534.4,2361.6],[2534.4,2342.4],[2476.7999999999997,2342.4],[2476.7999999999997,2323.2],[2457.6,2323.2],[2457.6,2284.7999999999997],[2438.4,2284.7999999999997],[2438.4,2208],[2419.2,2208],[2419.2,2188.7999999999997],[2380.7999999999997,2188.7999999999997],[2380.7999999999997,2150.4],[2361.6,2150.4],[2361.6,2112],[2342.4,2112],[2342.4,1977.6],[2361.6,1977.6],[2361.6,1958.3999999999999],[2380.7999999999997,1958.3999999999999],[2380.7999999999997,1939.1999999999998],[2400,1939.1999999999998],[2400,1920],[2438.4,1920],[2438.4,1881.6],[2457.6,1881.6],[2457.6,1862.3999999999999],[2476.7999999999997,1862.3999999999999],[2476.7999999999997,1824],[2496,1824],[2496,1785.6],[2515.2,1785.6],[2515.2,1766.3999999999999],[2534.4,1766.3999999999999],[2534.4,1747.2],[2572.7999999999997,1747.2],[2572.7999999999997,1728],[2592,1728],[2592,1708.8],[2611.2,1708.8],[2611.2,1689.6],[2630.4,1689.6],[2630.4,1670.3999999999999],[2649.6,1670.3999999999999],[2649.6,1651.2],[2668.7999999999997,1651.2],[2668.7999999999997,1632],[2707.2,1632],[2707.2,1612.8],[2726.4,1612.8],[2726.4,1574.3999999999999],[2745.6,1574.3999999999999],[2745.6,1555.2],[2899.2,1555.2],[2899.2,1536],[2918.4,1536],[2918.4,1516.8],[2937.6,1516.8],[2937.6,1497.6]]]]}},{"type":"Feature","properties":{"kind":"district","id":106,"name":"Smith District"},"geometry":{"type":"MultiPolygon","coordinates":[[[[3859.2,1036.8],[3993.6,1036.8],[3993.6,1056],[4204.8,1056],[4204.8,1075.2],[4339.2,1075.2],[4339.2,1094.3999999999999],[4473.599999999999,1094.3999999999999],[4473.599999999999,1113.6],[4608,1113.6],[4608,1132.8],[4704,1132.8],[4704,1152],[4800,1152],[4800,1171.2],[4819.2,1171.2],[4819.2,2361.6],[4800,2361.6],[4800,2380.7999999999997],[4780.8,2380.7999999999997],[4780.8,2361.6],[4531.2,2361.6],[4531.2,2342.4],[4435.2,2342.4],[4435.2,2323.2],[4300.8,2323.2],[4300.8,2342.4],[3993.6,2342.4],[3993.6,2361.6],[3936,2361.6],[3936,2342.4],[3782.3999999999996,2342.4],[3782.3999999999996,2361.6],[3724.7999999999997,2361.6],[3724.7999999999997,2380.7999999999997],[3667.2,2380.7999999999997],[3667.2,2400],[3609.6,2400],[3609.6,2419.2],[3590.4,2419.2],[3590.4,2476.7999999999997],[3571.2,2476.7999999999997],[3571.2,2515.2],[3552,2515.2],[3552,2553.6],[3513.6,2553.6],[3513.6,2572.7999999999997],[3475.2,2572.7999999999997],[3475.2,2592],[3398.4,2592],[3398.4,2572.7999999999997],[3360,2572.7999999999997],[3360,2553.6],[3340.7999999999997,2553.6],[3340.7999999999997,2534.4],[3321.6,2534.4],[3321.6,2496],[3302.4,2496],[3302.4,2380.7999999999997],[3321.6,2380.7999999999997],[3321.6,2361.6],[3340.7999999999997,2361.6],[3340.7999999999997,2323.2],[3321.6,2323.2],[3321.6,2304],[3302.4,2304],[3302.4,2284.7999999999997],[3283.2,2284.7999999999997],[3283.2,2265.6],[3264,2265.6],[3264,2246.4],[3244.7999999999997,2246.4],[3244.7999999999997,2035.1999999999998],[3225.6,2035.1999999999998],[3225.6,1920],[3206.4,1920],[3206.4,1862.3999999999999],[3187.2,1862.3999999999999],[3187.2,1804.8],[3168,1804.8],[3168,1708.8],[3148.7999999999997,1708.8],[3148.7999999999997,1536],[3187.2,1536],[3187.2,1516.8],[3206.4,1516.8],[3206.4,1497.6],[3244.7999999999997,1497.6],[3244.7999999999997,1478.3999999999999],[3264,1478.3999999999999],[3264,1459.2],[3283.2,1459.2],[3283.2,1440],[3302.4,1440],[3302.4,1420.8],[3321.6,1420.8],[3321.6,1382.3999999999999],[3340.7999999999997,1382.3999999999999],[3340.7999999999997,1344],[3360,1344],[3360,1324.8],[3379.2,1324.8],[3379.2,1305.6],[3417.6,1305.6],[3417.6,1286.3999999999999],[3436.7999999999997,1286.3999999999999],[3436.7999999999997,1267.2],[3475.2,1267.2],[3475.2,1248],[3513.6,1248],[3513.6,1228.8],[3532.7999999999997,1228.8],[3532.7999999999997,1209.6],[3552,1209.6],[3552,1190.3999999999999],[3571.2,1190.3999999999999],[3571.2,1171.2],[3590.4,1171.2],[3590.4,1152],[3609.6,1152],[3609.6,1132.8],[3628.7999999999997,1132.8],[3628.7999999999997,1113.6],[3648,1113.6],[3648,1094.3999999999999],[3686.3999999999996,1094.3999999999999],[3686.3999999999996,1075.2],[3724.7999999999997,1075.2],[3724.7999999999997,1056],[3859.2,1056],[3859.2,1036.8]]]]}},{"type":"Feature","properties":{"kind":"district","id":107,"name":"Sheffield Square"},"geometry":{"type":"MultiPolygon","coordinates":[[[[3705.6,-2515.2],[3744,-2515.2],[3744,-2496],[3801.6,-2496],[3801.6,-2476.7999999999997],[3820.7999999999997,-2476.7999999999997],[3820.7999999999997,-2457.6],[3840,-2457.6],[3840,-2438.4],[3859.2,-2438.4],[3859.2,-2400],[3840,-2400],[3840,-2380.7999999999997],[3820.7999999999997,-2380.7999999999997],[3820.7999999999997,-2361.6],[3801.6,-2361.6],[3801.6,-2265.6],[3782.3999999999996,-2265.6],[3782.3999999999996,-2188.7999999999997],[3801.6,-2188.7999999999997],[3801.6,-2131.2],[3820.7999999999997,-2131.2],[3820.7999999999997,-2112],[3840,-2112],[3840,-2092.7999999999997],[3859.2,-2092.7999999999997],[3859.2,-2054.4],[3897.6,-2054.4],[3897.6,-2035.1999999999998],[3916.7999999999997,-2035.1999999999998],[3916.7999999999997,-2016],[3936,-2016],[3936,-1996.8],[3955.2,-1996.8],[3955.2,-1977.6],[3974.3999999999996,-1977.6],[3974.3999999999996,-1958.3999999999999],[3993.6,-1958.3999999999999],[3993.6,-1920],[4012.7999999999997,-1920],[4012.7999999999997,-1843.1999999999998],[4032,-1843.1999999999998],[4032,-1804.8],[4051.2,-1804.8],[4051.2,-1785.6],[4070.3999999999996,-1785.6],[4070.3999999999996,-1747.2],[4108.8,-1747.2],[4108.8,-1728],[4166.4,-1728],[4166.4,-1612.8],[4185.599999999999,-1612.8],[4185.599999999999,-1593.6],[4204.8,-1593.6],[4204.8,-1555.2],[4224,-1555.2],[4224,-1497.6],[4243.2,-1497.6],[4243.2,-1420.8],[4262.4,-1420.8],[4262.4,-1305.6],[4281.599999999999,-1305.6],[4281.599999999999,-1209.6],[4300.8,-1209.6],[4300.8,-1075.2],[4281.599999999999,-1075.2],[4281.599999999999,-1036.8],[4262.4,-1036.8],[4262.4,-1056],[4224,-1056],[4224,-1075.2],[4108.8,-1075.2],[4108.8,-1056],[4089.6,-1056],[4089.6,-1036.8],[4032,-1036.8],[4032,-1017.5999999999999],[3993.6,-1017.5999999999999],[3993.6,-998.4],[3897.6,-998.4],[3897.6,-979.1999999999999],[3840,-979.1999999999999],[3840,-998.4],[3801.6,-998.4],[3801.6,-1017.5999999999999],[3782.3999999999996,-1017.5999999999999],[3782.3999999999996,-1036.8],[3763.2,-1036.8],[3763.2,-1056],[3744,-1056],[3744,-1113.6],[3724.7999999999997,-1113.6],[3724.7999999999997,-1248],[3705.6,-1248],[3705.6,-1305.6],[3686.3999999999996,-1305.6],[3686.3999999999996,-1324.8],[3667.2,-1324.8],[3667.2,-1363.2],[3648,-1363.2],[3648,-1382.3999999999999],[3628.7999999999997,-1382.3999999999999],[3628.7999999999997,-1401.6],[3609.6,-1401.6],[3609.6,-1440],[3590.4,-1440],[3590.4,-1459.2],[3571.2,-1459.2],[3571.2,-1478.3999999999999],[3552,-1478.3999999999999],[3552,-1516.8],[3532.7999999999997,-1516.8],[3532.7999999999997,-1536],[3513.6,-1536],[3513.6,-1555.2],[3494.4,-1555.2],[3494.4,-1593.6],[3475.2,-1593.6],[3475.2,-1612.8],[3456,-1612.8],[3456,-1651.2],[3436.7999999999997,-1651.2],[3436.7999999999997,-1670.3999999999999],[3417.6,-1670.3999999999999],[3417.6,-1689.6],[3398.4,-1689.6],[3398.4,-1728],[3379.2,-1728],[3379.2,-1747.2],[3360,-1747.2],[3360,-1785.6],[3340.7999999999997,-1785.6],[3340.7999999999997,-1862.3999999999999],[3321.6,-1862.3999999999999],[3321.6,-1881.6],[3302.4,-1881.6],[3302.4,-1900.8],[3283.2,-1900.8],[3283.2,-1920],[3264,-1920],[3264,-1939.1999999999998],[3225.6,-1939.1999999999998],[3225.6,-1958.3999999999999],[3206.4,-1958.3999999999999],[3206.4,-1977.6],[3187.2,-1977.6],[3187.2,-1996.8],[3168,-1996.8],[3168,-2016],[3148.7999999999997,-2016],[3148.7999999999997,-2035.1999999999998],[3129.6,-2035.1999999999998],[3129.6,-2054.4],[3110.4,-2054.4],[3110.4,-2073.6],[3091.2,-2073.6],[3091.2,-2092.7999999999997],[3072,-2092.7999999999997],[3072,-2112],[3052.7999999999997,-2112],[3052.7999999999997,-2150.4],[3033.6,-2150.4],[3033.6,-2246.4],[3052.7999999999997,-2246.4],[3052.7999999999997,-2284.7999999999997],[3072,-2284.7999999999997],[3072,-2304],[3091.2,-2304],[3091.2,-2323.2],[3110.4,-2323.2],[3110.4,-2342.4],[3129.6,-2342.4],[3129.6,-2361.6],[3168,-2361.6],[3168,-2380.7999999999997],[3187.2,-2380.7999999999997],[3187.2,-2400],[3206.4,-2400],[3206.4,-2419.2],[3244.7999999999997,-2419.2],[3244.7999999999997,-2438.4],[3283.2,-2438.4],[3283.2,-2457.6],[3340.7999999999997,-2457.6],[3340.7999999999997,-2476.7999999999997],[3436.7999999999997,-2476.7999999999997],[3436.7999999999997,-2496],[3705.6,-2496],[3705.6,-2515.2]]]]}},{"type":"Feature","properties":{"kind":"district","id":108,"name":"Dale Park"},"geometry":{"type":"MultiPolygon","coordinates":[[[[2342.4,825.6],[2419.2,825.6],[2419.2,844.8],[2438.4,844.8],[2438.4,864],[2476.7999999999997,864],[2476.7999999999997,883.1999999999999],[2496,883.1999999999999],[2496,921.5999999999999],[2515.2,921.5999999999999],[2515.2,940.8],[2553.6,940.8],[2553.6,960],[2572.7999999999997,960],[2572.7999999999997,979.1999999999999],[2592,979.1999999999999],[2592,998.4],[2611.2,998.4],[2611.2,1017.5999999999999],[2630.4,1017.5999999999999],[2630.4,1036.8],[2649.6,1036.8],[2649.6,1056],[2668.7999999999997,1056],[2668.7999999999997,1113.6],[2688,1113.6],[2688,1152],[2707.2,1152],[2707.2,1171.2],[2726.4,1171.2],[2726.4,1209.6],[2745.6,1209.6],[2745.6,1228.8],[2764.7999999999997,1228.8],[2764.7999999999997,1248],[2803.2,1248],[2803.2,1267.2],[2822.4,1267.2],[2822.4,1286.3999999999999],[2976,1286.3999999999999],[2976,1324.8],[2995.2,1324.8],[2995.2,1344],[2976,1344],[2976,1478.3999999999999],[2956.7999999999997,1478.3999999999999],[2956.7999999999997,1497.6],[2937.6,1497.6],[2937.6,1516.8],[2918.4,1516.8],[2918.4,1536],[2899.2,1536],[2899.2,1555.2],[2745.6,1555.2],[2745.6,1574.3999999999999],[2726.4,1574.3999999999999],[2726.4,1612.8],[2707.2,1612.8],[2707.2,1632],[2668.7999999999997,1632],[2668.7999999999997,1651.2],[2630.4,1651.2],[2630.4,1632],[2611.2,1632],[2611.2,1593.6],[2592,1593.6],[2592,1574.3999999999999],[2572.7999999999997,1574.3999999999999],[2572.7999999999997,1555.2],[2553.6,1555.2],[2553.6,1536],[2515.2,1536],[2515.2,1516.8],[2496,1516.8],[2496,1497.6],[2476.7999999999997,1497.6],[2476.7999999999997,1478.3999999999999],[2457.6,1478.3999999999999],[2457.6,1440],[2438.4,1440],[2438.4,1420.8],[2419.2,1420.8],[2419.2,1401.6],[2400,1401.6],[2400,1382.3999999999999],[2380.7999999999997,1382.3999999999999],[2380.7999999999997,1363.2],[2361.6,1363.2],[2361.6,1344],[2342.4,1344],[2342.4,1305.6],[2323.2,1305.6],[2323.2,1286.3999999999999],[2304,1286.3999999999999],[2304,1267.2],[2284.7999999999997,1267.2],[2284.7999999999997,1248],[2265.6,1248],[2265.6,1228.8],[2246.4,1228.8],[2246.4,1209.6],[2227.2,1209.6],[2227.2,1190.3999999999999],[2208,1190.3999999999999],[2208,1171.2],[2169.6,1171.2],[2169.6,1152],[2150.4,1152],[2150.4,1132.8],[2131.2,1132.8],[2131.2,1075.2],[2150.4,1075.2],[2150.4,1056],[2169.6,1056],[2169.6,1017.5999999999999],[2188.7999999999997,1017.5999999999999],[2188.7999999999997,998.4],[2208,998.4],[2208,979.1999999999999],[2227.2,979.1999999999999],[2227.2,921.5999999999999],[2246.4,921.5999999999999],[2246.4,902.4],[2265.6,902.4],[2265.6,883.1999999999999],[2304,883.1999999999999],[2304,864],[2323.2,864],[2323.2,844.8],[2342.4,844.8],[2342.4,825.6]]]]}},{"type":"Feature","properties":{"kind":"district","id":109,"name":"Madison Heights"},"geometry":{"type":"MultiPolygon","coordinates":[[[[4300.8,2323.2],[4435.2,2323.2],[4435.2,2342.4],[4531.2,2342.4],[4531.2,2361.6],[4780.8,2361.6],[4780.8,2380.7999999999997],[4819.2,2380.7999999999997],[4819.2,2764.7999999999997],[4800,2764.7999999999997],[4800,2784],[4780.8,2784],[4780.8,2803.2],[4723.2,2803.2],[4723.2,2822.4],[4665.599999999999,2822.4],[4665.599999999999,2803.2],[4492.8,2803.2],[4492.8,2784],[3648,2784],[3648,2803.2],[3456,2803.2],[3456,2841.6],[3436.7999999999997,2841.6],[3436.7999999999997,2860.7999999999997],[3417.6,2860.7999999999997],[3417.6,2880],[3360,2880],[3360,2899.2],[3302.4,2899.2],[3302.4,2880],[3244.7999999999997,2880],[3244.7999999999997,2860.7999999999997],[3206.4,2860.7999999999997],[3206.4,2841.6],[3187.2,2841.6],[3187.2,2803.2],[3148.7999999999997,2803.2],[3148.7999999999997,2784],[3110.4,2784],[3110.4,2745.6],[3091.2,2745.6],[3091.2,2726.4],[3072,2726.4],[3072,2707.2],[3052.7999999999997,2707.2],[3052.7999999999997,2688],[3014.4,2688],[3014.4,2668.7999999999997],[2995.2,2668.7999999999997],[2995.2,2611.2],[2976,2611.2],[2976,2592],[2956.7999999999997,2592],[2956.7999999999997,2553.6],[2937.6,2553.6],[2937.6,2515.2],[2918.4,2515.2],[2918.4,2496],[2956.7999999999997,2496],[2956.7999999999997,2476.7999999999997],[2995.2,2476.7999999999997],[2995.2,2457.6],[3014.4,2457.6],[3014.4,2438.4],[3033.6,2438.4],[3033.6,2400],[3091.2,2400],[3091.2,2380.7999999999997],[3168,2380.7999999999997],[3168,2400],[3302.4,2400],[3302.4,2496],[3321.6,2496],[3321.6,2534.4],[3340.7999999999997,2534.4],[3340.7999999999997,2553.6],[3360,2553.6],[3360,2572.7999999999997],[3398.4,2572.7999999999997],[3398.4,2592],[3475.2,2592],[3475.2,2572.7999999999997],[3513.6,2572.7999999999997],[3513.6,2553.6],[3552,2553.6],[3552,2515.2],[3571.2,2515.2],[3571.2,2476.7999999999997],[3590.4,2476.7999999999997],[3590.4,2419.2],[3609.6,2419.2],[3609.6,2400],[3667.2,2400],[3667.2,2380.7999999999997],[3724.7999999999997,2380.7999999999997],[3724.7999999999997,2361.6],[3782.3999999999996,2361.6],[3782.3999999999996,2342.4],[3936,2342.4],[3936,2361.6],[3993.6,2361.6],[3993.6,2342.4],[4300.8,2342.4],[4300.8,2323.2]]]]}},{"type":"Feature","properties":{"kind":"district","id":110,"name":"Manor Heights"},"geometry":{"type":"MultiPolygon","coordinates":[[[[2016,-2150.4],[2073.6,-2150.4],[2073.6,-2131.2],[2112,-2131.2],[2112,-2112],[2131.2,-2112],[2131.2,-2092.7999999999997],[2150.4,-2092.7999999999997],[2150.4,-2073.6],[2188.7999999999997,-2073.6],[2188.7999999999997,-2054.4],[2227.2,-2054.4],[2227.2,-2035.1999999999998],[2246.4,-2035.1999999999998],[2246.4,-2016],[2265.6,-2016],[2265.6,-1996.8],[2304,-1996.8],[2304,-1977.6],[2323.2,-1977.6],[2323.2,-1958.3999999999999],[2361.6,-1958.3999999999999],[2361.6,-1939.1999999999998],[2380.7999999999997,-1939.1999999999998],[2380.7999999999997,-1900.8],[2361.6,-1900.8],[2361.6,-1862.3999999999999],[2342.4,-1862.3999999999999],[2342.4,-1843.1999999999998],[2323.2,-1843.1999999999998],[2323.2,-1824],[2304,-1824],[2304,-1785.6],[2284.7999999999997,-1785.6],[2284.7999999999997,-1766.3999999999999],[2265.6,-1766.3999999999999],[2265.6,-1747.2],[2246.4,-1747.2],[2246.4,-1728],[2227.2,-1728],[2227.2,-1689.6],[2208,-1689.6],[2208,-1670.3999999999999],[2188.7999999999997,-1670.3999999999999],[2188.7999999999997,-1651.2],[2169.6,-1651.2],[2169.6,-1632],[2150.4,-1632],[2150.4,-1612.8],[2131.2,-1612.8],[2131.2,-1574.3999999999999],[2112,-1574.3999999999999],[2112,-1555.2],[2092.7999999999997,-1555.2],[2092.7999999999997,-1536],[2073.6,-1536],[2073.6,-1516.8],[2054.4,-1516.8],[2054.4,-1497.6],[2035.1999999999998,-1497.6],[2035.1999999999998,-1478.3999999999999],[2016,-1478.3999999999999],[2016,-1459.2],[1996.8,-1459.2],[1996.8,-1440],[1977.6,-1440],[1977.6,-1420.8],[1958.3999999999999,-1420.8],[1958.3999999999999,-1382.3999999999999],[1939.1999999999998,-1382.3999999999999],[1939.1999999999998,-1363.2],[1920,-1363.2],[1920,-1344],[1900.8,-1344],[1900.8,-1324.8],[1881.6,-1324.8],[1881.6,-1286.3999999999999],[1862.3999999999999,-1286.3999999999999],[1862.3999999999999,-1267.2],[1843.1999999999998,-1267.2],[1843.1999999999998,-1248],[1824,-1248],[1824,-1228.8],[1804.8,-1228.8],[1804.8,-1209.6],[1785.6,-1209.6],[1785.6,-1190.3999999999999],[1766.3999999999999,-1190.3999999999999],[1766.3999999999999,-1152],[1747.2,-1152],[1747.2,-1132.8],[1728,-1132.8],[1728,-1113.6],[1689.6,-1113.6],[1689.6,-1094.3999999999999],[1670.3999999999999,-1094.3999999999999],[1670.3999999999999,-1056],[1651.2,-1056],[1651.2,-1036.8],[1632,-1036.8],[1632,-1017.5999999999999],[1612.8,-1017.5999999999999],[1612.8,-979.1999999999999],[1593.6,-979.1999999999999],[1593.6,-940.8],[1574.3999999999999,-940.8],[1574.3999999999999,-921.5999999999999],[1536,-921.5999999999999],[1536,-902.4],[1516.8,-902.4],[1516.8,-883.1999999999999],[1497.6,-883.1999999999999],[1497.6,-864],[1478.3999999999999,-864],[1478.3999999999999,-844.8],[1459.2,-844.8],[1459.2,-806.4],[1440,-806.4],[1440,-787.1999999999999],[1420.8,-787.1999999999999],[1420.8,-748.8],[1382.3999999999999,-748.8],[1382.3999999999999,-787.1999999999999],[1363.2,-787.1999999999999],[1363.2,-806.4],[1324.8,-806.4],[1324.8,-844.8],[1286.3999999999999,-844.8],[1286.3999999999999,-864],[1267.2,-864],[1267.2,-883.1999999999999],[1228.8,-883.1999999999999],[1228.8,-902.4],[1190.3999999999999,-902.4],[1190.3999999999999,-921.5999999999999],[1152,-921.5999999999999],[1152,-940.8],[1113.6,-940.8],[1113.6,-960],[1094.3999999999999,-960],[1094.3999999999999,-979.1999999999999],[1075.2,-979.1999999999999],[1075.2,-998.4],[1036.8,-998.4],[1036.8,-979.1999999999999],[1017.5999999999999,-979.1999999999999],[1017.5999999999999,-1017.5999999999999],[1036.8,-1017.5999999999999],[1036.8,-1056],[1056,-1056],[1056,-1094.3999999999999],[1075.2,-1094.3999999999999],[1075.2,-1132.8],[1094.3999999999999,-1132.8],[1094.3999999999999,-1152],[1113.6,-1152],[1113.6,-1190.3999999999999],[1132.8,-1190.3999999999999],[1132.8,-1228.8],[1152,-1228.8],[1152,-1267.2],[1171.2,-1267.2],[1171.2,-1286.3999999999999],[1190.3999999999999,-1286.3999999999999],[1190.3999999999999,-1324.8],[1209.6,-1324.8],[1209.6,-1344],[1228.8,-1344],[1228.8,-1382.3999999999999],[1248,-1382.3999999999999],[1248,-1420.8],[1267.2,-1420.8],[1267.2,-1440],[1286.3999999999999,-1440],[1286.3999999999999,-1459.2],[1305.6,-1459.2],[1305.6,-1497.6],[1324.8,-1497.6],[1324.8,-1516.8],[1344,-1516.8],[1344,-1536],[1382.3999999999999,-1536],[1382.3999999999999,-1555.2],[1401.6,-1555.2],[1401.6,-1574.3999999999999],[1420.8,-1574.3999999999999],[1420.8,-1593.6],[1440,-1593.6],[1440,-1632],[1459.2,-1632],[1459.2,-1651.2],[1497.6,-1651.2],[1497.6,-1670.3999999999999],[1516.8,-1670.3999999999999],[1516.8,-1689.6],[1536,-1689.6],[1536,-1708.8],[1555.2,-1708.8],[1555.2,-1728],[1593.6,-1728],[1593.6,-1747.2],[1612.8,-1747.2],[1612.8,-1766.3999999999999],[1632,-1766.3999999999999],[1632,-1785.6],[1651.2,-1785.6],[1651.2,-1804.8],[1689.6,-1804.8],[1689.6,-1824],[1708.8,-1824],[1708.8,-1843.1999999999998],[1728,-1843.1999999999998],[1728,-1862.3999999999999],[1747.2,-1862.3999999999999],[1747.2,-1881.6],[1785.6,-1881.6],[1785.6,-1900.8],[1804.8,-1900.8],[1804.8,-1920],[1843.1999999999998,-1920],[1843.1999999999998,-1958.3999999999999],[1862.3999999999999,-1958.3999999999999],[1862.3999999999999,-1977.6],[1881.6,-1977.6],[1881.6,-1996.8],[1900.8,-1996.8],[1900.8,-2016],[1920,-2016],[1920,-2035.1999999999998],[1939.1999999999998,-2035.1999999999998],[1939.1999999999998,-2054.4],[1958.3999999999999,-2054.4],[1958.3999999999999,-2073.6],[1977.6,-2073.6],[1977.6,-2112],[1996.8,-2112],[1996.8,-2131.2],[2016,-2131.2],[2016,-2150.4]]]]}},{"type":"Feature","properties":{"kind":"district","id":111,"name":"Strawberry District"},"geometry":{"type":"MultiPolygon","coordinates":[[[[2496,-2553.6],[2649.6,-2553.6],[2649.6,-2534.4],[2745.6,-2534.4],[2745.6,-2515.2],[2784,-2515.2],[2784,-2496],[2803.2,-2496],[2803.2,-2400],[2784,-2400],[2784,-2380.7999999999997],[2764.7999999999997,-2380.7999999999997],[2764.7999999999997,-2342.4],[2745.6,-2342.4],[2745.6,-2323.2],[2726.4,-2323.2],[2726.4,-2284.7999999999997],[2707.2,-2284.7999999999997],[2707.2,-2265.6],[2688,-2265.6],[2688,-2246.4],[2668.7999999999997,-2246.4],[2668.7999999999997,-2208],[2649.6,-2208],[2649.6,-2188.7999999999997],[2630.4,-2188.7999999999997],[2630.4,-2169.6],[2611.2,-2169.6],[2611.2,-2131.2],[2592,-2131.2],[2592,-2112],[2572.7999999999997,-2112],[2572.7999999999997,-2092.7999999999997],[2553.6,-2092.7999999999997],[2553.6,-2054.4],[2534.4,-2054.4],[2534.4,-2035.1999999999998],[2515.2,-2035.1999999999998],[2515.2,-2016],[2496,-2016],[2496,-1977.6],[2476.7999999999997,-1977.6],[2476.7999999999997,-1958.3999999999999],[2457.6,-1958.3999999999999],[2457.6,-1939.1999999999998],[2438.4,-1939.1999999999998],[2438.4,-1920],[2419.2,-1920],[2419.2,-1900.8],[2400,-1900.8],[2400,-1920],[2380.7999999999997,-1920],[2380.7999999999997,-1939.1999999999998],[2361.6,-1939.1999999999998],[2361.6,-1958.3999999999999],[2323.2,-1958.3999999999999],[2323.2,-1977.6],[2304,-1977.6],[2304,-1996.8],[2265.6,-1996.8],[2265.6,-2016],[2246.4,-2016],[2246.4,-2035.1999999999998],[2227.2,-2035.1999999999998],[2227.2,-2054.4],[2188.7999999999997,-2054.4],[2188.7999999999997,-2073.6],[2150.4,-2073.6],[2150.4,-2092.7999999999997],[2131.2,-2092.7999999999997],[2131.2,-2112],[2112,-2112],[2112,-2131.2],[2073.6,-2131.2],[2073.6,-2169.6],[2054.4,-2169.6],[2054.4,-2188.7999999999997],[2073.6,-2188.7999999999997],[2073.6,-2227.2],[2092.7999999999997,-2227.2],[2092.7999999999997,-2246.4],[2112,-2246.4],[2112,-2265.6],[2131.2,-2265.6],[2131.2,-2284.7999999999997],[2150.4,-2284.7999999999997],[2150.4,-2304],[2169.6,-2304],[2169.6,-2323.2],[2188.7999999999997,-2323.2],[2188.7999999999997,-2342.4],[2208,-2342.4],[2208,-2361.6],[2227.2,-2361.6],[2227.2,-2380.7999999999997],[2265.6,-2380.7999999999997],[2265.6,-2400],[2304,-2400],[2304,-2419.2],[2342.4,-2419.2],[2342.4,-2438.4],[2361.6,-2438.4],[2361.6,-2457.6],[2380.7999999999997,-2457.6],[2380.7999999999997,-2476.7999999999997],[2419.2,-2476.7999999999997],[2419.2,-2496],[2438.4,-2496],[2438.4,-2515.2],[2457.6,-2515.2],[2457.6,-2534.4],[2496,-2534.4],[2496,-2553.6]]]]}},{"type":"Feature","properties":{"kind":"district","id":112,"name":"Poplar Square"},"geometry":{"type":"MultiPolygon","coordinates":[[[[4588.8,-1651.2],[4627.2,-1651.2],[4627.2,-1632],[4665.599999999999,-1632],[4665.599999999999,-1612.8],[4684.8,-1612.8],[4684.8,-1593.6],[4704,-1593.6],[4704,-1574.3999999999999],[4742.4,-1574.3999999999999],[4742.4,-1555.2],[4800,-1555.2],[4800,-1536],[4819.2,-1536],[4819.2,-384],[4800,-384],[4800,-364.8],[4761.599999999999,-364.8],[4761.599999999999,-345.59999999999997],[4665.599999999999,-345.59999999999997],[4665.599999999999,-364.8],[4627.2,-364.8],[4627.2,-384],[4608,-384],[4608,-403.2],[4588.8,-403.2],[4588.8,-422.4],[4569.599999999999,-422.4],[4569.599999999999,-441.59999999999997],[4473.599999999999,-441.59999999999997],[4473.599999999999,-460.79999999999995],[4396.8,-460.79999999999995],[4396.8,-480],[4377.599999999999,-480],[4377.599999999999,-499.2],[4358.4,-499.2],[4358.4,-518.4],[4339.2,-518.4],[4339.2,-556.8],[4320,-556.8],[4320,-960],[4300.8,-960],[4300.8,-1017.5999999999999],[4281.599999999999,-1017.5999999999999],[4281.599999999999,-1075.2],[4300.8,-1075.2],[4300.8,-1209.6],[4281.599999999999,-1209.6],[4281.599999999999,-1267.2],[4300.8,-1267.2],[4300.8,-1248],[4339.2,-1248],[4339.2,-1228.8],[4377.599999999999,-1228.8],[4377.599999999999,-1248],[4416,-1248],[4416,-1286.3999999999999],[4435.2,-1286.3999999999999],[4435.2,-1344],[4454.4,-1344],[4454.4,-1382.3999999999999],[4473.599999999999,-1382.3999999999999],[4473.599999999999,-1420.8],[4492.8,-1420.8],[4492.8,-1478.3999999999999],[4512,-1478.3999999999999],[4512,-1516.8],[4531.2,-1516.8],[4531.2,-1536],[4550.4,-1536],[4550.4,-1574.3999999999999],[4569.599999999999,-1574.3999999999999],[4569.599999999999,-1612.8],[4588.8,-1612.8],[4588.8,-1651.2]]]]}},{"type":"Feature","properties":{"kind":"district","id":113,"name":"Birdsong District"},"geometry":{"type":"MultiPolygon","coordinates":[[[[4012.7999999999997,-2457.6],[4051.2,-2457.6],[4051.2,-2438.4],[4108.8,-2438.4],[4108.8,-2419.2],[4128,-2419.2],[4128,-2400],[4147.2,-2400],[4147.2,-2380.7999999999997],[4185.599999999999,-2380.7999999999997],[4185.599999999999,-2361.6],[4204.8,-2361.6],[4204.8,-2342.4],[4262.4,-2342.4],[4262.4,-2323.2],[4281.599999999999,-2323.2],[4281.599999999999,-2304],[4300.8,-2304],[4300.8,-2284.7999999999997],[4320,-2284.7999999999997],[4320,-2265.6],[4339.2,-2265.6],[4339.2,-2246.4],[4377.599999999999,-2246.4],[4377.599999999999,-2227.2],[4396.8,-2227.2],[4396.8,-2208],[4416,-2208],[4416,-2188.7999999999997],[4435.2,-2188.7999999999997],[4435.2,-2169.6],[4473.599999999999,-2169.6],[4473.599999999999,-2150.4],[4492.8,-2150.4],[4492.8,-2131.2],[4627.2,-2131.2],[4627.2,-2112],[4646.4,-2112],[4646.4,-2092.7999999999997],[4665.599999999999,-2092.7999999999997],[4665.599999999999,-2073.6],[4684.8,-2073.6],[4684.8,-2054.4],[4704,-2054.4],[4704,-2035.1999999999998],[4723.2,-2035.1999999999998],[4723.2,-2016],[4742.4,-2016],[4742.4,-1977.6],[4761.599999999999,-1977.6],[4761.599999999999,-1939.1999999999998],[4780.8,-1939.1999999999998],[4780.8,-1881.6],[4761.599999999999,-1881.6],[4761.599999999999,-1900.8],[4723.2,-1900.8],[4723.2,-1920],[4684.8,-1920],[4684.8,-1939.1999999999998],[4646.4,-1939.1999999999998],[4646.4,-1958.3999999999999],[4512,-1958.3999999999999],[4512,-1939.1999999999998],[4473.599999999999,-1939.1999999999998],[4473.599999999999,-1920],[4454.4,-1920],[4454.4,-1900.8],[4435.2,-1900.8],[4435.2,-1977.6],[4416,-1977.6],[4416,-1996.8],[4377.599999999999,-1996.8],[4377.599999999999,-2016],[4204.8,-2016],[4204.8,-1996.8],[4128,-1996.8],[4128,-1977.6],[4070.3999999999996,-1977.6],[4070.3999999999996,-1958.3999999999999],[4032,-1958.3999999999999],[4032,-1939.1999999999998],[4012.7999999999997,-1939.1999999999998],[4012.7999999999997,-1920],[3993.6,-1920],[3993.6,-1958.3999999999999],[3974.3999999999996,-1958.3999999999999],[3974.3999999999996,-1977.6],[3955.2,-1977.6],[3955.2,-1996.8],[3936,-1996.8],[3936,-2016],[3916.7999999999997,-2016],[3916.7999999999997,-2035.1999999999998],[3897.6,-2035.1999999999998],[3897.6,-2054.4],[3859.2,-2054.4],[3859.2,-2092.7999999999997],[3840,-2092.7999999999997],[3840,-2112],[3820.7999999999997,-2112],[3820.7999999999997,-2131.2],[3801.6,-2131.2],[3801.6,-2188.7999999999997],[3782.3999999999996,-2188.7999999999997],[3782.3999999999996,-2265.6],[3801.6,-2265.6],[3801.6,-2361.6],[3820.7999999999997,-2361.6],[3820.7999999999997,-2380.7999999999997],[3840,-2380.7999999999997],[3840,-2400],[3916.7999999999997,-2400],[3916.7999999999997,-2419.2],[3955.2,-2419.2],[3955.2,-2438.4],[4012.7999999999997,-2438.4],[4012.7999999999997,-2457.6]]]]}},{"type":"Feature","properties":{"kind":"district","id":114,"name":"Oriental Heights"},"geometry":{"type":"MultiPolygon","coordinates":[[[[3417.6,-576],[3475.2,-576],[3475.2,-556.8],[3532.7999999999997,-556.8],[3532.7999999999997,-537.6],[3628.7999999999997,-537.6],[3628.7999999999997,-518.4],[3667.2,-518.4],[3667.2,-499.2],[3686.3999999999996,-499.2],[3686.3999999999996,-480],[3705.6,-480],[3705.6,-460.79999999999995],[3724.7999999999997,-460.79999999999995],[3724.7999999999997,-422.4],[3744,-422.4],[3744,-403.2],[3782.3999999999996,-403.2],[3782.3999999999996,-384],[3801.6,-384],[3801.6,-364.8],[3820.7999999999997,-364.8],[3820.7999999999997,-345.59999999999997],[3840,-345.59999999999997],[3840,-326.4],[3859.2,-326.4],[3859.2,-249.6],[3840,-249.6],[3840,-192],[3820.7999999999997,-192],[3820.7999999999997,-172.79999999999998],[3801.6,-172.79999999999998],[3801.6,-153.6],[3782.3999999999996,-153.6],[3782.3999999999996,-134.4],[3763.2,-134.4],[3763.2,96],[3782.3999999999996,96],[3782.3999999999996,115.19999999999999],[3763.2,115.19999999999999],[3763.2,172.79999999999998],[3744,172.79999999999998],[3744,211.2],[3724.7999999999997,211.2],[3724.7999999999997,249.6],[3705.6,249.6],[3705.6,268.8],[3667.2,268.8],[3667.2,288],[3628.7999999999997,288],[3628.7999999999997,307.2],[3590.4,307.2],[3590.4,326.4],[3571.2,326.4],[3571.2,345.59999999999997],[3513.6,345.59999999999997],[3513.6,384],[3494.4,384],[3494.4,403.2],[3475.2,403.2],[3475.2,422.4],[3436.7999999999997,422.4],[3436.7999999999997,441.59999999999997],[3379.2,441.59999999999997],[3379.2,460.79999999999995],[3360,460.79999999999995],[3360,480],[3340.7999999999997,480],[3340.7999999999997,460.79999999999995],[3283.2,460.79999999999995],[3283.2,441.59999999999997],[3244.7999999999997,441.59999999999997],[3244.7999999999997,422.4],[3225.6,422.4],[3225.6,403.2],[3206.4,403.2],[3206.4,364.8],[3187.2,364.8],[3187.2,326.4],[3148.7999999999997,326.4],[3148.7999999999997,307.2],[3110.4,307.2],[3110.4,288],[3091.2,288],[3091.2,268.8],[3072,268.8],[3072,249.6],[3052.7999999999997,249.6],[3052.7999999999997,115.19999999999999],[3072,115.19999999999999],[3072,96],[3091.2,96],[3091.2,76.8],[3110.4,76.8],[3110.4,-57.599999999999994],[3129.6,-57.599999999999994],[3129.6,-96],[3148.7999999999997,-96],[3148.7999999999997,-134.4],[3168,-134.4],[3168,-211.2],[3187.2,-211.2],[3187.2,-288],[3206.4,-288],[3206.4,-422.4],[3225.6,-422.4],[3225.6,-480],[3244.7999999999997,-480],[3244.7999999999997,-518.4],[3264,-518.4],[3264,-537.6],[3321.6,-537.6],[3321.6,-556.8],[3417.6,-556.8],[3417.6,-576]]]]}},{"type":"Feature","properties":{"kind":"district","id":115,"name":"Amity Hills"},"geometry":{"type":"MultiPolygon","coordinates":[[[[2976,-825.6],[3187.2,-825.6],[3187.2,-787.1999999999999],[3206.4,-787.1999999999999],[3206.4,-768],[3225.6,-768],[3225.6,-729.6],[3244.7999999999997,-729.6],[3244.7999999999997,-633.6],[3225.6,-633.6],[3225.6,-614.4],[3244.7999999999997,-614.4],[3244.7999999999997,-556.8],[3264,-556.8],[3264,-537.6],[3244.7999999999997,-537.6],[3244.7999999999997,-480],[3225.6,-480],[3225.6,-422.4],[3206.4,-422.4],[3206.4,-288],[3187.2,-288],[3187.2,-211.2],[3168,-211.2],[3168,-134.4],[3148.7999999999997,-134.4],[3148.7999999999997,-96],[3129.6,-96],[3129.6,-57.599999999999994],[3110.4,-57.599999999999994],[3110.4,76.8],[3091.2,76.8],[3091.2,96],[3072,96],[3072,115.19999999999999],[3052.7999999999997,115.19999999999999],[3052.7999999999997,153.6],[3033.6,153.6],[3033.6,172.79999999999998],[2995.2,172.79999999999998],[2995.2,153.6],[2918.4,153.6],[2918.4,134.4],[2899.2,134.4],[2899.2,115.19999999999999],[2880,115.19999999999999],[2880,76.8],[2860.7999999999997,76.8],[2860.7999999999997,57.599999999999994],[2841.6,57.599999999999994],[2841.6,38.4],[2803.2,38.4],[2803.2,19.2],[2784,19.2],[2784,0],[2764.7999999999997,0],[2764.7999999999997,-19.2],[2745.6,-19.2],[2745.6,-57.599999999999994],[2764.7999999999997,-57.599999999999994],[2764.7999999999997,-172.79999999999998],[2784,-172.79999999999998],[2784,-364.8],[2803.2,-364.8],[2803.2,-460.79999999999995],[2822.4,-460.79999999999995],[2822.4,-556.8],[2803.2,-556.8],[2803.2,-595.1999999999999],[2784,-595.1999999999999],[2784,-710.4],[2803.2,-710.4],[2803.2,-729.6],[2822.4,-729.6],[2822.4,-748.8],[2841.6,-748.8],[2841.6,-768],[2860.7999999999997,-768],[2860.7999999999997,-787.1999999999999],[2899.2,-787.1999999999999],[2899.2,-806.4],[2976,-806.4],[2976,-825.6]]]]}},{"type":"Feature","properties":{"kind":"district","id":116,"name":"Lake Square"},"geometry":{"type":"MultiPolygon","coordinates":[[[[2995.2,-2131.2],[3014.4,-2131.2],[3014.4,-2112],[3072,-2112],[3072,-2092.7999999999997],[3091.2,-2092.7999999999997],[3091.2,-2073.6],[3110.4,-2073.6],[3110.4,-2054.4],[3129.6,-2054.4],[3129.6,-2035.1999999999998],[3148.7999999999997,-2035.1999999999998],[3148.7999999999997,-2016],[3168,-2016],[3168,-1996.8],[3187.2,-1996.8],[3187.2,-1977.6],[3206.4,-1977.6],[3206.4,-1958.3999999999999],[3225.6,-1958.3999999999999],[3225.6,-1939.1999999999998],[3264,-1939.1999999999998],[3264,-1920],[3283.2,-1920],[3283.2,-1900.8],[3302.4,-1900.8],[3302.4,-1881.6],[3321.6,-1881.6],[3321.6,-1862.3999999999999],[3340.7999999999997,-1862.3999999999999],[3340.7999999999997,-1785.6],[3360,-1785.6],[3360,-1747.2],[3379.2,-1747.2],[3379.2,-1728],[3398.4,-1728],[3398.4,-1689.6],[3417.6,-1689.6],[3417.6,-1670.3999999999999],[3436.7999999999997,-1670.3999999999999],[3436.7999999999997,-1651.2],[3456,-1651.2],[3456,-1612.8],[3475.2,-1612.8],[3475.2,-1593.6],[3494.4,-1593.6],[3494.4,-1555.2],[3513.6,-1555.2],[3513.6,-1536],[3532.7999999999997,-1536],[3532.7999999999997,-1516.8],[3552,-1516.8],[3552,-1478.3999999999999],[3571.2,-1478.3999999999999],[3571.2,-1459.2],[3590.4,-1459.2],[3590.4,-1440],[3609.6,-1440],[3609.6,-1401.6],[3628.7999999999997,-1401.6],[3628.7999999999997,-1382.3999999999999],[3648,-1382.3999999999999],[3648,-1363.2],[3667.2,-1363.2],[3667.2,-1324.8],[3686.3999999999996,-1324.8],[3686.3999999999996,-1305.6],[3705.6,-1305.6],[3705.6,-1248],[3724.7999999999997,-1248],[3724.7999999999997,-1113.6],[3744,-1113.6],[3744,-1056],[3763.2,-1056],[3763.2,-1036.8],[3782.3999999999996,-1036.8],[3782.3999999999996,-1017.5999999999999],[3801.6,-1017.5999999999999],[3801.6,-998.4],[3840,-998.4],[3840,-979.1999999999999],[3897.6,-979.1999999999999],[3897.6,-998.4],[3993.6,-998.4],[3993.6,-1017.5999999999999],[4032,-1017.5999999999999],[4032,-1036.8],[4089.6,-1036.8],[4089.6,-1056],[4108.8,-1056],[4108.8,-1075.2],[4224,-1075.2],[4224,-1056],[4262.4,-1056],[4262.4,-1036.8],[4281.599999999999,-1036.8],[4281.599999999999,-1017.5999999999999],[4300.8,-1017.5999999999999],[4300.8,-960],[4320,-960],[4320,-576],[4300.8,-576],[4300.8,-537.6],[4281.599999999999,-537.6],[4281.599999999999,-518.4],[4262.4,-518.4],[4262.4,-480],[4224,-480],[4224,-460.79999999999995],[4166.4,-460.79999999999995],[4166.4,-441.59999999999997],[4128,-441.59999999999997],[4128,-422.4],[4070.3999999999996,-422.4],[4070.3999999999996,-403.2],[4032,-403.2],[4032,-384],[4012.7999999999997,-384],[4012.7999999999997,-364.8],[3993.6,-364.8],[3993.6,-345.59999999999997],[3936,-345.59999999999997],[3936,-326.4],[3840,-326.4],[3840,-345.59999999999997],[3820.7999999999997,-345.59999999999997],[3820.7999999999997,-364.8],[3801.6,-364.8],[3801.6,-384],[3782.3999999999996,-384],[3782.3999999999996,-403.2],[3744,-403.2],[3744,-422.4],[3724.7999999999997,-422.4],[3724.7999999999997,-460.79999999999995],[3705.6,-460.79999999999995],[3705.6,-480],[3686.3999999999996,-480],[3686.3999999999996,-499.2],[3667.2,-499.2],[3667.2,-518.4],[3628.7999999999997,-518.4],[3628.7999999999997,-537.6],[3532.7999999999997,-537.6],[3532.7999999999997,-556.8],[3475.2,-556.8],[3475.2,-576],[3417.6,-576],[3417.6,-556.8],[3321.6,-556.8],[3321.6,-537.6],[3283.2,-537.6],[3283.2,-556.8],[3264,-556.8],[3264,-576],[3244.7999999999997,-576],[3244.7999999999997,-614.4],[3225.6,-614.4],[3225.6,-633.6],[3244.7999999999997,-633.6],[3244.7999999999997,-729.6],[3225.6,-729.6],[3225.6,-768],[3206.4,-768],[3206.4,-787.1999999999999],[3187.2,-787.1999999999999],[3187.2,-921.5999999999999],[3168,-921.5999999999999],[3168,-979.1999999999999],[3148.7999999999997,-979.1999999999999],[3148.7999999999997,-1017.5999999999999],[3168,-1017.5999999999999],[3168,-1036.8],[3148.7999999999997,-1036.8],[3148.7999999999997,-1075.2],[3129.6,-1075.2],[3129.6,-1113.6],[3110.4,-1113.6],[3110.4,-1152],[3091.2,-1152],[3091.2,-1190.3999999999999],[3072,-1190.3999999999999],[3072,-1209.6],[3052.7999999999997,-1209.6],[3052.7999999999997,-1248],[3033.6,-1248],[3033.6,-1286.3999999999999],[3014.4,-1286.3999999999999],[3014.4,-1324.8],[2995.2,-1324.8],[2995.2,-1363.2],[2976,-1363.2],[2976,-1401.6],[2995.2,-1401.6],[2995.2,-1420.8],[2976,-1420.8],[2976,-1459.2],[2956.7999999999997,-1459.2],[2956.7999999999997,-1497.6],[2937.6,-1497.6],[2937.6,-1516.8],[2880,-1516.8],[2880,-1536],[2860.7999999999997,-1536],[2860.7999999999997,-1555.2],[2841.6,-1555.2],[2841.6,-1574.3999999999999],[2822.4,-1574.3999999999999],[2822.4,-1593.6],[2784,-1593.6],[2784,-1612.8],[2764.7999999999997,-1612.8],[2764.7999999999997,-1632],[2745.6,-1632],[2745.6,-1670.3999999999999],[2726.4,-1670.3999999999999],[2726.4,-1689.6],[2707.2,-1689.6],[2707.2,-1708.8],[2668.7999999999997,-1708.8],[2668.7999999999997,-1766.3999999999999],[2649.6,-1766.3999999999999],[2649.6,-1862.3999999999999],[2668.7999999999997,-1862.3999999999999],[2668.7999999999997,-1900.8],[2688,-1900.8],[2688,-1920],[2726.4,-1920],[2726.4,-1958.3999999999999],[2745.6,-1958.3999999999999],[2745.6,-1977.6],[2764.7999999999997,-1977.6],[2764.7999999999997,-1996.8],[2803.2,-1996.8],[2803.2,-2016],[2841.6,-2016],[2841.6,-2035.1999999999998],[2860.7999999999997,-2035.1999999999998],[2860.7999999999997,-2054.4],[2880,-2054.4],[2880,-2073.6],[2899.2,-2073.6],[2899.2,-2092.7999999999997],[2918.4,-2092.7999999999997],[2918.4,-2112],[2995.2,-2112],[2995.2,-2131.2]]]]}},{"type":"Feature","properties":{"kind":"district","id":117,"name":"Oak District"},"geometry":{"type":"MultiPolygon","coordinates":[[[[2592,-1728],[2668.7999999999997,-1728],[2668.7999999999997,-1708.8],[2707.2,-1708.8],[2707.2,-1689.6],[2726.4,-1689.6],[2726.4,-1670.3999999999999],[2745.6,-1670.3999999999999],[2745.6,-1632],[2764.7999999999997,-1632],[2764.7999999999997,-1612.8],[2784,-1612.8],[2784,-1593.6],[2822.4,-1593.6],[2822.4,-1574.3999999999999],[2841.6,-1574.3999999999999],[2841.6,-1555.2],[2860.7999999999997,-1555.2],[2860.7999999999997,-1536],[2880,-1536],[2880,-1497.6],[2899.2,-1497.6],[2899.2,-1459.2],[2918.4,-1459.2],[2918.4,-1420.8],[2937.6,-1420.8],[2937.6,-1401.6],[2976,-1401.6],[2976,-1363.2],[2995.2,-1363.2],[2995.2,-1324.8],[3014.4,-1324.8],[3014.4,-1286.3999999999999],[3033.6,-1286.3999999999999],[3033.6,-1248],[3052.7999999999997,-1248],[3052.7999999999997,-1209.6],[3072,-1209.6],[3072,-1190.3999999999999],[3091.2,-1190.3999999999999],[3091.2,-1152],[3110.4,-1152],[3110.4,-1113.6],[3129.6,-1113.6],[3129.6,-1075.2],[3148.7999999999997,-1075.2],[3148.7999999999997,-1036.8],[3168,-1036.8],[3168,-1017.5999999999999],[3148.7999999999997,-1017.5999999999999],[3148.7999999999997,-979.1999999999999],[3168,-979.1999999999999],[3168,-921.5999999999999],[3187.2,-921.5999999999999],[3187.2,-825.6],[2976,-825.6],[2976,-806.4],[2899.2,-806.4],[2899.2,-787.1999999999999],[2860.7999999999997,-787.1999999999999],[2860.7999999999997,-768],[2841.6,-768],[2841.6,-748.8],[2822.4,-748.8],[2822.4,-729.6],[2803.2,-729.6],[2803.2,-710.4],[2764.7999999999997,-710.4],[2764.7999999999997,-748.8],[2745.6,-748.8],[2745.6,-806.4],[2726.4,-806.4],[2726.4,-883.1999999999999],[2707.2,-883.1999999999999],[2707.2,-940.8],[2688,-940.8],[2688,-979.1999999999999],[2668.7999999999997,-979.1999999999999],[2668.7999999999997,-1036.8],[2649.6,-1036.8],[2649.6,-1075.2],[2630.4,-1075.2],[2630.4,-1094.3999999999999],[2611.2,-1094.3999999999999],[2611.2,-1113.6],[2592,-1113.6],[2592,-1132.8],[2553.6,-1132.8],[2553.6,-1152],[2534.4,-1152],[2534.4,-1171.2],[2515.2,-1171.2],[2515.2,-1190.3999999999999],[2496,-1190.3999999999999],[2496,-1209.6],[2476.7999999999997,-1209.6],[2476.7999999999997,-1228.8],[2438.4,-1228.8],[2438.4,-1248],[2419.2,-1248],[2419.2,-1267.2],[2400,-1267.2],[2400,-1305.6],[2380.7999999999997,-1305.6],[2380.7999999999997,-1344],[2361.6,-1344],[2361.6,-1478.3999999999999],[2380.7999999999997,-1478.3999999999999],[2380.7999999999997,-1497.6],[2400,-1497.6],[2400,-1516.8],[2419.2,-1516.8],[2419.2,-1536],[2438.4,-1536],[2438.4,-1555.2],[2457.6,-1555.2],[2457.6,-1593.6],[2476.7999999999997,-1593.6],[2476.7999999999997,-1612.8],[2496,-1612.8],[2496,-1651.2],[2515.2,-1651.2],[2515.2,-1689.6],[2553.6,-1689.6],[2553.6,-1708.8],[2592,-1708.8],[2592,-1728]]]]}},{"type":"Feature","properties":{"kind":"district","id":118,"name":"Spring Square"},"geometry":{"type":"MultiPolygon","coordinates":[[[[3763.2,153.6],[3782.3999999999996,153.6],[3782.3999999999996,172.79999999999998],[3820.7999999999997,172.79999999999998],[3820.7999999999997,192],[3840,192],[3840,211.2],[3878.3999999999996,211.2],[3878.3999999999996,249.6],[3897.6,249.6],[3897.6,268.8],[3916.7999999999997,268.8],[3916.7999999999997,345.59999999999997],[3936,345.59999999999997],[3936,403.2],[3955.2,403.2],[3955.2,441.59999999999997],[3974.3999999999996,441.59999999999997],[3974.3999999999996,460.79999999999995],[3993.6,460.79999999999995],[3993.6,480],[4012.7999999999997,480],[4012.7999999999997,499.2],[4051.2,499.2],[4051.2,518.4],[4089.6,518.4],[4089.6,537.6],[4147.2,537.6],[4147.2,556.8],[4243.2,556.8],[4243.2,576],[4416,576],[4416,595.1999999999999],[4646.4,595.1999999999999],[4646.4,576],[4761.599999999999,576],[4761.599999999999,595.1999999999999],[4800,595.1999999999999],[4800,614.4],[4819.2,614.4],[4819.2,1152],[4704,1152],[4704,1132.8],[4608,1132.8],[4608,1113.6],[4473.599999999999,1113.6],[4473.599999999999,1094.3999999999999],[4339.2,1094.3999999999999],[4339.2,1075.2],[4204.8,1075.2],[4204.8,1056],[3993.6,1056],[3993.6,1036.8],[3859.2,1036.8],[3859.2,1017.5999999999999],[3820.7999999999997,1017.5999999999999],[3820.7999999999997,998.4],[3763.2,998.4],[3763.2,979.1999999999999],[3744,979.1999999999999],[3744,902.4],[3724.7999999999997,902.4],[3724.7999999999997,883.1999999999999],[3705.6,883.1999999999999],[3705.6,864],[3686.3999999999996,864],[3686.3999999999996,825.6],[3648,825.6],[3648,806.4],[3609.6,806.4],[3609.6,787.1999999999999],[3571.2,787.1999999999999],[3571.2,768],[3532.7999999999997,768],[3532.7999999999997,748.8],[3513.6,748.8],[3513.6,691.1999999999999],[3494.4,691.1999999999999],[3494.4,672],[3475.2,672],[3475.2,652.8],[3456,652.8],[3456,633.6],[3436.7999999999997,633.6],[3436.7999999999997,614.4],[3417.6,614.4],[3417.6,595.1999999999999],[3398.4,595.1999999999999],[3398.4,556.8],[3379.2,556.8],[3379.2,537.6],[3360,537.6],[3360,460.79999999999995],[3379.2,460.79999999999995],[3379.2,441.59999999999997],[3436.7999999999997,441.59999999999997],[3436.7999999999997,422.4],[3475.2,422.4],[3475.2,403.2],[3494.4,403.2],[3494.4,384],[3513.6,384],[3513.6,345.59999999999997],[3571.2,345.59999999999997],[3571.2,326.4],[3590.4,326.4],[3590.4,307.2],[3628.7999999999997,307.2],[3628.7999999999997,288],[3667.2,288],[3667.2,268.8],[3705.6,268.8],[3705.6,249.6],[3724.7999999999997,249.6],[3724.7999999999997,230.39999999999998],[3744,230.39999999999998],[3744,192],[3763.2,192],[3763.2,153.6]]]]}},{"type":"Feature","properties":{"kind":"district","id":119,"name":"Middle Square"},"geometry":{"type":"MultiPolygon","coordinates":[[[[2265.6,-1286.3999999999999],[2400,-1286.3999999999999],[2400,-1267.2],[2419.2,-1267.2],[2419.2,-1248],[2438.4,-1248],[2438.4,-1228.8],[2476.7999999999997,-1228.8],[2476.7999999999997,-1209.6],[2496,-1209.6],[2496,-1190.3999999999999],[2515.2,-1190.3999999999999],[2515.2,-1171.2],[2534.4,-1171.2],[2534.4,-1152],[2553.6,-1152],[2553.6,-1132.8],[2592,-1132.8],[2592,-1113.6],[2611.2,-1113.6],[2611.2,-1094.3999999999999],[2630.4,-1094.3999999999999],[2630.4,-1075.2],[2649.6,-1075.2],[2649.6,-1036.8],[2668.7999999999997,-1036.8],[2668.7999999999997,-979.1999999999999],[2688,-979.1999999999999],[2688,-940.8],[2707.2,-940.8],[2707.2,-883.1999999999999],[2726.4,-883.1999999999999],[2726.4,-806.4],[2745.6,-806.4],[2745.6,-748.8],[2764.7999999999997,-748.8],[2764.7999999999997,-710.4],[2784,-710.4],[2784,-595.1999999999999],[2803.2,-595.1999999999999],[2803.2,-556.8],[2822.4,-556.8],[2822.4,-460.79999999999995],[2803.2,-460.79999999999995],[2803.2,-364.8],[2784,-364.8],[2784,-172.79999999999998],[2764.7999999999997,-172.79999999999998],[2764.7999999999997,-57.599999999999994],[2688,-57.599999999999994],[2688,-76.8],[2630.4,-76.8],[2630.4,-96],[2553.6,-96],[2553.6,-115.19999999999999],[2457.6,-115.19999999999999],[2457.6,-134.4],[2380.7999999999997,-134.4],[2380.7999999999997,-153.6],[2304,-153.6],[2304,-134.4],[2265.6,-134.4],[2265.6,-153.6],[2188.7999999999997,-153.6],[2188.7999999999997,-249.6],[2208,-249.6],[2208,-268.8],[2246.4,-268.8],[2246.4,-364.8],[2265.6,-364.8],[2265.6,-576],[2227.2,-576],[2227.2,-595.1999999999999],[2208,-595.1999999999999],[2208,-614.4],[2188.7999999999997,-614.4],[2188.7999999999997,-633.6],[2169.6,-633.6],[2169.6,-652.8],[2112,-652.8],[2112,-672],[2073.6,-672],[2073.6,-691.1999999999999],[2054.4,-691.1999999999999],[2054.4,-710.4],[2035.1999999999998,-710.4],[2035.1999999999998,-729.6],[2016,-729.6],[2016,-748.8],[1996.8,-748.8],[1996.8,-768],[1977.6,-768],[1977.6,-787.1999999999999],[1920,-787.1999999999999],[1920,-806.4],[1900.8,-806.4],[1900.8,-902.4],[1920,-902.4],[1920,-921.5999999999999],[1977.6,-921.5999999999999],[1977.6,-940.8],[1996.8,-940.8],[1996.8,-960],[2016,-960],[2016,-979.1999999999999],[2035.1999999999998,-979.1999999999999],[2035.1999999999998,-998.4],[2054.4,-998.4],[2054.4,-1017.5999999999999],[2073.6,-1017.5999999999999],[2073.6,-1036.8],[2092.7999999999997,-1036.8],[2092.7999999999997,-1056],[2112,-1056],[2112,-1075.2],[2131.2,-1075.2],[2131.2,-1094.3999999999999],[2150.4,-1094.3999999999999],[2150.4,-1113.6],[2169.6,-1113.6],[2169.6,-1132.8],[2188.7999999999997,-1132.8],[2188.7999999999997,-1190.3999999999999],[2208,-1190.3999999999999],[2208,-1228.8],[2227.2,-1228.8],[2227.2,-1248],[2246.4,-1248],[2246.4,-1267.2],[2265.6,-1267.2],[2265.6,-1286.3999999999999]]]]}},{"type":"Feature","properties":{"kind":"district","id":120,"name":"Beech Heights"},"geometry":{"type":"MultiPolygon","coordinates":[[[[2188.7999999999997,-153.6],[2265.6,-153.6],[2265.6,-134.4],[2304,-134.4],[2304,-153.6],[2380.7999999999997,-153.6],[2380.7999999999997,-134.4],[2457.6,-134.4],[2457.6,-115.19999999999999],[2553.6,-115.19999999999999],[2553.6,-96],[2630.4,-96],[2630.4,-76.8],[2688,-76.8],[2688,-57.599999999999994],[2745.6,-57.599999999999994],[2745.6,-19.2],[2764.7999999999997,-19.2],[2764.7999999999997,0],[2784,0],[2784,19.2],[2803.2,19.2],[2803.2,38.4],[2841.6,38.4],[2841.6,57.599999999999994],[2860.7999999999997,57.599999999999994],[2860.7999999999997,76.8],[2880,76.8],[2880,115.19999999999999],[2899.2,115.19999999999999],[2899.2,134.4],[2918.4,134.4],[2918.4,153.6],[2937.6,153.6],[2937.6,192],[2956.7999999999997,192],[2956.7999999999997,211.2],[2995.2,211.2],[2995.2,230.39999999999998],[3033.6,230.39999999999998],[3033.6,249.6],[3072,249.6],[3072,268.8],[3091.2,268.8],[3091.2,288],[3110.4,288],[3110.4,307.2],[3148.7999999999997,307.2],[3148.7999999999997,326.4],[3187.2,326.4],[3187.2,364.8],[3206.4,364.8],[3206.4,403.2],[3225.6,403.2],[3225.6,422.4],[3244.7999999999997,422.4],[3244.7999999999997,441.59999999999997],[3283.2,441.59999999999997],[3283.2,460.79999999999995],[3340.7999999999997,460.79999999999995],[3340.7999999999997,480],[3360,480],[3360,537.6],[3302.4,537.6],[3302.4,556.8],[3264,556.8],[3264,576],[3187.2,576],[3187.2,595.1999999999999],[3129.6,595.1999999999999],[3129.6,614.4],[3091.2,614.4],[3091.2,633.6],[3052.7999999999997,633.6],[3052.7999999999997,652.8],[3033.6,652.8],[3033.6,672],[2995.2,672],[2995.2,652.8],[2899.2,652.8],[2899.2,633.6],[2668.7999999999997,633.6],[2668.7999999999997,614.4],[2611.2,614.4],[2611.2,633.6],[2572.7999999999997,633.6],[2572.7999999999997,729.6],[2592,729.6],[2592,748.8],[2630.4,748.8],[2630.4,768],[2688,768],[2688,787.1999999999999],[2707.2,787.1999999999999],[2707.2,806.4],[2745.6,806.4],[2745.6,825.6],[2784,825.6],[2784,844.8],[2841.6,844.8],[2841.6,864],[2899.2,864],[2899.2,883.1999999999999],[2918.4,883.1999999999999],[2918.4,940.8],[2937.6,940.8],[2937.6,1094.3999999999999],[2956.7999999999997,1094.3999999999999],[2956.7999999999997,1209.6],[2976,1209.6],[2976,1228.8],[2995.2,1228.8],[2995.2,1267.2],[2976,1267.2],[2976,1286.3999999999999],[2822.4,1286.3999999999999],[2822.4,1267.2],[2803.2,1267.2],[2803.2,1248],[2764.7999999999997,1248],[2764.7999999999997,1228.8],[2745.6,1228.8],[2745.6,1209.6],[2726.4,1209.6],[2726.4,1171.2],[2707.2,1171.2],[2707.2,1152],[2688,1152],[2688,1113.6],[2668.7999999999997,1113.6],[2668.7999999999997,1056],[2649.6,1056],[2649.6,1036.8],[2630.4,1036.8],[2630.4,1017.5999999999999],[2611.2,1017.5999999999999],[2611.2,998.4],[2592,998.4],[2592,979.1999999999999],[2572.7999999999997,979.1999999999999],[2572.7999999999997,960],[2553.6,960],[2553.6,940.8],[2515.2,940.8],[2515.2,921.5999999999999],[2496,921.5999999999999],[2496,883.1999999999999],[2476.7999999999997,883.1999999999999],[2476.7999999999997,864],[2438.4,864],[2438.4,844.8],[2419.2,844.8],[2419.2,825.6],[2342.4,825.6],[2342.4,787.1999999999999],[2323.2,787.1999999999999],[2323.2,748.8],[2304,748.8],[2304,710.4],[2284.7999999999997,710.4],[2284.7999999999997,614.4],[2265.6,614.4],[2265.6,556.8],[2246.4,556.8],[2246.4,499.2],[2227.2,499.2],[2227.2,460.79999999999995],[2208,460.79999999999995],[2208,441.59999999999997],[2188.7999999999997,441.59999999999997],[2188.7999999999997,422.4],[2169.6,422.4],[2169.6,403.2],[2150.4,403.2],[2150.4,364.8],[2131.2,364.8],[2131.2,115.19999999999999],[2150.4,115.19999999999999],[2150.4,96],[2169.6,96],[2169.6,-115.19999999999999],[2188.7999999999997,-115.19999999999999],[2188.7999999999997,-153.6]]]]}},{"type":"Feature","properties":{"kind":"district","id":121,"name":"Foggy Hills"},"geometry":{"type":"MultiPolygon","coordinates":[[[[1862.3999999999999,-806.4],[1920,-806.4],[1920,-787.1999999999999],[1977.6,-787.1999999999999],[1977.6,-768],[1996.8,-768],[1996.8,-748.8],[2016,-748.8],[2016,-729.6],[2035.1999999999998,-729.6],[2035.1999999999998,-710.4],[2054.4,-710.4],[2054.4,-691.1999999999999],[2073.6,-691.1999999999999],[2073.6,-672],[2112,-672],[2112,-652.8],[2169.6,-652.8],[2169.6,-633.6],[2188.7999999999997,-633.6],[2188.7999999999997,-614.4],[2208,-614.4],[2208,-595.1999999999999],[2227.2,-595.1999999999999],[2227.2,-576],[2265.6,-576],[2265.6,-364.8],[2246.4,-364.8],[2246.4,-268.8],[2208,-268.8],[2208,-249.6],[2188.7999999999997,-249.6],[2188.7999999999997,-153.6],[2150.4,-153.6],[2150.4,-172.79999999999998],[1939.1999999999998,-172.79999999999998],[1939.1999999999998,-192],[1862.3999999999999,-192],[1862.3999999999999,-211.2],[1766.3999999999999,-211.2],[1766.3999999999999,-230.39999999999998],[1670.3999999999999,-230.39999999999998],[1670.3999999999999,-249.6],[1651.2,-249.6],[1651.2,-268.8],[1612.8,-268.8],[1612.8,-288],[1497.6,-288],[1497.6,-307.2],[1478.3999999999999,-307.2],[1478.3999999999999,-345.59999999999997],[1459.2,-345.59999999999997],[1459.2,-403.2],[1478.3999999999999,-403.2],[1478.3999999999999,-422.4],[1497.6,-422.4],[1497.6,-441.59999999999997],[1516.8,-441.59999999999997],[1516.8,-480],[1536,-480],[1536,-499.2],[1555.2,-499.2],[1555.2,-518.4],[1574.3999999999999,-518.4],[1574.3999999999999,-537.6],[1593.6,-537.6],[1593.6,-576],[1612.8,-576],[1612.8,-595.1999999999999],[1632,-595.1999999999999],[1632,-614.4],[1651.2,-614.4],[1651.2,-633.6],[1670.3999999999999,-633.6],[1670.3999999999999,-652.8],[1689.6,-652.8],[1689.6,-672],[1708.8,-672],[1708.8,-691.1999999999999],[1728,-691.1999999999999],[1728,-710.4],[1747.2,-710.4],[1747.2,-729.6],[1766.3999999999999,-729.6],[1766.3999999999999,-748.8],[1804.8,-748.8],[1804.8,-768],[1824,-768],[1824,-787.1999999999999],[1862.3999999999999,-787.1999999999999],[1862.3999999999999,-806.4]]]]}},{"type":"Feature","properties":{"kind":"district","id":122,"name":"Butler Hills"},"geometry":{"type":"MultiPolygon","coordinates":[[[[1363.2,-345.59999999999997],[1401.6,-345.59999999999997],[1401.6,-326.4],[1459.2,-326.4],[1459.2,-307.2],[1497.6,-307.2],[1497.6,-288],[1612.8,-288],[1612.8,-268.8],[1651.2,-268.8],[1651.2,-249.6],[1670.3999999999999,-249.6],[1670.3999999999999,-230.39999999999998],[1689.6,-230.39999999999998],[1689.6,-211.2],[1708.8,-211.2],[1708.8,-115.19999999999999],[1689.6,-115.19999999999999],[1689.6,115.19999999999999],[1670.3999999999999,115.19999999999999],[1670.3999999999999,192],[1651.2,192],[1651.2,307.2],[1632,307.2],[1632,441.59999999999997],[1612.8,441.59999999999997],[1612.8,460.79999999999995],[1632,460.79999999999995],[1632,595.1999999999999],[1612.8,595.1999999999999],[1612.8,614.4],[1593.6,614.4],[1593.6,652.8],[1574.3999999999999,652.8],[1574.3999999999999,691.1999999999999],[1555.2,691.1999999999999],[1555.2,710.4],[1536,710.4],[1536,729.6],[1516.8,729.6],[1516.8,748.8],[1497.6,748.8],[1497.6,768],[1478.3999999999999,768],[1478.3999999999999,787.1999999999999],[1440,787.1999999999999],[1440,806.4],[1401.6,806.4],[1401.6,825.6],[1363.2,825.6],[1363.2,844.8],[1344,844.8],[1344,864],[1305.6,864],[1305.6,883.1999999999999],[1267.2,883.1999999999999],[1267.2,902.4],[1190.3999999999999,902.4],[1190.3999999999999,921.5999999999999],[1152,921.5999999999999],[1152,940.8],[1094.3999999999999,940.8],[1094.3999999999999,960],[1017.5999999999999,960],[1017.5999999999999,979.1999999999999],[960,979.1999999999999],[960,998.4],[940.8,998.4],[940.8,979.1999999999999],[595.1999999999999,979.1999999999999],[595.1999999999999,960],[518.4,960],[518.4,940.8],[480,940.8],[480,960],[307.2,960],[307.2,979.1999999999999],[-384,979.1999999999999],[-384,960],[-403.2,960],[-403.2,940.8],[-422.4,940.8],[-422.4,921.5999999999999],[-480,921.5999999999999],[-480,902.4],[-499.2,902.4],[-499.2,883.1999999999999],[-518.4,883.1999999999999],[-518.4,864],[-537.6,864],[-537.6,844.8],[-556.8,844.8],[-556.8,691.1999999999999],[-537.6,691.1999999999999],[-537.6,672],[-518.4,672],[-518.4,652.8],[-499.2,652.8],[-499.2,633.6],[-480,633.6],[-480,614.4],[-460.79999999999995,614.4],[-460.79999999999995,576],[-422.4,576],[-422.4,556.8],[-384,556.8],[-384,537.6],[-364.8,537.6],[-364.8,518.4],[-307.2,518.4],[-307.2,499.2],[-268.8,499.2],[-268.8,480],[-172.79999999999998,480],[-172.79999999999998,460.79999999999995],[-134.4,460.79999999999995],[-134.4,441.59999999999997],[-57.599999999999994,441.59999999999997],[-57.599999999999994,422.4],[-19.2,422.4],[-19.2,403.2],[96,403.2],[96,384],[230.39999999999998,384],[230.39999999999998,364.8],[288,364.8],[288,345.59999999999997],[384,345.59999999999997],[384,326.4],[480,326.4],[480,268.8],[460.79999999999995,268.8],[460.79999999999995,249.6],[441.59999999999997,249.6],[441.59999999999997,134.4],[460.79999999999995,134.4],[460.79999999999995,96],[480,96],[480,76.8],[499.2,76.8],[499.2,57.599999999999994],[556.8,57.599999999999994],[556.8,38.4],[595.1999999999999,38.4],[595.1999999999999,57.599999999999994],[652.8,57.599999999999994],[652.8,76.8],[672,76.8],[672,96],[691.1999999999999,96],[691.1999999999999,115.19999999999999],[710.4,115.19999999999999],[710.4,153.6],[729.6,153.6],[729.6,230.39999999999998],[710.4,230.39999999999998],[710.4,288],[748.8,288],[748.8,268.8],[768,268.8],[768,249.6],[806.4,249.6],[806.4,230.39999999999998],[825.6,230.39999999999998],[825.6,211.2],[844.8,211.2],[844.8,192],[864,192],[864,172.79999999999998],[883.1999999999999,172.79999999999998],[883.1999999999999,153.6],[902.4,153.6],[902.4,134.4],[921.5999999999999,134.4],[921.5999999999999,115.19999999999999],[940.8,115.19999999999999],[940.8,76.8],[960,76.8],[960,38.4],[979.1999999999999,38.4],[979.1999999999999,19.2],[998.4,19.2],[998.4,0],[1017.5999999999999,0],[1017.5999999999999,-19.2],[1036.8,-19.2],[1036.8,-38.4],[1056,-38.4],[1056,-57.599999999999994],[1075.2,-57.599999999999994],[1075.2,-96],[1094.3999999999999,-96],[1094.3999999999999,-115.19999999999999],[1113.6,-115.19999999999999],[1113.6,-134.4],[1132.8,-134.4],[1132.8,-153.6],[1152,-153.6],[1152,-172.79999999999998],[1171.2,-172.79999999999998],[1171.2,-192],[1190.3999999999999,-192],[1190.3999999999999,-211.2],[1209.6,-211.2],[1209.6,-230.39999999999998],[1228.8,-230.39999999999998],[1228.8,-249.6],[1248,-249.6],[1248,-268.8],[1267.2,-268.8],[1267.2,-288],[1286.3999999999999,-288],[1286.3999999999999,-307.2],[1305.6,-307.2],[1305.6,-326.4],[1363.2,-326.4],[1363.2,-345.59999999999997]]]]}},{"type":"Feature","properties":{"kind":"district","id":123,"name":"Sheffield Park"},"geometry":{"type":"MultiPolygon","coordinates":[[[[1708.8,-230.39999999999998],[1766.3999999999999,-230.39999999999998],[1766.3999999999999,-211.2],[1862.3999999999999,-211.2],[1862.3999999999999,-192],[1939.1999999999998,-192],[1939.1999999999998,-172.79999999999998],[2150.4,-172.79999999999998],[2150.4,-153.6],[2188.7999999999997,-153.6],[2188.7999999999997,-115.19999999999999],[2169.6,-115.19999999999999],[2169.6,96],[2150.4,96],[2150.4,115.19999999999999],[2131.2,115.19999999999999],[2131.2,384],[2150.4,384],[2150.4,403.2],[2131.2,403.2],[2131.2,422.4],[2150.4,422.4],[2150.4,537.6],[2131.2,537.6],[2131.2,576],[2112,576],[2112,614.4],[2092.7999999999997,614.4],[2092.7999999999997,633.6],[2054.4,633.6],[2054.4,652.8],[1939.1999999999998,652.8],[1939.1999999999998,672],[1862.3999999999999,672],[1862.3999999999999,691.1999999999999],[1804.8,691.1999999999999],[1804.8,710.4],[1766.3999999999999,710.4],[1766.3999999999999,691.1999999999999],[1708.8,691.1999999999999],[1708.8,672],[1689.6,672],[1689.6,652.8],[1670.3999999999999,652.8],[1670.3999999999999,633.6],[1651.2,633.6],[1651.2,595.1999999999999],[1632,595.1999999999999],[1632,460.79999999999995],[1612.8,460.79999999999995],[1612.8,441.59999999999997],[1632,441.59999999999997],[1632,307.2],[1651.2,307.2],[1651.2,192],[1670.3999999999999,192],[1670.3999999999999,115.19999999999999],[1689.6,115.19999999999999],[1689.6,-115.19999999999999],[1708.8,-115.19999999999999],[1708.8,-230.39999999999998]]]]}},{"type":"Feature","properties":{"kind":"district","id":124,"name":"Briar Rose Park"},"geometry":{"type":"MultiPolygon","coordinates":[[[[-518.4,-710.4],[-480,-710.4],[-480,-691.1999999999999],[-441.59999999999997,-691.1999999999999],[-441.59999999999997,-672],[-422.4,-672],[-422.4,-652.8],[-384,-652.8],[-384,-633.6],[-307.2,-633.6],[-307.2,-556.8],[-326.4,-556.8],[-326.4,-518.4],[-307.2,-518.4],[-307.2,-480],[-326.4,-480],[-326.4,-422.4],[-307.2,-422.4],[-307.2,-345.59999999999997],[-288,-345.59999999999997],[-288,-288],[-268.8,-288],[-268.8,-230.39999999999998],[-249.6,-230.39999999999998],[-249.6,-172.79999999999998],[-230.39999999999998,-172.79999999999998],[-230.39999999999998,-115.19999999999999],[-211.2,-115.19999999999999],[-211.2,-76.8],[-192,-76.8],[-192,-19.2],[-172.79999999999998,-19.2],[-172.79999999999998,0],[-153.6,0],[-153.6,38.4],[-134.4,38.4],[-134.4,134.4],[-153.6,134.4],[-153.6,172.79999999999998],[-172.79999999999998,172.79999999999998],[-172.79999999999998,192],[-192,192],[-192,211.2],[-211.2,211.2],[-211.2,230.39999999999998],[-230.39999999999998,230.39999999999998],[-230.39999999999998,268.8],[-249.6,268.8],[-249.6,288],[-288,288],[-288,307.2],[-422.4,307.2],[-422.4,326.4],[-441.59999999999997,326.4],[-441.59999999999997,345.59999999999997],[-460.79999999999995,345.59999999999997],[-460.79999999999995,364.8],[-480,364.8],[-480,384],[-499.2,384],[-499.2,403.2],[-518.4,403.2],[-518.4,441.59999999999997],[-537.6,441.59999999999997],[-537.6,460.79999999999995],[-556.8,460.79999999999995],[-556.8,480],[-576,480],[-576,499.2],[-595.1999999999999,499.2],[-595.1999999999999,537.6],[-614.4,537.6],[-614.4,556.8],[-633.6,556.8],[-633.6,595.1999999999999],[-652.8,595.1999999999999],[-652.8,614.4],[-672,614.4],[-672,652.8],[-691.1999999999999,652.8],[-691.1999999999999,672],[-710.4,672],[-710.4,710.4],[-729.6,710.4],[-729.6,748.8],[-748.8,748.8],[-748.8,787.1999999999999],[-768,787.1999999999999],[-768,825.6],[-787.1999999999999,825.6],[-787.1999999999999,883.1999999999999],[-806.4,883.1999999999999],[-806.4,902.4],[-825.6,902.4],[-825.6,921.5999999999999],[-844.8,921.5999999999999],[-844.8,940.8],[-883.1999999999999,940.8],[-883.1999999999999,960],[-960,960],[-960,940.8],[-979.1999999999999,940.8],[-979.1999999999999,499.2],[-960,499.2],[-960,441.59999999999997],[-940.8,441.59999999999997],[-940.8,345.59999999999997],[-921.5999999999999,345.59999999999997],[-921.5999999999999,192],[-902.4,192],[-902.4,57.599999999999994],[-883.1999999999999,57.599999999999994],[-883.1999999999999,0],[-864,0],[-864,-57.599999999999994],[-844.8,-57.599999999999994],[-844.8,-134.4],[-825.6,-134.4],[-825.6,-172.79999999999998],[-806.4,-172.79999999999998],[-806.4,-230.39999999999998],[-787.1999999999999,-230.39999999999998],[-787.1999999999999,-288],[-768,-288],[-768,-345.59999999999997],[-748.8,-345.59999999999997],[-748.8,-403.2],[-729.6,-403.2],[-729.6,-518.4],[-710.4,-518.4],[-710.4,-576],[-691.1999999999999,-576],[-691.1999999999999,-614.4],[-672,-614.4],[-672,-633.6],[-652.8,-633.6],[-652.8,-652.8],[-633.6,-652.8],[-633.6,-672],[-595.1999999999999,-672],[-595.1999999999999,-691.1999999999999],[-518.4,-691.1999999999999],[-518.4,-710.4]]]]}},{"type":"Feature","properties":{"kind":"district","id":125,"name":"Holly Park"},"geometry":{"type":"MultiPolygon","coordinates":[[[[1036.8,-998.4],[1075.2,-998.4],[1075.2,-979.1999999999999],[1094.3999999999999,-979.1999999999999],[1094.3999999999999,-960],[1113.6,-960],[1113.6,-940.8],[1152,-940.8],[1152,-921.5999999999999],[1190.3999999999999,-921.5999999999999],[1190.3999999999999,-902.4],[1228.8,-902.4],[1228.8,-883.1999999999999],[1267.2,-883.1999999999999],[1267.2,-864],[1286.3999999999999,-864],[1286.3999999999999,-844.8],[1324.8,-844.8],[1324.8,-806.4],[1363.2,-806.4],[1363.2,-787.1999999999999],[1382.3999999999999,-787.1999999999999],[1382.3999999999999,-691.1999999999999],[1363.2,-691.1999999999999],[1363.2,-672],[1344,-672],[1344,-652.8],[1324.8,-652.8],[1324.8,-633.6],[1305.6,-633.6],[1305.6,-614.4],[1286.3999999999999,-614.4],[1286.3999999999999,-595.1999999999999],[1267.2,-595.1999999999999],[1267.2,-576],[1248,-576],[1248,-518.4],[1228.8,-518.4],[1228.8,-460.79999999999995],[1209.6,-460.79999999999995],[1209.6,-422.4],[1190.3999999999999,-422.4],[1190.3999999999999,-403.2],[1171.2,-403.2],[1171.2,-384],[1132.8,-384],[1132.8,-364.8],[1113.6,-364.8],[1113.6,-345.59999999999997],[1094.3999999999999,-345.59999999999997],[1094.3999999999999,-326.4],[1075.2,-326.4],[1075.2,-307.2],[1056,-307.2],[1056,-288],[1036.8,-288],[1036.8,-268.8],[1017.5999999999999,-268.8],[1017.5999999999999,-230.39999999999998],[998.4,-230.39999999999998],[998.4,-211.2],[979.1999999999999,-211.2],[979.1999999999999,-192],[960,-192],[960,-153.6],[940.8,-153.6],[940.8,-134.4],[921.5999999999999,-134.4],[921.5999999999999,-96],[902.4,-96],[902.4,-57.599999999999994],[883.1999999999999,-57.599999999999994],[883.1999999999999,-38.4],[864,-38.4],[864,-19.2],[844.8,-19.2],[844.8,0],[825.6,0],[825.6,19.2],[806.4,19.2],[806.4,38.4],[748.8,38.4],[748.8,57.599999999999994],[691.1999999999999,57.599999999999994],[691.1999999999999,76.8],[652.8,76.8],[652.8,57.599999999999994],[595.1999999999999,57.599999999999994],[595.1999999999999,38.4],[556.8,38.4],[556.8,57.599999999999994],[499.2,57.599999999999994],[499.2,76.8],[480,76.8],[480,96],[441.59999999999997,96],[441.59999999999997,115.19999999999999],[345.59999999999997,115.19999999999999],[345.59999999999997,134.4],[249.6,134.4],[249.6,153.6],[96,153.6],[96,134.4],[38.4,134.4],[38.4,115.19999999999999],[0,115.19999999999999],[0,134.4],[-19.2,134.4],[-19.2,115.19999999999999],[-76.8,115.19999999999999],[-76.8,96],[-115.19999999999999,96],[-115.19999999999999,76.8],[-134.4,76.8],[-134.4,38.4],[-153.6,38.4],[-153.6,0],[-172.79999999999998,0],[-172.79999999999998,-19.2],[-192,-19.2],[-192,-76.8],[-211.2,-76.8],[-211.2,-115.19999999999999],[-230.39999999999998,-115.19999999999999],[-230.39999999999998,-172.79999999999998],[-249.6,-172.79999999999998],[-249.6,-230.39999999999998],[-268.8,-230.39999999999998],[-268.8,-288],[-288,-288],[-288,-345.59999999999997],[-307.2,-345.59999999999997],[-307.2,-422.4],[-326.4,-422.4],[-326.4,-480],[-307.2,-480],[-307.2,-518.4],[-326.4,-518.4],[-326.4,-556.8],[-307.2,-556.8],[-307.2,-633.6],[-384,-633.6],[-384,-652.8],[-422.4,-652.8],[-422.4,-672],[-441.59999999999997,-672],[-441.59999999999997,-691.1999999999999],[-480,-691.1999999999999],[-480,-710.4],[-518.4,-710.4],[-518.4,-864],[-499.2,-864],[-499.2,-921.5999999999999],[-441.59999999999997,-921.5999999999999],[-441.59999999999997,-902.4],[-326.4,-902.4],[-326.4,-921.5999999999999],[-268.8,-921.5999999999999],[-268.8,-940.8],[-230.39999999999998,-940.8],[-230.39999999999998,-921.5999999999999],[-134.4,-921.5999999999999],[-134.4,-902.4],[19.2,-902.4],[19.2,-883.1999999999999],[76.8,-883.1999999999999],[76.8,-902.4],[537.6,-902.4],[537.6,-883.1999999999999],[614.4,-883.1999999999999],[614.4,-902.4],[652.8,-902.4],[652.8,-921.5999999999999],[691.1999999999999,-921.5999999999999],[691.1999999999999,-940.8],[710.4,-940.8],[710.4,-960],[748.8,-960],[748.8,-940.8],[768,-940.8],[768,-921.5999999999999],[806.4,-921.5999999999999],[806.4,-902.4],[940.8,-902.4],[940.8,-921.5999999999999],[960,-921.5999999999999],[960,-940.8],[979.1999999999999,-940.8],[979.1999999999999,-960],[998.4,-960],[998.4,-979.1999999999999],[1036.8,-979.1999999999999],[1036.8,-998.4]]]]}},{"type":"Feature","properties":{"kind":"district","id":126,"name":"Hickory District"},"geometry":{"type":"MultiPolygon","coordinates":[[[[4224,-480],[4243.2,-480],[4243.2,-460.79999999999995],[4300.8,-460.79999999999995],[4300.8,-480],[4320,-480],[4320,-460.79999999999995],[4473.599999999999,-460.79999999999995],[4473.599999999999,-441.59999999999997],[4569.599999999999,-441.59999999999997],[4569.599999999999,-422.4],[4588.8,-422.4],[4588.8,-403.2],[4608,-403.2],[4608,-384],[4627.2,-384],[4627.2,-364.8],[4665.599999999999,-364.8],[4665.599999999999,-345.59999999999997],[4761.599999999999,-345.59999999999997],[4761.599999999999,-326.4],[4780.8,-326.4],[4780.8,-249.6],[4800,-249.6],[4800,-211.2],[4819.2,-211.2],[4819.2,364.8],[4800,364.8],[4800,422.4],[4780.8,422.4],[4780.8,460.79999999999995],[4761.599999999999,460.79999999999995],[4761.599999999999,499.2],[4742.4,499.2],[4742.4,518.4],[4723.2,518.4],[4723.2,537.6],[4704,537.6],[4704,556.8],[4684.8,556.8],[4684.8,576],[4646.4,576],[4646.4,595.1999999999999],[4416,595.1999999999999],[4416,576],[4243.2,576],[4243.2,556.8],[4147.2,556.8],[4147.2,537.6],[4089.6,537.6],[4089.6,518.4],[4051.2,518.4],[4051.2,499.2],[4012.7999999999997,499.2],[4012.7999999999997,480],[3993.6,480],[3993.6,460.79999999999995],[3974.3999999999996,460.79999999999995],[3974.3999999999996,441.59999999999997],[3955.2,441.59999999999997],[3955.2,403.2],[3936,403.2],[3936,345.59999999999997],[3916.7999999999997,345.59999999999997],[3916.7999999999997,268.8],[3897.6,268.8],[3897.6,249.6],[3878.3999999999996,249.6],[3878.3999999999996,211.2],[3840,211.2],[3840,192],[3820.7999999999997,192],[3820.7999999999997,172.79999999999998],[3801.6,172.79999999999998],[3801.6,153.6],[3782.3999999999996,153.6],[3782.3999999999996,96],[3763.2,96],[3763.2,-134.4],[3782.3999999999996,-134.4],[3782.3999999999996,-153.6],[3801.6,-153.6],[3801.6,-172.79999999999998],[3820.7999999999997,-172.79999999999998],[3820.7999999999997,-192],[3840,-192],[3840,-249.6],[3859.2,-249.6],[3859.2,-326.4],[3936,-326.4],[3936,-345.59999999999997],[3993.6,-345.59999999999997],[3993.6,-364.8],[4012.7999999999997,-364.8],[4012.7999999999997,-384],[4032,-384],[4032,-403.2],[4070.3999999999996,-403.2],[4070.3999999999996,-422.4],[4128,-422.4],[4128,-441.59999999999997],[4166.4,-441.59999999999997],[4166.4,-460.79999999999995],[4224,-460.79999999999995],[4224,-480]]]]}},{"type":"Feature","properties":{"kind":"district","id":127,"name":"Oriental Hills"},"geometry":{"type":"MultiPolygon","coordinates":[[[[2054.4,633.6],[2188.7999999999997,633.6],[2188.7999999999997,652.8],[2208,652.8],[2208,691.1999999999999],[2227.2,691.1999999999999],[2227.2,748.8],[2246.4,748.8],[2246.4,825.6],[2265.6,825.6],[2265.6,902.4],[2246.4,902.4],[2246.4,921.5999999999999],[2208,921.5999999999999],[2208,940.8],[2112,940.8],[2112,960],[2035.1999999999998,960],[2035.1999999999998,979.1999999999999],[1920,979.1999999999999],[1920,960],[1900.8,960],[1900.8,940.8],[1881.6,940.8],[1881.6,921.5999999999999],[1843.1999999999998,921.5999999999999],[1843.1999999999998,883.1999999999999],[1824,883.1999999999999],[1824,825.6],[1843.1999999999998,825.6],[1843.1999999999998,787.1999999999999],[1862.3999999999999,787.1999999999999],[1862.3999999999999,768],[1881.6,768],[1881.6,748.8],[1900.8,748.8],[1900.8,729.6],[1920,729.6],[1920,710.4],[1977.6,710.4],[1977.6,691.1999999999999],[1996.8,691.1999999999999],[1996.8,672],[2016,672],[2016,652.8],[2054.4,652.8],[2054.4,633.6]]]]}}]}
