{"type":"FeatureCollection","features":[{"type":"Feature","properties":{"kind":"district","id":38,"name":"Malibu Island National Park"},"geometry":{"type":"MultiPolygon","coordinates":[[[[6739.2,-1804.8],[6969.599999999999,-1804.8],[6969.599999999999,-1785.6],[7084.8,-1785.6],[7084.8,-1766.3999999999999],[7180.8,-1766.3999999999999],[7180.8,-1747.2],[7238.4,-1747.2],[7238.4,-1728],[7296,-1728],[7296,-1708.8],[7334.4,-1708.8],[7334.4,-1689.6],[7353.599999999999,-1689.6],[7353.599999999999,-1670.3999999999999],[7392,-1670.3999999999999],[7392,-1651.2],[7411.2,-1651.2],[7411.2,-1632],[7430.4,-1632],[7430.4,-1612.8],[7449.599999999999,-1612.8],[7449.599999999999,-1593.6],[7468.799999999999,-1593.6],[7468.799999999999,-1574.3999999999999],[7488,-1574.3999999999999],[7488,-1536],[7507.2,-1536],[7507.2,-1516.8],[7526.4,-1516.8],[7526.4,-1478.3999999999999],[7545.599999999999,-1478.3999999999999],[7545.599999999999,-1286.3999999999999],[7526.4,-1286.3999999999999],[7526.4,-1248],[7507.2,-1248],[7507.2,-1228.8],[7488,-1228.8],[7488,-1209.6],[7468.799999999999,-1209.6],[7468.799999999999,-1190.3999999999999],[7449.599999999999,-1190.3999999999999],[7449.599999999999,-1171.2],[7430.4,-1171.2],[7430.4,-1152],[7392,-1152],[7392,-1132.8],[7372.799999999999,-1132.8],[7372.799999999999,-1113.6],[7334.4,-1113.6],[7334.4,-1094.3999999999999],[7296,-1094.3999999999999],[7296,-1075.2],[7276.8,-1075.2],[7276.8,-1056],[7238.4,-1056],[7238.4,-1036.8],[7219.2,-1036.8],[7219.2,-1017.5999999999999],[7180.8,-1017.5999999999999],[7180.8,-998.4],[7161.599999999999,-998.4],[7161.599999999999,-979.1999999999999],[7123.2,-979.1999999999999],[7123.2,-960],[7104,-960],[7104,-940.8],[7065.599999999999,-940.8],[7065.599999999999,-921.5999999999999],[7027.2,-921.5999999999999],[7027.2,-902.4],[7008,-902.4],[7008,-864],[6988.8,-864],[6988.8,-844.8],[6969.599999999999,-844.8],[6969.599999999999,-806.4],[6950.4,-806.4],[6950.4,-787.1999999999999],[6931.2,-787.1999999999999],[6931.2,-768],[6912,-768],[6912,-748.8],[6892.8,-748.8],[6892.8,-729.6],[6873.599999999999,-729.6],[6873.599999999999,-710.4],[6854.4,-710.4],[6854.4,-691.1999999999999],[6835.2,-691.1999999999999],[6835.2,-672],[6816,-672],[6816,-652.8],[6796.8,-652.8],[6796.8,-633.6],[6777.599999999999,-633.6],[6777.599999999999,-614.4],[6758.4,-614.4],[6758.4,-595.1999999999999],[6739.2,-595.1999999999999],[6739.2,-576],[6720,-576],[6720,-556.8],[6700.8,-556.8],[6700.8,-537.6],[6681.599999999999,-537.6],[6681.599999999999,-518.4],[6662.4,-518.4],[6662.4,-499.2],[6643.2,-499.2],[6643.2,-480],[6624,-480],[6624,-460.79999999999995],[6604.8,-460.79999999999995],[6604.8,-441.59999999999997],[6566.4,-441.59999999999997],[6566.4,-422.4],[6547.2,-422.4],[6547.2,-403.2],[6528,-403.2],[6528,-384],[6489.599999999999,-384],[6489.599999999999,-364.8],[6470.4,-364.8],[6470.4,-345.59999999999997],[6451.2,-345.59999999999997],[6451.2,-326.4],[6412.8,-326.4],[6412.8,-307.2],[6393.599999999999,-307.2],[6393.599999999999,-288],[6374.4,-288],[6374.4,-268.8],[6336,-268.8],[6336,-249.6],[6297.599999999999,-249.6],[6297.599999999999,-230.39999999999998],[6240,-230.39999999999998],[6240,-211.2],[6201.599999999999,-211.2],[6201.599999999999,-192],[6163.2,-192],[6163.2,-172.79999999999998],[6067.2,-172.79999999999998],[6067.2,-153.6],[5952,-153.6],[5952,-172.79999999999998],[5913.599999999999,-172.79999999999998],[5913.599999999999,-192],[5894.4,-192],[5894.4,-211.2],[5875.2,-211.2],[5875.2,-230.39999999999998],[5856,-230.39999999999998],[5856,-249.6],[5836.8,-249.6],[5836.8,-288],[5817.599999999999,-288],[5817.599999999999,-326.4],[5798.4,-326.4],[5798.4,-441.59999999999997],[5779.2,-441.59999999999997],[5779.2,-652.8],[5798.4,-652.8],[5798.4,-729.6],[5817.599999999999,-729.6],[5817.599999999999,-787.1999999999999],[5836.8,-787.1999999999999],[5836.8,-844.8],[5856,-844.8],[5856,-883.1999999999999],[5875.2,-883.1999999999999],[5875.2,-902.4],[5894.4,-902.4],[5894.4,-940.8],[5913.599999999999,-940.8],[5913.599999999999,-960],[5932.8,-960],[5932.8,-998.4],[5952,-998.4],[5952,-1017.5999999999999],[5971.2,-1017.5999999999999],[5971.2,-1036.8],[5990.4,-1036.8],[5990.4,-1056],[6009.599999999999,-1056],[6009.599999999999,-1094.3999999999999],[6028.8,-1094.3999999999999],[6028.8,-1113.6],[6048,-1113.6],[6048,-1132.8],[6067.2,-1132.8],[6067.2,-1152],[6086.4,-1152],[6086.4,-1171.2],[6105.599999999999,-1171.2],[6105.599999999999,-1190.3999999999999],[6124.8,-1190.3999999999999],[6124.8,-1209.6],[6144,-1209.6],[6144,-1228.8],[6163.2,-1228.8],[6163.2,-1248],[6182.4,-1248],[6182.4,-1267.2],[6201.599999999999,-1267.2],[6201.599999999999,-1305.6],[6220.8,-1305.6],[6220.8,-1324.8],[6240,-1324.8],[6240,-1344],[6259.2,-1344],[6259.2,-1363.2],[6278.4,-1363.2],[6278.4,-1401.6],[6297.599999999999,-1401.6],[6297.599999999999,-1440],[6316.8,-1440],[6316.8,-1459.2],[6336,-1459.2],[6336,-1478.3999999999999],[6355.2,-1478.3999999999999],[6355.2,-1516.8],[6374.4,-1516.8],[6374.4,-1536],[6393.599999999999,-1536],[6393.599999999999,-1555.2],[6412.8,-1555.2],[6412.8,-1574.3999999999999],[6432,-1574.3999999999999],[6432,-1593.6],[6451.2,-1593.6],[6451.2,-1612.8],[6470.4,-1612.8],[6470.4,-1632],[6489.599999999999,-1632],[6489.599999999999,-1651.2],[6508.8,-1651.2],[6508.8,-1670.3999999999999],[6528,-1670.3999999999999],[6528,-1689.6],[6566.4,-1689.6],[6566.4,-1708.8],[6585.599999999999,-1708.8],[6585.599999999999,-1728],[6624,-1728],[6624,-1747.2],[6643.2,-1747.2],[6643.2,-1766.3999999999999],[6700.8,-1766.3999999999999],[6700.8,-1785.6],[6739.2,-1785.6],[6739.2,-1804.8]]]]}},{"type":"Feature","properties":{"kind":"district","id":39,"name":"South Preston"},"geometry":{"type":"MultiPolygon","coordinates":[[[[864,-2764.7999999999997],[921.5999999999999,-2764.7999999999997],[921.5999999999999,-2745.6],[960,-2745.6],[960,-2726.4],[998.4,-2726.4],[998.4,-2707.2],[1017.5999999999999,-2707.2],[1017.5999999999999,-2688],[1056,-2688],[1056,-2668.7999999999997],[1075.2,-2668.7999999999997],[1075.2,-2649.6],[1113.6,-2649.6],[1113.6,-2630.4],[1132.8,-2630.4],[1132.8,-2611.2],[1152,-2611.2],[1152,-2592],[1190.3999999999999,-2592],[1190.3999999999999,-2572.7999999999997],[1209.6,-2572.7999999999997],[1209.6,-2553.6],[1248,-2553.6],[1248,-2534.4],[1267.2,-2534.4],[1267.2,-2515.2],[1286.3999999999999,-2515.2],[1286.3999999999999,-2496],[1305.6,-2496],[1305.6,-2476.7999999999997],[1324.8,-2476.7999999999997],[1324.8,-2457.6],[1344,-2457.6],[1344,-2438.4],[1382.3999999999999,-2438.4],[1382.3999999999999,-2419.2],[1420.8,-2419.2],[1420.8,-2400],[1440,-2400],[1440,-2380.7999999999997],[1478.3999999999999,-2380.7999999999997],[1478.3999999999999,-2361.6],[1497.6,-2361.6],[1497.6,-2342.4],[1516.8,-2342.4],[1516.8,-2323.2],[1555.2,-2323.2],[1555.2,-2304],[1593.6,-2304],[1593.6,-2284.7999999999997],[1670.3999999999999,-2284.7999999999997],[1670.3999999999999,-2246.4],[1651.2,-2246.4],[1651.2,-2169.6],[1632,-2169.6],[1632,-2131.2],[1612.8,-2131.2],[1612.8,-2073.6],[1593.6,-2073.6],[1593.6,-2054.4],[1574.3999999999999,-2054.4],[1574.3999999999999,-2016],[1555.2,-2016],[1555.2,-1977.6],[1401.6,-1977.6],[1401.6,-1958.3999999999999],[1363.2,-1958.3999999999999],[1363.2,-1939.1999999999998],[1324.8,-1939.1999999999998],[1324.8,-1920],[1305.6,-1920],[1305.6,-1900.8],[1267.2,-1900.8],[1267.2,-1881.6],[1228.8,-1881.6],[1228.8,-1862.3999999999999],[1209.6,-1862.3999999999999],[1209.6,-1843.1999999999998],[1171.2,-1843.1999999999998],[1171.2,-1824],[1132.8,-1824],[1132.8,-1804.8],[1075.2,-1804.8],[1075.2,-1785.6],[1017.5999999999999,-1785.6],[1017.5999999999999,-1766.3999999999999],[979.1999999999999,-1766.3999999999999],[979.1999999999999,-1747.2],[960,-1747.2],[960,-1728],[921.5999999999999,-1728],[921.5999999999999,-1689.6],[902.4,-1689.6],[902.4,-1516.8],[864,-1516.8],[864,-1497.6],[806.4,-1497.6],[806.4,-1516.8],[768,-1516.8],[768,-1536],[748.8,-1536],[748.8,-1555.2],[729.6,-1555.2],[729.6,-1593.6],[691.1999999999999,-1593.6],[691.1999999999999,-1612.8],[672,-1612.8],[672,-1632],[652.8,-1632],[652.8,-1651.2],[633.6,-1651.2],[633.6,-1670.3999999999999],[614.4,-1670.3999999999999],[614.4,-1689.6],[595.1999999999999,-1689.6],[595.1999999999999,-1708.8],[576,-1708.8],[576,-1747.2],[556.8,-1747.2],[556.8,-1766.3999999999999],[518.4,-1766.3999999999999],[518.4,-1785.6],[499.2,-1785.6],[499.2,-1804.8],[480,-1804.8],[480,-1824],[460.79999999999995,-1824],[460.79999999999995,-1843.1999999999998],[441.59999999999997,-1843.1999999999998],[441.59999999999997,-1862.3999999999999],[422.4,-1862.3999999999999],[422.4,-1881.6],[403.2,-1881.6],[403.2,-1900.8],[384,-1900.8],[384,-1920],[364.8,-1920],[364.8,-1939.1999999999998],[345.59999999999997,-1939.1999999999998],[345.59999999999997,-1958.3999999999999],[326.4,-1958.3999999999999],[326.4,-2054.4],[345.59999999999997,-2054.4],[345.59999999999997,-2073.6],[364.8,-2073.6],[364.8,-2112],[384,-2112],[384,-2131.2],[403.2,-2131.2],[403.2,-2150.4],[422.4,-2150.4],[422.4,-2188.7999999999997],[441.59999999999997,-2188.7999999999997],[441.59999999999997,-2208],[460.79999999999995,-2208],[460.79999999999995,-2227.2],[480,-2227.2],[480,-2265.6],[499.2,-2265.6],[499.2,-2284.7999999999997],[518.4,-2284.7999999999997],[518.4,-2304],[537.6,-2304],[537.6,-2342.4],[556.8,-2342.4],[556.8,-2361.6],[576,-2361.6],[576,-2380.7999999999997],[595.1999999999999,-2380.7999999999997],[595.1999999999999,-2419.2],[614.4,-2419.2],[614.4,-2438.4],[633.6,-2438.4],[633.6,-2476.7999999999997],[652.8,-2476.7999999999997],[652.8,-2496],[672,-2496],[672,-2534.4],[691.1999999999999,-2534.4],[691.1999999999999,-2553.6],[710.4,-2553.6],[710.4,-2592],[729.6,-2592],[729.6,-2611.2],[748.8,-2611.2],[748.8,-2630.4],[768,-2630.4],[768,-2668.7999999999997],[787.1999999999999,-2668.7999999999997],[787.1999999999999,-2688],[806.4,-2688],[806.4,-2707.2],[825.6,-2707.2],[825.6,-2745.6],[864,-2745.6],[864,-2764.7999999999997]]]]}},{"type":"Feature","properties":{"kind":"district","id":40,"name":"Whitney Heights"},"geometry":{"type":"MultiPolygon","coordinates":[[[[710.4,-3475.2],[806.4,-3475.2],[806.4,-3456],[825.6,-3456],[825.6,-3436.7999999999997],[864,-3436.7999999999997],[864,-3417.6],[883.1999999999999,-3417.6],[883.1999999999999,-3398.4],[921.5999999999999,-3398.4],[921.5999999999999,-3379.2],[960,-3379.2],[960,-3360],[1017.5999999999999,-3360],[1017.5999999999999,-3340.7999999999997],[1056,-3340.7999999999997],[1056,-3321.6],[1075.2,-3321.6],[1075.2,-3302.4],[1094.3999999999999,-3302.4],[1094.3999999999999,-3283.2],[1113.6,-3283.2],[1113.6,-3187.2],[1094.3999999999999,-3187.2],[1094.3999999999999,-3168],[1075.2,-3168],[1075.2,-3148.7999999999997],[1056,-3148.7999999999997],[1056,-3129.6],[1036.8,-3129.6],[1036.8,-3091.2],[1017.5999999999999,-3091.2],[1017.5999999999999,-3033.6],[998.4,-3033.6],[998.4,-2956.7999999999997],[979.1999999999999,-2956.7999999999997],[979.1999999999999,-2937.6],[960,-2937.6],[960,-2918.4],[940.8,-2918.4],[940.8,-2899.2],[921.5999999999999,-2899.2],[921.5999999999999,-2860.7999999999997],[902.4,-2860.7999999999997],[902.4,-2822.4],[883.1999999999999,-2822.4],[883.1999999999999,-2803.2],[864,-2803.2],[864,-2784],[844.8,-2784],[844.8,-2745.6],[825.6,-2745.6],[825.6,-2707.2],[806.4,-2707.2],[806.4,-2688],[787.1999999999999,-2688],[787.1999999999999,-2668.7999999999997],[768,-2668.7999999999997],[768,-2630.4],[748.8,-2630.4],[748.8,-2611.2],[729.6,-2611.2],[729.6,-2592],[710.4,-2592],[710.4,-2553.6],[691.1999999999999,-2553.6],[691.1999999999999,-2534.4],[672,-2534.4],[672,-2496],[652.8,-2496],[652.8,-2476.7999999999997],[614.4,-2476.7999999999997],[614.4,-2457.6],[537.6,-2457.6],[537.6,-2476.7999999999997],[499.2,-2476.7999999999997],[499.2,-2496],[480,-2496],[480,-2534.4],[460.79999999999995,-2534.4],[460.79999999999995,-2572.7999999999997],[441.59999999999997,-2572.7999999999997],[441.59999999999997,-2611.2],[422.4,-2611.2],[422.4,-2688],[403.2,-2688],[403.2,-2726.4],[384,-2726.4],[384,-2784],[403.2,-2784],[403.2,-2841.6],[422.4,-2841.6],[422.4,-2860.7999999999997],[441.59999999999997,-2860.7999999999997],[441.59999999999997,-2880],[460.79999999999995,-2880],[460.79999999999995,-2918.4],[480,-2918.4],[480,-2956.7999999999997],[499.2,-2956.7999999999997],[499.2,-2976],[518.4,-2976],[518.4,-2995.2],[537.6,-2995.2],[537.6,-3033.6],[556.8,-3033.6],[556.8,-3110.4],[576,-3110.4],[576,-3187.2],[595.1999999999999,-3187.2],[595.1999999999999,-3283.2],[614.4,-3283.2],[614.4,-3360],[633.6,-3360],[633.6,-3398.4],[652.8,-3398.4],[652.8,-3417.6],[672,-3417.6],[672,-3436.7999999999997],[691.1999999999999,-3436.7999999999997],[691.1999999999999,-3456],[710.4,-3456],[710.4,-3475.2]]]]}},{"type":"Feature","properties":{"kind":"district","id":41,"name":"Preston"},"geometry":{"type":"MultiPolygon","coordinates":[[[[57.599999999999994,-2880],[115.19999999999999,-2880],[115.19999999999999,-2860.7999999999997],[153.6,-2860.7999999999997],[153.6,-2841.6],[172.79999999999998,-2841.6],[172.79999999999998,-2822.4],[192,-2822.4],[192,-2803.2],[211.2,-2803.2],[211.2,-2784],[230.39999999999998,-2784],[230.39999999999998,-2745.6],[249.6,-2745.6],[249.6,-2688],[268.8,-2688],[268.8,-2630.4],[288,-2630.4],[288,-2380.7999999999997],[268.8,-2380.7999999999997],[268.8,-2342.4],[249.6,-2342.4],[249.6,-2304],[230.39999999999998,-2304],[230.39999999999998,-2284.7999999999997],[211.2,-2284.7999999999997],[211.2,-2246.4],[192,-2246.4],[192,-2208],[172.79999999999998,-2208],[172.79999999999998,-2092.7999999999997],[153.6,-2092.7999999999997],[153.6,-2035.1999999999998],[192,-2035.1999999999998],[192,-2016],[211.2,-2016],[211.2,-1977.6],[230.39999999999998,-1977.6],[230.39999999999998,-1958.3999999999999],[211.2,-1958.3999999999999],[211.2,-1939.1999999999998],[76.8,-1939.1999999999998],[76.8,-1958.3999999999999],[38.4,-1958.3999999999999],[38.4,-1977.6],[19.2,-1977.6],[19.2,-1996.8],[0,-1996.8],[0,-2016],[-38.4,-2016],[-38.4,-2035.1999999999998],[-57.599999999999994,-2035.1999999999998],[-57.599999999999994,-2073.6],[-76.8,-2073.6],[-76.8,-2092.7999999999997],[-96,-2092.7999999999997],[-96,-2112],[-115.19999999999999,-2112],[-115.19999999999999,-2131.2],[-134.4,-2131.2],[-134.4,-2169.6],[-153.6,-2169.6],[-153.6,-2188.7999999999997],[-172.79999999999998,-2188.7999999999997],[-172.79999999999998,-2227.2],[-192,-2227.2],[-192,-2246.4],[-211.2,-2246.4],[-211.2,-2265.6],[-230.39999999999998,-2265.6],[-230.39999999999998,-2304],[-249.6,-2304],[-249.6,-2323.2],[-268.8,-2323.2],[-268.8,-2361.6],[-288,-2361.6],[-288,-2380.7999999999997],[-422.4,-2380.7999999999997],[-422.4,-2400],[-441.59999999999997,-2400],[-441.59999999999997,-2380.7999999999997],[-480,-2380.7999999999997],[-480,-2361.6],[-499.2,-2361.6],[-499.2,-2342.4],[-518.4,-2342.4],[-518.4,-2304],[-537.6,-2304],[-537.6,-2284.7999999999997],[-556.8,-2284.7999999999997],[-556.8,-2265.6],[-576,-2265.6],[-576,-2246.4],[-595.1999999999999,-2246.4],[-595.1999999999999,-2227.2],[-633.6,-2227.2],[-633.6,-2188.7999999999997],[-672,-2188.7999999999997],[-672,-2150.4],[-691.1999999999999,-2150.4],[-691.1999999999999,-2131.2],[-710.4,-2131.2],[-710.4,-2112],[-729.6,-2112],[-729.6,-2092.7999999999997],[-748.8,-2092.7999999999997],[-748.8,-2073.6],[-768,-2073.6],[-768,-2054.4],[-787.1999999999999,-2054.4],[-787.1999999999999,-2035.1999999999998],[-806.4,-2035.1999999999998],[-806.4,-2016],[-844.8,-2016],[-844.8,-2035.1999999999998],[-864,-2035.1999999999998],[-864,-2054.4],[-883.1999999999999,-2054.4],[-883.1999999999999,-2092.7999999999997],[-902.4,-2092.7999999999997],[-902.4,-2112],[-921.5999999999999,-2112],[-921.5999999999999,-2131.2],[-940.8,-2131.2],[-940.8,-2169.6],[-979.1999999999999,-2169.6],[-979.1999999999999,-2208],[-998.4,-2208],[-998.4,-2227.2],[-1017.5999999999999,-2227.2],[-1017.5999999999999,-2265.6],[-998.4,-2265.6],[-998.4,-2284.7999999999997],[-979.1999999999999,-2284.7999999999997],[-979.1999999999999,-2342.4],[-960,-2342.4],[-960,-2400],[-940.8,-2400],[-940.8,-2419.2],[-921.5999999999999,-2419.2],[-921.5999999999999,-2457.6],[-883.1999999999999,-2457.6],[-883.1999999999999,-2476.7999999999997],[-864,-2476.7999999999997],[-864,-2515.2],[-844.8,-2515.2],[-844.8,-2534.4],[-825.6,-2534.4],[-825.6,-2553.6],[-806.4,-2553.6],[-806.4,-2572.7999999999997],[-787.1999999999999,-2572.7999999999997],[-787.1999999999999,-2592],[-768,-2592],[-768,-2611.2],[-748.8,-2611.2],[-748.8,-2630.4],[-729.6,-2630.4],[-729.6,-2649.6],[-710.4,-2649.6],[-710.4,-2668.7999999999997],[-480,-2668.7999999999997],[-480,-2649.6],[-307.2,-2649.6],[-307.2,-2668.7999999999997],[-249.6,-2668.7999999999997],[-249.6,-2688],[-211.2,-2688],[-211.2,-2707.2],[-192,-2707.2],[-192,-2726.4],[-172.79999999999998,-2726.4],[-172.79999999999998,-2745.6],[-153.6,-2745.6],[-153.6,-2764.7999999999997],[-134.4,-2764.7999999999997],[-134.4,-2784],[-96,-2784],[-96,-2803.2],[-76.8,-2803.2],[-76.8,-2822.4],[-38.4,-2822.4],[-38.4,-2841.6],[0,-2841.6],[0,-2860.7999999999997],[57.599999999999994,-2860.7999999999997],[57.599999999999994,-2880]]]]}},{"type":"Feature","properties":{"kind":"district","id":42,"name":"Auburn"},"geometry":{"type":"MultiPolygon","coordinates":[[[[-441.59999999999997,-2400],[-422.4,-2400],[-422.4,-2380.7999999999997],[-288,-2380.7999999999997],[-288,-2361.6],[-268.8,-2361.6],[-268.8,-2323.2],[-249.6,-2323.2],[-249.6,-2304],[-230.39999999999998,-2304],[-230.39999999999998,-2265.6],[-211.2,-2265.6],[-211.2,-2246.4],[-192,-2246.4],[-192,-2227.2],[-172.79999999999998,-2227.2],[-172.79999999999998,-2188.7999999999997],[-153.6,-2188.7999999999997],[-153.6,-2169.6],[-134.4,-2169.6],[-134.4,-2131.2],[-115.19999999999999,-2131.2],[-115.19999999999999,-2112],[-96,-2112],[-96,-2092.7999999999997],[-76.8,-2092.7999999999997],[-76.8,-2073.6],[-57.599999999999994,-2073.6],[-57.599999999999994,-2035.1999999999998],[-38.4,-2035.1999999999998],[-38.4,-2016],[0,-2016],[0,-1996.8],[19.2,-1996.8],[19.2,-1977.6],[38.4,-1977.6],[38.4,-1958.3999999999999],[76.8,-1958.3999999999999],[76.8,-1939.1999999999998],[211.2,-1939.1999999999998],[211.2,-1920],[192,-1920],[192,-1881.6],[211.2,-1881.6],[211.2,-1862.3999999999999],[192,-1862.3999999999999],[192,-1843.1999999999998],[172.79999999999998,-1843.1999999999998],[172.79999999999998,-1824],[134.4,-1824],[134.4,-1804.8],[115.19999999999999,-1804.8],[115.19999999999999,-1785.6],[96,-1785.6],[96,-1766.3999999999999],[76.8,-1766.3999999999999],[76.8,-1747.2],[57.599999999999994,-1747.2],[57.599999999999994,-1708.8],[38.4,-1708.8],[38.4,-1689.6],[19.2,-1689.6],[19.2,-1670.3999999999999],[0,-1670.3999999999999],[0,-1651.2],[-19.2,-1651.2],[-19.2,-1632],[-38.4,-1632],[-38.4,-1593.6],[-57.599999999999994,-1593.6],[-57.599999999999994,-1574.3999999999999],[-76.8,-1574.3999999999999],[-76.8,-1555.2],[-96,-1555.2],[-96,-1536],[-115.19999999999999,-1536],[-115.19999999999999,-1497.6],[-134.4,-1497.6],[-134.4,-1478.3999999999999],[-153.6,-1478.3999999999999],[-153.6,-1440],[-172.79999999999998,-1440],[-172.79999999999998,-1420.8],[-192,-1420.8],[-192,-1382.3999999999999],[-249.6,-1382.3999999999999],[-249.6,-1459.2],[-288,-1459.2],[-288,-1478.3999999999999],[-307.2,-1478.3999999999999],[-307.2,-1497.6],[-326.4,-1497.6],[-326.4,-1516.8],[-345.59999999999997,-1516.8],[-345.59999999999997,-1536],[-364.8,-1536],[-364.8,-1555.2],[-384,-1555.2],[-384,-1574.3999999999999],[-403.2,-1574.3999999999999],[-403.2,-1593.6],[-422.4,-1593.6],[-422.4,-1612.8],[-441.59999999999997,-1612.8],[-441.59999999999997,-1632],[-460.79999999999995,-1632],[-460.79999999999995,-1651.2],[-480,-1651.2],[-480,-1670.3999999999999],[-499.2,-1670.3999999999999],[-499.2,-1689.6],[-518.4,-1689.6],[-518.4,-1708.8],[-537.6,-1708.8],[-537.6,-1728],[-556.8,-1728],[-556.8,-1747.2],[-576,-1747.2],[-576,-1766.3999999999999],[-595.1999999999999,-1766.3999999999999],[-595.1999999999999,-1785.6],[-614.4,-1785.6],[-614.4,-1804.8],[-633.6,-1804.8],[-633.6,-1824],[-652.8,-1824],[-652.8,-1843.1999999999998],[-672,-1843.1999999999998],[-672,-1862.3999999999999],[-691.1999999999999,-1862.3999999999999],[-691.1999999999999,-1881.6],[-710.4,-1881.6],[-710.4,-1900.8],[-729.6,-1900.8],[-729.6,-1920],[-768,-1920],[-768,-1958.3999999999999],[-787.1999999999999,-1958.3999999999999],[-787.1999999999999,-1977.6],[-806.4,-1977.6],[-806.4,-1996.8],[-825.6,-1996.8],[-825.6,-2016],[-806.4,-2016],[-806.4,-2035.1999999999998],[-787.1999999999999,-2035.1999999999998],[-787.1999999999999,-2054.4],[-768,-2054.4],[-768,-2073.6],[-748.8,-2073.6],[-748.8,-2092.7999999999997],[-729.6,-2092.7999999999997],[-729.6,-2112],[-710.4,-2112],[-710.4,-2131.2],[-691.1999999999999,-2131.2],[-691.1999999999999,-2150.4],[-672,-2150.4],[-672,-2188.7999999999997],[-633.6,-2188.7999999999997],[-633.6,-2227.2],[-595.1999999999999,-2227.2],[-595.1999999999999,-2246.4],[-576,-2246.4],[-576,-2265.6],[-556.8,-2265.6],[-556.8,-2284.7999999999997],[-537.6,-2284.7999999999997],[-537.6,-2304],[-518.4,-2304],[-518.4,-2342.4],[-499.2,-2342.4],[-499.2,-2361.6],[-480,-2361.6],[-480,-2380.7999999999997],[-441.59999999999997,-2380.7999999999997],[-441.59999999999997,-2400]]]]}},{"type":"Feature","properties":{"kind":"district","id":43,"name":"Aragon"},"geometry":{"type":"MultiPolygon","coordinates":[[[[-1036.8,-2227.2],[-998.4,-2227.2],[-998.4,-2208],[-979.1999999999999,-2208],[-979.1999999999999,-2169.6],[-940.8,-2169.6],[-940.8,-2131.2],[-921.5999999999999,-2131.2],[-921.5999999999999,-2112],[-902.4,-2112],[-902.4,-2092.7999999999997],[-883.1999999999999,-2092.7999999999997],[-883.1999999999999,-2054.4],[-864,-2054.4],[-864,-2035.1999999999998],[-844.8,-2035.1999999999998],[-844.8,-2016],[-825.6,-2016],[-825.6,-1996.8],[-844.8,-1996.8],[-844.8,-1977.6],[-864,-1977.6],[-864,-1939.1999999999998],[-902.4,-1939.1999999999998],[-902.4,-1920],[-921.5999999999999,-1920],[-921.5999999999999,-1900.8],[-940.8,-1900.8],[-940.8,-1881.6],[-960,-1881.6],[-960,-1862.3999999999999],[-979.1999999999999,-1862.3999999999999],[-979.1999999999999,-1843.1999999999998],[-998.4,-1843.1999999999998],[-998.4,-1824],[-1017.5999999999999,-1824],[-1017.5999999999999,-1804.8],[-1036.8,-1804.8],[-1036.8,-1785.6],[-1056,-1785.6],[-1056,-1766.3999999999999],[-1075.2,-1766.3999999999999],[-1075.2,-1728],[-1094.3999999999999,-1728],[-1094.3999999999999,-1708.8],[-1132.8,-1708.8],[-1132.8,-1670.3999999999999],[-1152,-1670.3999999999999],[-1152,-1651.2],[-1171.2,-1651.2],[-1171.2,-1632],[-1190.3999999999999,-1632],[-1190.3999999999999,-1612.8],[-1209.6,-1612.8],[-1209.6,-1593.6],[-1228.8,-1593.6],[-1228.8,-1574.3999999999999],[-1248,-1574.3999999999999],[-1248,-1555.2],[-1267.2,-1555.2],[-1267.2,-1536],[-1305.6,-1536],[-1305.6,-1555.2],[-1324.8,-1555.2],[-1324.8,-1574.3999999999999],[-1382.3999999999999,-1574.3999999999999],[-1382.3999999999999,-1593.6],[-1420.8,-1593.6],[-1420.8,-1612.8],[-1440,-1612.8],[-1440,-1632],[-1478.3999999999999,-1632],[-1478.3999999999999,-1651.2],[-1497.6,-1651.2],[-1497.6,-1670.3999999999999],[-1536,-1670.3999999999999],[-1536,-1689.6],[-1555.2,-1689.6],[-1555.2,-1708.8],[-1574.3999999999999,-1708.8],[-1574.3999999999999,-1728],[-1593.6,-1728],[-1593.6,-1843.1999999999998],[-1574.3999999999999,-1843.1999999999998],[-1574.3999999999999,-1862.3999999999999],[-1555.2,-1862.3999999999999],[-1555.2,-1881.6],[-1478.3999999999999,-1881.6],[-1478.3999999999999,-1900.8],[-1459.2,-1900.8],[-1459.2,-1920],[-1401.6,-1920],[-1401.6,-1939.1999999999998],[-1363.2,-1939.1999999999998],[-1363.2,-1958.3999999999999],[-1324.8,-1958.3999999999999],[-1324.8,-1977.6],[-1305.6,-1977.6],[-1305.6,-1996.8],[-1267.2,-1996.8],[-1267.2,-2016],[-1228.8,-2016],[-1228.8,-2035.1999999999998],[-1209.6,-2035.1999999999998],[-1209.6,-2054.4],[-1190.3999999999999,-2054.4],[-1190.3999999999999,-2073.6],[-1171.2,-2073.6],[-1171.2,-2092.7999999999997],[-1152,-2092.7999999999997],[-1152,-2112],[-1132.8,-2112],[-1132.8,-2131.2],[-1113.6,-2131.2],[-1113.6,-2150.4],[-1094.3999999999999,-2150.4],[-1094.3999999999999,-2169.6],[-1075.2,-2169.6],[-1075.2,-2188.7999999999997],[-1056,-2188.7999999999997],[-1056,-2208],[-1036.8,-2208],[-1036.8,-2227.2]]]]}},{"type":"Feature","properties":{"kind":"district","id":44,"name":"North Hamilton"},"geometry":{"type":"MultiPolygon","coordinates":[[[[307.2,-1958.3999999999999],[345.59999999999997,-1958.3999999999999],[345.59999999999997,-1939.1999999999998],[364.8,-1939.1999999999998],[364.8,-1920],[384,-1920],[384,-1900.8],[403.2,-1900.8],[403.2,-1881.6],[422.4,-1881.6],[422.4,-1862.3999999999999],[441.59999999999997,-1862.3999999999999],[441.59999999999997,-1843.1999999999998],[460.79999999999995,-1843.1999999999998],[460.79999999999995,-1824],[480,-1824],[480,-1804.8],[499.2,-1804.8],[499.2,-1785.6],[518.4,-1785.6],[518.4,-1766.3999999999999],[556.8,-1766.3999999999999],[556.8,-1747.2],[576,-1747.2],[576,-1728],[556.8,-1728],[556.8,-1708.8],[537.6,-1708.8],[537.6,-1689.6],[518.4,-1689.6],[518.4,-1670.3999999999999],[480,-1670.3999999999999],[480,-1651.2],[460.79999999999995,-1651.2],[460.79999999999995,-1632],[441.59999999999997,-1632],[441.59999999999997,-1593.6],[422.4,-1593.6],[422.4,-1574.3999999999999],[403.2,-1574.3999999999999],[403.2,-1516.8],[384,-1516.8],[384,-1497.6],[403.2,-1497.6],[403.2,-1459.2],[384,-1459.2],[384,-1440],[403.2,-1440],[403.2,-1420.8],[384,-1420.8],[384,-1344],[403.2,-1344],[403.2,-1267.2],[422.4,-1267.2],[422.4,-1209.6],[441.59999999999997,-1209.6],[441.59999999999997,-1132.8],[460.79999999999995,-1132.8],[460.79999999999995,-1056],[480,-1056],[480,-1017.5999999999999],[518.4,-1017.5999999999999],[518.4,-1036.8],[556.8,-1036.8],[556.8,-1056],[595.1999999999999,-1056],[595.1999999999999,-1075.2],[614.4,-1075.2],[614.4,-1094.3999999999999],[652.8,-1094.3999999999999],[652.8,-1056],[672,-1056],[672,-1017.5999999999999],[691.1999999999999,-1017.5999999999999],[691.1999999999999,-998.4],[710.4,-998.4],[710.4,-979.1999999999999],[729.6,-979.1999999999999],[729.6,-940.8],[748.8,-940.8],[748.8,-902.4],[768,-902.4],[768,-864],[787.1999999999999,-864],[787.1999999999999,-825.6],[806.4,-825.6],[806.4,-787.1999999999999],[825.6,-787.1999999999999],[825.6,-748.8],[806.4,-748.8],[806.4,-710.4],[825.6,-710.4],[825.6,-595.1999999999999],[806.4,-595.1999999999999],[806.4,-556.8],[787.1999999999999,-556.8],[787.1999999999999,-537.6],[768,-537.6],[768,-518.4],[748.8,-518.4],[748.8,-480],[691.1999999999999,-480],[691.1999999999999,-460.79999999999995],[652.8,-460.79999999999995],[652.8,-441.59999999999997],[576,-441.59999999999997],[576,-422.4],[518.4,-422.4],[518.4,-403.2],[441.59999999999997,-403.2],[441.59999999999997,-384],[345.59999999999997,-384],[345.59999999999997,-364.8],[288,-364.8],[288,-345.59999999999997],[230.39999999999998,-345.59999999999997],[230.39999999999998,-326.4],[211.2,-326.4],[211.2,-307.2],[192,-307.2],[192,-288],[172.79999999999998,-288],[172.79999999999998,-268.8],[153.6,-268.8],[153.6,-249.6],[57.599999999999994,-249.6],[57.599999999999994,-268.8],[38.4,-268.8],[38.4,-288],[0,-288],[0,-307.2],[-38.4,-307.2],[-38.4,-326.4],[-153.6,-326.4],[-153.6,-345.59999999999997],[-192,-345.59999999999997],[-192,-364.8],[-230.39999999999998,-364.8],[-230.39999999999998,-384],[-288,-384],[-288,-403.2],[-345.59999999999997,-403.2],[-345.59999999999997,-422.4],[-384,-422.4],[-384,-441.59999999999997],[-422.4,-441.59999999999997],[-422.4,-460.79999999999995],[-460.79999999999995,-460.79999999999995],[-460.79999999999995,-480],[-499.2,-480],[-499.2,-499.2],[-537.6,-499.2],[-537.6,-518.4],[-576,-518.4],[-576,-537.6],[-595.1999999999999,-537.6],[-595.1999999999999,-576],[-614.4,-576],[-614.4,-691.1999999999999],[-595.1999999999999,-691.1999999999999],[-595.1999999999999,-710.4],[-576,-710.4],[-576,-729.6],[-556.8,-729.6],[-556.8,-748.8],[-518.4,-748.8],[-518.4,-806.4],[-499.2,-806.4],[-499.2,-844.8],[-480,-844.8],[-480,-902.4],[-460.79999999999995,-902.4],[-460.79999999999995,-921.5999999999999],[-441.59999999999997,-921.5999999999999],[-441.59999999999997,-960],[-422.4,-960],[-422.4,-979.1999999999999],[-403.2,-979.1999999999999],[-403.2,-1017.5999999999999],[-384,-1017.5999999999999],[-384,-1036.8],[-364.8,-1036.8],[-364.8,-1056],[-345.59999999999997,-1056],[-345.59999999999997,-1094.3999999999999],[-326.4,-1094.3999999999999],[-326.4,-1113.6],[-307.2,-1113.6],[-307.2,-1152],[-288,-1152],[-288,-1171.2],[-268.8,-1171.2],[-268.8,-1190.3999999999999],[-249.6,-1190.3999999999999],[-249.6,-1209.6],[-230.39999999999998,-1209.6],[-230.39999999999998,-1248],[-211.2,-1248],[-211.2,-1267.2],[-192,-1267.2],[-192,-1305.6],[-172.79999999999998,-1305.6],[-172.79999999999998,-1324.8],[-153.6,-1324.8],[-153.6,-1344],[-134.4,-1344],[-134.4,-1382.3999999999999],[-115.19999999999999,-1382.3999999999999],[-115.19999999999999,-1401.6],[-96,-1401.6],[-96,-1420.8],[-76.8,-1420.8],[-76.8,-1459.2],[-57.599999999999994,-1459.2],[-57.599999999999994,-1497.6],[-38.4,-1497.6],[-38.4,-1516.8],[-19.2,-1516.8],[-19.2,-1536],[0,-1536],[0,-1593.6],[19.2,-1593.6],[19.2,-1612.8],[38.4,-1612.8],[38.4,-1632],[57.599999999999994,-1632],[57.599999999999994,-1651.2],[76.8,-1651.2],[76.8,-1670.3999999999999],[96,-1670.3999999999999],[96,-1689.6],[115.19999999999999,-1689.6],[115.19999999999999,-1708.8],[134.4,-1708.8],[134.4,-1728],[153.6,-1728],[153.6,-1766.3999999999999],[172.79999999999998,-1766.3999999999999],[172.79999999999998,-1785.6],[192,-1785.6],[192,-1843.1999999999998],[211.2,-1843.1999999999998],[211.2,-1862.3999999999999],[230.39999999999998,-1862.3999999999999],[230.39999999999998,-1881.6],[268.8,-1881.6],[268.8,-1920],[288,-1920],[288,-1939.1999999999998],[307.2,-1939.1999999999998],[307.2,-1958.3999999999999]]]]}},{"type":"Feature","properties":{"kind":"district","id":45,"name":"Goose Island"},"geometry":{"type":"MultiPolygon","coordinates":[[[[5721.599999999999,-2668.7999999999997],[5836.8,-2668.7999999999997],[5836.8,-2649.6],[5875.2,-2649.6],[5875.2,-2630.4],[5894.4,-2630.4],[5894.4,-2611.2],[5932.8,-2611.2],[5932.8,-2592],[5952,-2592],[5952,-2553.6],[5971.2,-2553.6],[5971.2,-2534.4],[5990.4,-2534.4],[5990.4,-2496],[6009.599999999999,-2496],[6009.599999999999,-2457.6],[6028.8,-2457.6],[6028.8,-2361.6],[6009.599999999999,-2361.6],[6009.599999999999,-2304],[5990.4,-2304],[5990.4,-2284.7999999999997],[5971.2,-2284.7999999999997],[5971.2,-2265.6],[5952,-2265.6],[5952,-2246.4],[5932.8,-2246.4],[5932.8,-2227.2],[5894.4,-2227.2],[5894.4,-2208],[5856,-2208],[5856,-2188.7999999999997],[5798.4,-2188.7999999999997],[5798.4,-2169.6],[5702.4,-2169.6],[5702.4,-2150.4],[5664,-2150.4],[5664,-2169.6],[5587.2,-2169.6],[5587.2,-2188.7999999999997],[5568,-2188.7999999999997],[5568,-2208],[5529.599999999999,-2208],[5529.599999999999,-2227.2],[5510.4,-2227.2],[5510.4,-2246.4],[5491.2,-2246.4],[5491.2,-2284.7999999999997],[5472,-2284.7999999999997],[5472,-2323.2],[5452.8,-2323.2],[5452.8,-2438.4],[5472,-2438.4],[5472,-2476.7999999999997],[5491.2,-2476.7999999999997],[5491.2,-2515.2],[5510.4,-2515.2],[5510.4,-2534.4],[5529.599999999999,-2534.4],[5529.599999999999,-2553.6],[5548.8,-2553.6],[5548.8,-2572.7999999999997],[5587.2,-2572.7999999999997],[5587.2,-2592],[5606.4,-2592],[5606.4,-2611.2],[5644.8,-2611.2],[5644.8,-2630.4],[5683.2,-2630.4],[5683.2,-2649.6],[5721.599999999999,-2649.6],[5721.599999999999,-2668.7999999999997]]]]}},{"type":"Feature","properties":{"kind":"district","id":46,"name":"Hillside Park"},"geometry":{"type":"MultiPolygon","coordinates":[[[[4243.2,96],[4339.2,96],[4339.2,115.19999999999999],[4377.599999999999,115.19999999999999],[4377.599999999999,134.4],[4396.8,134.4],[4396.8,153.6],[4416,153.6],[4416,172.79999999999998],[4435.2,172.79999999999998],[4435.2,230.39999999999998],[4454.4,230.39999999999998],[4454.4,326.4],[4435.2,326.4],[4435.2,364.8],[4416,364.8],[4416,384],[4377.599999999999,384],[4377.599999999999,403.2],[4339.2,403.2],[4339.2,422.4],[4300.8,422.4],[4300.8,441.59999999999997],[4243.2,441.59999999999997],[4243.2,460.79999999999995],[4224,460.79999999999995],[4224,480],[4185.599999999999,480],[4185.599999999999,499.2],[4147.2,499.2],[4147.2,518.4],[4128,518.4],[4128,537.6],[4108.8,537.6],[4108.8,556.8],[4070.3999999999996,556.8],[4070.3999999999996,576],[4032,576],[4032,595.1999999999999],[3993.6,595.1999999999999],[3993.6,614.4],[3955.2,614.4],[3955.2,633.6],[3897.6,633.6],[3897.6,652.8],[3840,652.8],[3840,672],[3801.6,672],[3801.6,691.1999999999999],[3782.3999999999996,691.1999999999999],[3782.3999999999996,710.4],[3686.3999999999996,710.4],[3686.3999999999996,729.6],[3648,729.6],[3648,748.8],[3628.7999999999997,748.8],[3628.7999999999997,768],[3590.4,768],[3590.4,787.1999999999999],[3552,787.1999999999999],[3552,806.4],[3532.7999999999997,806.4],[3532.7999999999997,825.6],[3513.6,825.6],[3513.6,844.8],[3494.4,844.8],[3494.4,883.1999999999999],[3513.6,883.1999999999999],[3513.6,902.4],[3532.7999999999997,902.4],[3532.7999999999997,921.5999999999999],[3552,921.5999999999999],[3552,960],[3571.2,960],[3571.2,998.4],[3552,998.4],[3552,1017.5999999999999],[3532.7999999999997,1017.5999999999999],[3532.7999999999997,1036.8],[3475.2,1036.8],[3475.2,1056],[3436.7999999999997,1056],[3436.7999999999997,1036.8],[3398.4,1036.8],[3398.4,1017.5999999999999],[3340.7999999999997,1017.5999999999999],[3340.7999999999997,998.4],[3302.4,998.4],[3302.4,1017.5999999999999],[3091.2,1017.5999999999999],[3091.2,998.4],[3033.6,998.4],[3033.6,979.1999999999999],[2956.7999999999997,979.1999999999999],[2956.7999999999997,960],[2937.6,960],[2937.6,979.1999999999999],[2860.7999999999997,979.1999999999999],[2860.7999999999997,998.4],[2784,998.4],[2784,1017.5999999999999],[2707.2,1017.5999999999999],[2707.2,1036.8],[2649.6,1036.8],[2649.6,1056],[2592,1056],[2592,1075.2],[2534.4,1075.2],[2534.4,1056],[2496,1056],[2496,1036.8],[2476.7999999999997,1036.8],[2476.7999999999997,1017.5999999999999],[2457.6,1017.5999999999999],[2457.6,998.4],[2438.4,998.4],[2438.4,940.8],[2419.2,940.8],[2419.2,844.8],[2400,844.8],[2400,729.6],[2380.7999999999997,729.6],[2380.7999999999997,480],[2400,480],[2400,460.79999999999995],[2419.2,460.79999999999995],[2419.2,441.59999999999997],[2457.6,441.59999999999997],[2457.6,422.4],[2496,422.4],[2496,403.2],[2515.2,403.2],[2515.2,384],[2572.7999999999997,384],[2572.7999999999997,364.8],[2611.2,364.8],[2611.2,345.59999999999997],[2630.4,345.59999999999997],[2630.4,326.4],[2649.6,326.4],[2649.6,307.2],[2688,307.2],[2688,288],[2707.2,288],[2707.2,268.8],[2745.6,268.8],[2745.6,249.6],[2764.7999999999997,249.6],[2764.7999999999997,230.39999999999998],[2803.2,230.39999999999998],[2803.2,211.2],[2841.6,211.2],[2841.6,192],[2860.7999999999997,192],[2860.7999999999997,172.79999999999998],[2937.6,172.79999999999998],[2937.6,192],[2956.7999999999997,192],[2956.7999999999997,211.2],[2995.2,211.2],[2995.2,230.39999999999998],[3014.4,230.39999999999998],[3014.4,249.6],[3052.7999999999997,249.6],[3052.7999999999997,268.8],[3072,268.8],[3072,307.2],[3091.2,307.2],[3091.2,326.4],[3110.4,326.4],[3110.4,345.59999999999997],[3129.6,345.59999999999997],[3129.6,364.8],[3148.7999999999997,364.8],[3148.7999999999997,384],[3168,384],[3168,403.2],[3187.2,403.2],[3187.2,422.4],[3225.6,422.4],[3225.6,441.59999999999997],[3244.7999999999997,441.59999999999997],[3244.7999999999997,460.79999999999995],[3264,460.79999999999995],[3264,480],[3283.2,480],[3283.2,499.2],[3302.4,499.2],[3302.4,518.4],[3340.7999999999997,518.4],[3340.7999999999997,499.2],[3379.2,499.2],[3379.2,480],[3398.4,480],[3398.4,460.79999999999995],[3436.7999999999997,460.79999999999995],[3436.7999999999997,441.59999999999997],[3475.2,441.59999999999997],[3475.2,422.4],[3532.7999999999997,422.4],[3532.7999999999997,403.2],[3552,403.2],[3552,384],[3571.2,384],[3571.2,364.8],[3648,364.8],[3648,345.59999999999997],[3686.3999999999996,345.59999999999997],[3686.3999999999996,326.4],[3744,326.4],[3744,307.2],[3782.3999999999996,307.2],[3782.3999999999996,288],[3840,288],[3840,268.8],[3878.3999999999996,268.8],[3878.3999999999996,249.6],[3936,249.6],[3936,230.39999999999998],[3974.3999999999996,230.39999999999998],[3974.3999999999996,211.2],[4032,211.2],[4032,192],[4070.3999999999996,192],[4070.3999999999996,172.79999999999998],[4108.8,172.79999999999998],[4108.8,153.6],[4147.2,153.6],[4147.2,134.4],[4185.599999999999,134.4],[4185.599999999999,115.19999999999999],[4243.2,115.19999999999999],[4243.2,96]]]]}},{"type":"Feature","properties":{"kind":"district","id":47,"name":"South San Rico"},"geometry":{"type":"MultiPolygon","coordinates":[[[[-1536,5664],[-1420.8,5664],[-1420.8,5683.2],[-1344,5683.2],[-1344,5702.4],[-1248,5702.4],[-1248,5721.599999999999],[-1209.6,5721.599999999999],[-1209.6,5702.4],[-1152,5702.4],[-1152,5721.599999999999],[-1075.2,5721.599999999999],[-1075.2,5740.8],[-1036.8,5740.8],[-1036.8,5760],[-979.1999999999999,5760],[-979.1999999999999,5779.2],[-960,5779.2],[-960,5798.4],[-902.4,5798.4],[-902.4,5817.599999999999],[-864,5817.599999999999],[-864,5836.8],[-787.1999999999999,5836.8],[-787.1999999999999,5856],[-614.4,5856],[-614.4,5875.2],[-576,5875.2],[-576,5856],[-460.79999999999995,5856],[-460.79999999999995,5875.2],[-422.4,5875.2],[-422.4,5856],[-326.4,5856],[-326.4,5836.8],[76.8,5836.8],[76.8,5817.599999999999],[153.6,5817.599999999999],[153.6,5798.4],[288,5798.4],[288,5779.2],[403.2,5779.2],[403.2,5760],[441.59999999999997,5760],[441.59999999999997,5817.599999999999],[460.79999999999995,5817.599999999999],[460.79999999999995,5856],[480,5856],[480,5875.2],[556.8,5875.2],[556.8,5894.4],[614.4,5894.4],[614.4,5913.599999999999],[691.1999999999999,5913.599999999999],[691.1999999999999,5894.4],[768,5894.4],[768,5875.2],[787.1999999999999,5875.2],[787.1999999999999,5856],[825.6,5856],[825.6,5836.8],[883.1999999999999,5836.8],[883.1999999999999,5817.599999999999],[921.5999999999999,5817.599999999999],[921.5999999999999,5798.4],[979.1999999999999,5798.4],[979.1999999999999,5779.2],[1036.8,5779.2],[1036.8,5760],[1056,5760],[1056,5740.8],[1113.6,5740.8],[1113.6,5721.599999999999],[1171.2,5721.599999999999],[1171.2,5702.4],[1209.6,5702.4],[1209.6,5721.599999999999],[1267.2,5721.599999999999],[1267.2,5740.8],[1286.3999999999999,5740.8],[1286.3999999999999,5760],[1305.6,5760],[1305.6,5779.2],[1324.8,5779.2],[1324.8,5798.4],[1344,5798.4],[1344,5817.599999999999],[1363.2,5817.599999999999],[1363.2,5856],[1382.3999999999999,5856],[1382.3999999999999,5875.2],[1401.6,5875.2],[1401.6,5913.599999999999],[1420.8,5913.599999999999],[1420.8,5952],[1440,5952],[1440,5990.4],[1459.2,5990.4],[1459.2,6009.599999999999],[1478.3999999999999,6009.599999999999],[1478.3999999999999,6048],[1497.6,6048],[1497.6,6105.599999999999],[1516.8,6105.599999999999],[1516.8,6144],[1536,6144],[1536,6201.599999999999],[1555.2,6201.599999999999],[1555.2,6278.4],[1574.3999999999999,6278.4],[1574.3999999999999,6316.8],[1593.6,6316.8],[1593.6,6374.4],[1612.8,6374.4],[1612.8,6412.8],[1632,6412.8],[1632,6489.599999999999],[1651.2,6489.599999999999],[1651.2,6547.2],[1670.3999999999999,6547.2],[1670.3999999999999,6643.2],[1689.6,6643.2],[1689.6,6720],[1708.8,6720],[1708.8,6796.8],[1728,6796.8],[1728,6873.599999999999],[1747.2,6873.599999999999],[1747.2,6931.2],[1766.3999999999999,6931.2],[1766.3999999999999,6988.8],[1785.6,6988.8],[1785.6,7065.599999999999],[1804.8,7065.599999999999],[1804.8,7123.2],[1824,7123.2],[1824,7180.8],[1843.1999999999998,7180.8],[1843.1999999999998,7315.2],[1862.3999999999999,7315.2],[1862.3999999999999,7372.799999999999],[1881.6,7372.799999999999],[1881.6,7449.599999999999],[1900.8,7449.599999999999],[1900.8,7545.599999999999],[1920,7545.599999999999],[1920,7641.599999999999],[1939.1999999999998,7641.599999999999],[1939.1999999999998,7699.2],[1958.3999999999999,7699.2],[1958.3999999999999,7756.799999999999],[1977.6,7756.799999999999],[1977.6,7795.2],[1996.8,7795.2],[1996.8,7833.599999999999],[2016,7833.599999999999],[2016,7872],[2035.1999999999998,7872],[2035.1999999999998,8102.4],[2054.4,8102.4],[2054.4,8640],[-3244.7999999999997,8640],[-3244.7999999999997,8294.4],[-3225.6,8294.4],[-3225.6,8236.8],[-3206.4,8236.8],[-3206.4,8179.2],[-3187.2,8179.2],[-3187.2,8121.599999999999],[-3168,8121.599999999999],[-3168,8083.2],[-3148.7999999999997,8083.2],[-3148.7999999999997,8044.799999999999],[-3129.6,8044.799999999999],[-3129.6,8025.599999999999],[-3110.4,8025.599999999999],[-3110.4,7987.2],[-3091.2,7987.2],[-3091.2,7968],[-3072,7968],[-3072,7948.799999999999],[-3052.7999999999997,7948.799999999999],[-3052.7999999999997,7929.599999999999],[-3033.6,7929.599999999999],[-3033.6,7910.4],[-3014.4,7910.4],[-3014.4,7891.2],[-2995.2,7891.2],[-2995.2,7852.799999999999],[-2956.7999999999997,7852.799999999999],[-2956.7999999999997,7833.599999999999],[-2937.6,7833.599999999999],[-2937.6,7814.4],[-2918.4,7814.4],[-2918.4,7795.2],[-2880,7795.2],[-2880,7776],[-2860.7999999999997,7776],[-2860.7999999999997,7756.799999999999],[-2822.4,7756.799999999999],[-2822.4,7737.599999999999],[-2803.2,7737.599999999999],[-2803.2,7718.4],[-2745.6,7718.4],[-2745.6,7699.2],[-2630.4,7699.2],[-2630.4,7680],[-2553.6,7680],[-2553.6,7660.799999999999],[-2515.2,7660.799999999999],[-2515.2,7641.599999999999],[-2476.7999999999997,7641.599999999999],[-2476.7999999999997,7603.2],[-2457.6,7603.2],[-2457.6,7564.799999999999],[-2438.4,7564.799999999999],[-2438.4,7526.4],[-2419.2,7526.4],[-2419.2,7507.2],[-2400,7507.2],[-2400,7468.799999999999],[-2380.7999999999997,7468.799999999999],[-2380.7999999999997,7430.4],[-2361.6,7430.4],[-2361.6,7392],[-2342.4,7392],[-2342.4,7372.799999999999],[-2323.2,7372.799999999999],[-2323.2,7334.4],[-2304,7334.4],[-2304,7276.8],[-2284.7999999999997,7276.8],[-2284.7999999999997,7161.599999999999],[-2265.6,7161.599999999999],[-2265.6,7104],[-2246.4,7104],[-2246.4,7065.599999999999],[-2227.2,7065.599999999999],[-2227.2,7027.2],[-2208,7027.2],[-2208,7008],[-2188.7999999999997,7008],[-2188.7999999999997,6931.2],[-2169.6,6931.2],[-2169.6,6873.599999999999],[-2150.4,6873.599999999999],[-2150.4,6758.4],[-2169.6,6758.4],[-2169.6,6700.8],[-2188.7999999999997,6700.8],[-2188.7999999999997,6643.2],[-2208,6643.2],[-2208,6585.599999999999],[-2227.2,6585.599999999999],[-2227.2,6547.2],[-2246.4,6547.2],[-2246.4,6508.8],[-2265.6,6508.8],[-2265.6,6451.2],[-2284.7999999999997,6451.2],[-2284.7999999999997,6355.2],[-2304,6355.2],[-2304,6336],[-2323.2,6336],[-2323.2,6297.599999999999],[-2342.4,6297.599999999999],[-2342.4,6259.2],[-2361.6,6259.2],[-2361.6,6220.8],[-2380.7999999999997,6220.8],[-2380.7999999999997,6182.4],[-2400,6182.4],[-2400,6124.8],[-2419.2,6124.8],[-2419.2,6086.4],[-2380.7999999999997,6086.4],[-2380.7999999999997,6067.2],[-2361.6,6067.2],[-2361.6,6048],[-2342.4,6048],[-2342.4,6028.8],[-2304,6028.8],[-2304,6009.599999999999],[-2246.4,6009.599999999999],[-2246.4,5990.4],[-2208,5990.4],[-2208,5971.2],[-2150.4,5971.2],[-2150.4,5952],[-2112,5952],[-2112,5932.8],[-2073.6,5932.8],[-2073.6,5913.599999999999],[-2035.1999999999998,5913.599999999999],[-2035.1999999999998,5894.4],[-2016,5894.4],[-2016,5875.2],[-1996.8,5875.2],[-1996.8,5856],[-1977.6,5856],[-1977.6,5836.8],[-1900.8,5836.8],[-1900.8,5817.599999999999],[-1881.6,5817.599999999999],[-1881.6,5798.4],[-1824,5798.4],[-1824,5779.2],[-1785.6,5779.2],[-1785.6,5760],[-1766.3999999999999,5760],[-1766.3999999999999,5740.8],[-1747.2,5740.8],[-1747.2,5721.599999999999],[-1728,5721.599999999999],[-1728,5702.4],[-1612.8,5702.4],[-1612.8,5683.2],[-1536,5683.2],[-1536,5664]]]]}},{"type":"Feature","properties":{"kind":"district","id":48,"name":"San Marco Beach"},"geometry":{"type":"MultiPolygon","coordinates":[[[[6566.4,4684.8],[6700.8,4684.8],[6700.8,4704],[6873.599999999999,4704],[6873.599999999999,4723.2],[6969.599999999999,4723.2],[6969.599999999999,4742.4],[7027.2,4742.4],[7027.2,4761.599999999999],[7084.8,4761.599999999999],[7084.8,4780.8],[7161.599999999999,4780.8],[7161.599999999999,4800],[7219.2,4800],[7219.2,4819.2],[7276.8,4819.2],[7276.8,4838.4],[7315.2,4838.4],[7315.2,4857.599999999999],[7353.599999999999,4857.599999999999],[7353.599999999999,4876.8],[7392,4876.8],[7392,4896],[7411.2,4896],[7411.2,4915.2],[7449.599999999999,4915.2],[7449.599999999999,4934.4],[7468.799999999999,4934.4],[7468.799999999999,4953.599999999999],[7507.2,4953.599999999999],[7507.2,4972.8],[7526.4,4972.8],[7526.4,4992],[7564.799999999999,4992],[7564.799999999999,5011.2],[7584,5011.2],[7584,5030.4],[7603.2,5030.4],[7603.2,5049.599999999999],[7622.4,5049.599999999999],[7622.4,5068.8],[7641.599999999999,5068.8],[7641.599999999999,5088],[7680,5088],[7680,5107.2],[7699.2,5107.2],[7699.2,5126.4],[7718.4,5126.4],[7718.4,5145.599999999999],[7737.599999999999,5145.599999999999],[7737.599999999999,5164.8],[7756.799999999999,5164.8],[7756.799999999999,5184],[7795.2,5184],[7795.2,5203.2],[7814.4,5203.2],[7814.4,5222.4],[7833.599999999999,5222.4],[7833.599999999999,5241.599999999999],[7852.799999999999,5241.599999999999],[7852.799999999999,5260.8],[7872,5260.8],[7872,5280],[7891.2,5280],[7891.2,5299.2],[7929.599999999999,5299.2],[7929.599999999999,5318.4],[7948.799999999999,5318.4],[7948.799999999999,5337.599999999999],[7968,5337.599999999999],[7968,5356.8],[7987.2,5356.8],[7987.2,5395.2],[8006.4,5395.2],[8006.4,5433.599999999999],[8025.599999999999,5433.599999999999],[8025.599999999999,5452.8],[8044.799999999999,5452.8],[8044.799999999999,5491.2],[8064,5491.2],[8064,5510.4],[8083.2,5510.4],[8083.2,5548.8],[8102.4,5548.8],[8102.4,5568],[8121.599999999999,5568],[8121.599999999999,5606.4],[8140.799999999999,5606.4],[8140.799999999999,5644.8],[8160,5644.8],[8160,5683.2],[8179.2,5683.2],[8179.2,5702.4],[8198.4,5702.4],[8198.4,5740.8],[8217.6,5740.8],[8217.6,5779.2],[8236.8,5779.2],[8236.8,5817.599999999999],[8256,5817.599999999999],[8256,5856],[8275.199999999999,5856],[8275.199999999999,5875.2],[8294.4,5875.2],[8294.4,5913.599999999999],[8313.6,5913.599999999999],[8313.6,5952],[8332.8,5952],[8332.8,5990.4],[8352,5990.4],[8352,6028.8],[8371.199999999999,6028.8],[8371.199999999999,6048],[8390.4,6048],[8390.4,6086.4],[8409.6,6086.4],[8409.6,6124.8],[8428.8,6124.8],[8428.8,6163.2],[8448,6163.2],[8448,6201.599999999999],[8467.199999999999,6201.599999999999],[8467.199999999999,6259.2],[8486.4,6259.2],[8486.4,6297.599999999999],[8505.6,6297.599999999999],[8505.6,6355.2],[8524.8,6355.2],[8524.8,6374.4],[8544,6374.4],[8544,6412.8],[8563.199999999999,6412.8],[8563.199999999999,6432],[8582.4,6432],[8582.4,6470.4],[8601.6,6470.4],[8601.6,6508.8],[8620.8,6508.8],[8620.8,6528],[8640,6528],[8640,7488],[8582.4,7488],[8582.4,7468.799999999999],[8524.8,7468.799999999999],[8524.8,7449.599999999999],[8467.199999999999,7449.599999999999],[8467.199999999999,7430.4],[8428.8,7430.4],[8428.8,7411.2],[8371.199999999999,7411.2],[8371.199999999999,7392],[8332.8,7392],[8332.8,7372.799999999999],[8275.199999999999,7372.799999999999],[8275.199999999999,7353.599999999999],[8236.8,7353.599999999999],[8236.8,7334.4],[8217.6,7334.4],[8217.6,7315.2],[8179.2,7315.2],[8179.2,7296],[8140.799999999999,7296],[8140.799999999999,7276.8],[8121.599999999999,7276.8],[8121.599999999999,7257.599999999999],[8083.2,7257.599999999999],[8083.2,7238.4],[8064,7238.4],[8064,7219.2],[8025.599999999999,7219.2],[8025.599999999999,7200],[8006.4,7200],[8006.4,7180.8],[7987.2,7180.8],[7987.2,7161.599999999999],[7948.799999999999,7161.599999999999],[7948.799999999999,7142.4],[7929.599999999999,7142.4],[7929.599999999999,7123.2],[7910.4,7123.2],[7910.4,7104],[7891.2,7104],[7891.2,7084.8],[7872,7084.8],[7872,7065.599999999999],[7833.599999999999,7065.599999999999],[7833.599999999999,7046.4],[7814.4,7046.4],[7814.4,7027.2],[7776,7027.2],[7776,7008],[7737.599999999999,7008],[7737.599999999999,6988.8],[7718.4,6988.8],[7718.4,6969.599999999999],[7699.2,6969.599999999999],[7699.2,6950.4],[7660.799999999999,6950.4],[7660.799999999999,6931.2],[7641.599999999999,6931.2],[7641.599999999999,6912],[7622.4,6912],[7622.4,6892.8],[7584,6892.8],[7584,6873.599999999999],[7564.799999999999,6873.599999999999],[7564.799999999999,6854.4],[7526.4,6854.4],[7526.4,6835.2],[7468.799999999999,6835.2],[7468.799999999999,6816],[7449.599999999999,6816],[7449.599999999999,6796.8],[7411.2,6796.8],[7411.2,6777.599999999999],[7372.799999999999,6777.599999999999],[7372.799999999999,6758.4],[7315.2,6758.4],[7315.2,6739.2],[7238.4,6739.2],[7238.4,6720],[7123.2,6720],[7123.2,6700.8],[6912,6700.8],[6912,6681.599999999999],[6547.2,6681.599999999999],[6547.2,6700.8],[6508.8,6700.8],[6508.8,6720],[6451.2,6720],[6451.2,6739.2],[6374.4,6739.2],[6374.4,6758.4],[6220.8,6758.4],[6220.8,6777.599999999999],[6163.2,6777.599999999999],[6163.2,6796.8],[6067.2,6796.8],[6067.2,6816],[6028.8,6816],[6028.8,6835.2],[5894.4,6835.2],[5894.4,6816],[5875.2,6816],[5875.2,6835.2],[5644.8,6835.2],[5644.8,6816],[5606.4,6816],[5606.4,6835.2],[5587.2,6835.2],[5587.2,6816],[5510.4,6816],[5510.4,6835.2],[5491.2,6835.2],[5491.2,6816],[5395.2,6816],[5395.2,6796.8],[5299.2,6796.8],[5299.2,6777.599999999999],[5203.2,6777.599999999999],[5203.2,6758.4],[5164.8,6758.4],[5164.8,6739.2],[5126.4,6739.2],[5126.4,6720],[5088,6720],[5088,6700.8],[5049.599999999999,6700.8],[5049.599999999999,6681.599999999999],[5011.2,6681.599999999999],[5011.2,6662.4],[4992,6662.4],[4992,6643.2],[4953.599999999999,6643.2],[4953.599999999999,6624],[4915.2,6624],[4915.2,6604.8],[4896,6604.8],[4896,6585.599999999999],[4876.8,6585.599999999999],[4876.8,6566.4],[4838.4,6566.4],[4838.4,6547.2],[4819.2,6547.2],[4819.2,6528],[4780.8,6528],[4780.8,6508.8],[4761.599999999999,6508.8],[4761.599999999999,6489.599999999999],[4742.4,6489.599999999999],[4742.4,6470.4],[4723.2,6470.4],[4723.2,6451.2],[4704,6451.2],[4704,6432],[4684.8,6432],[4684.8,6412.8],[4665.599999999999,6412.8],[4665.599999999999,6393.599999999999],[4646.4,6393.599999999999],[4646.4,6374.4],[4608,6374.4],[4608,6355.2],[4588.8,6355.2],[4588.8,6336],[4569.599999999999,6336],[4569.599999999999,6316.8],[4550.4,6316.8],[4550.4,6297.599999999999],[4531.2,6297.599999999999],[4531.2,6278.4],[4512,6278.4],[4512,6220.8],[4531.2,6220.8],[4531.2,6201.599999999999],[4550.4,6201.599999999999],[4550.4,6182.4],[4569.599999999999,6182.4],[4569.599999999999,6163.2],[4588.8,6163.2],[4588.8,6144],[4627.2,6144],[4627.2,6124.8],[4646.4,6124.8],[4646.4,6105.599999999999],[4665.599999999999,6105.599999999999],[4665.599999999999,6086.4],[4684.8,6086.4],[4684.8,6048],[4723.2,6048],[4723.2,6028.8],[4742.4,6028.8],[4742.4,6009.599999999999],[4761.599999999999,6009.599999999999],[4761.599999999999,5990.4],[4780.8,5990.4],[4780.8,5971.2],[4800,5971.2],[4800,5932.8],[4838.4,5932.8],[4838.4,5913.599999999999],[4953.599999999999,5913.599999999999],[4953.599999999999,5932.8],[5011.2,5932.8],[5011.2,5952],[5107.2,5952],[5107.2,5971.2],[5203.2,5971.2],[5203.2,5990.4],[5318.4,5990.4],[5318.4,6009.599999999999],[5414.4,6009.599999999999],[5414.4,6028.8],[5568,6028.8],[5568,6009.599999999999],[5606.4,6009.599999999999],[5606.4,6028.8],[5644.8,6028.8],[5644.8,6009.599999999999],[5664,6009.599999999999],[5664,5990.4],[5702.4,5990.4],[5702.4,5971.2],[5740.8,5971.2],[5740.8,5952],[5779.2,5952],[5779.2,5932.8],[5798.4,5932.8],[5798.4,5913.599999999999],[5836.8,5913.599999999999],[5836.8,5894.4],[5856,5894.4],[5856,5875.2],[5875.2,5875.2],[5875.2,5856],[5913.599999999999,5856],[5913.599999999999,5836.8],[5932.8,5836.8],[5932.8,5817.599999999999],[5971.2,5817.599999999999],[5971.2,5798.4],[5990.4,5798.4],[5990.4,5779.2],[6009.599999999999,5779.2],[6009.599999999999,5721.599999999999],[6028.8,5721.599999999999],[6028.8,5664],[6048,5664],[6048,5625.599999999999],[6067.2,5625.599999999999],[6067.2,5587.2],[6086.4,5587.2],[6086.4,5548.8],[6105.599999999999,5548.8],[6105.599999999999,5510.4],[6124.8,5510.4],[6124.8,5452.8],[6144,5452.8],[6144,5414.4],[6163.2,5414.4],[6163.2,5356.8],[6182.4,5356.8],[6182.4,5299.2],[6201.599999999999,5299.2],[6201.599999999999,5241.599999999999],[6220.8,5241.599999999999],[6220.8,5164.8],[6240,5164.8],[6240,5088],[6259.2,5088],[6259.2,5011.2],[6278.4,5011.2],[6278.4,4953.599999999999],[6297.599999999999,4953.599999999999],[6297.599999999999,4896],[6316.8,4896],[6316.8,4838.4],[6336,4838.4],[6336,4819.2],[6355.2,4819.2],[6355.2,4761.599999999999],[6374.4,4761.599999999999],[6374.4,4742.4],[6393.599999999999,4742.4],[6393.599999999999,4723.2],[6432,4723.2],[6432,4704],[6566.4,4704],[6566.4,4684.8]]]]}},{"type":"Feature","properties":{"kind":"district","id":49,"name":"Santa Maria Island"},"geometry":{"type":"MultiPolygon","coordinates":[[[[864,-6028.8],[1075.2,-6028.8],[1075.2,-6009.599999999999],[1190.3999999999999,-6009.599999999999],[1190.3999999999999,-5990.4],[1228.8,-5990.4],[1228.8,-5971.2],[1248,-5971.2],[1248,-5952],[1267.2,-5952],[1267.2,-5932.8],[1286.3999999999999,-5932.8],[1286.3999999999999,-5913.599999999999],[1305.6,-5913.599999999999],[1305.6,-5856],[1324.8,-5856],[1324.8,-5664],[1305.6,-5664],[1305.6,-5644.8],[1286.3999999999999,-5644.8],[1286.3999999999999,-5606.4],[1267.2,-5606.4],[1267.2,-5587.2],[1248,-5587.2],[1248,-5548.8],[1228.8,-5548.8],[1228.8,-5510.4],[1209.6,-5510.4],[1209.6,-5472],[1190.3999999999999,-5472],[1190.3999999999999,-5433.599999999999],[1171.2,-5433.599999999999],[1171.2,-5414.4],[1152,-5414.4],[1152,-5376],[1132.8,-5376],[1132.8,-5337.599999999999],[1113.6,-5337.599999999999],[1113.6,-5299.2],[1094.3999999999999,-5299.2],[1094.3999999999999,-5280],[1075.2,-5280],[1075.2,-5260.8],[1036.8,-5260.8],[1036.8,-5241.599999999999],[979.1999999999999,-5241.599999999999],[979.1999999999999,-5222.4],[883.1999999999999,-5222.4],[883.1999999999999,-5241.599999999999],[825.6,-5241.599999999999],[825.6,-5260.8],[787.1999999999999,-5260.8],[787.1999999999999,-5280],[748.8,-5280],[748.8,-5299.2],[710.4,-5299.2],[710.4,-5318.4],[672,-5318.4],[672,-5337.599999999999],[652.8,-5337.599999999999],[652.8,-5356.8],[614.4,-5356.8],[614.4,-5376],[595.1999999999999,-5376],[595.1999999999999,-5395.2],[576,-5395.2],[576,-5414.4],[556.8,-5414.4],[556.8,-5433.599999999999],[518.4,-5433.599999999999],[518.4,-5452.8],[499.2,-5452.8],[499.2,-5472],[480,-5472],[480,-5510.4],[460.79999999999995,-5510.4],[460.79999999999995,-5587.2],[480,-5587.2],[480,-5664],[499.2,-5664],[499.2,-5721.599999999999],[518.4,-5721.599999999999],[518.4,-5760],[537.6,-5760],[537.6,-5798.4],[556.8,-5798.4],[556.8,-5836.8],[576,-5836.8],[576,-5856],[595.1999999999999,-5856],[595.1999999999999,-5875.2],[614.4,-5875.2],[614.4,-5894.4],[633.6,-5894.4],[633.6,-5913.599999999999],[672,-5913.599999999999],[672,-5932.8],[710.4,-5932.8],[710.4,-5952],[748.8,-5952],[748.8,-5971.2],[787.1999999999999,-5971.2],[787.1999999999999,-5990.4],[825.6,-5990.4],[825.6,-6009.599999999999],[864,-6009.599999999999],[864,-6028.8]]]]}},{"type":"Feature","properties":{"kind":"district","id":50,"name":"Airport Island"},"geometry":{"type":"MultiPolygon","coordinates":[[[[5971.2,4012.7999999999997],[6316.8,4012.7999999999997],[6316.8,4032],[6393.599999999999,4032],[6393.599999999999,4051.2],[6451.2,4051.2],[6451.2,4070.3999999999996],[6489.599999999999,4070.3999999999996],[6489.599999999999,4089.6],[6508.8,4089.6],[6508.8,4108.8],[6528,4108.8],[6528,4128],[6547.2,4128],[6547.2,4166.4],[6566.4,4166.4],[6566.4,4204.8],[6585.599999999999,4204.8],[6585.599999999999,4339.2],[6566.4,4339.2],[6566.4,4396.8],[6547.2,4396.8],[6547.2,4416],[6528,4416],[6528,4454.4],[6508.8,4454.4],[6508.8,4473.599999999999],[6489.599999999999,4473.599999999999],[6489.599999999999,4492.8],[6470.4,4492.8],[6470.4,4531.2],[6451.2,4531.2],[6451.2,4550.4],[6432,4550.4],[6432,4569.599999999999],[6412.8,4569.599999999999],[6412.8,4588.8],[6393.599999999999,4588.8],[6393.599999999999,4608],[6374.4,4608],[6374.4,4627.2],[6355.2,4627.2],[6355.2,4646.4],[6336,4646.4],[6336,4665.599999999999],[6316.8,4665.599999999999],[6316.8,4684.8],[6297.599999999999,4684.8],[6297.599999999999,4704],[6278.4,4704],[6278.4,4723.2],[6259.2,4723.2],[6259.2,4742.4],[6240,4742.4],[6240,4761.599999999999],[6220.8,4761.599999999999],[6220.8,4780.8],[6182.4,4780.8],[6182.4,4819.2],[6163.2,4819.2],[6163.2,4838.4],[6144,4838.4],[6144,4857.599999999999],[6124.8,4857.599999999999],[6124.8,4876.8],[6105.599999999999,4876.8],[6105.599999999999,4896],[6086.4,4896],[6086.4,4915.2],[6067.2,4915.2],[6067.2,4953.599999999999],[6048,4953.599999999999],[6048,4972.8],[6028.8,4972.8],[6028.8,5011.2],[6009.599999999999,5011.2],[6009.599999999999,5030.4],[5990.4,5030.4],[5990.4,5068.8],[5971.2,5068.8],[5971.2,5107.2],[5952,5107.2],[5952,5145.599999999999],[5932.8,5145.599999999999],[5932.8,5184],[5913.599999999999,5184],[5913.599999999999,5203.2],[5894.4,5203.2],[5894.4,5241.599999999999],[5875.2,5241.599999999999],[5875.2,5260.8],[5856,5260.8],[5856,5299.2],[5836.8,5299.2],[5836.8,5318.4],[5817.599999999999,5318.4],[5817.599999999999,5337.599999999999],[5798.4,5337.599999999999],[5798.4,5376],[5779.2,5376],[5779.2,5395.2],[5760,5395.2],[5760,5414.4],[5740.8,5414.4],[5740.8,5433.599999999999],[5721.599999999999,5433.599999999999],[5721.599999999999,5452.8],[5702.4,5452.8],[5702.4,5472],[5683.2,5472],[5683.2,5491.2],[5664,5491.2],[5664,5510.4],[5644.8,5510.4],[5644.8,5529.599999999999],[5625.599999999999,5529.599999999999],[5625.599999999999,5548.8],[5606.4,5548.8],[5606.4,5568],[5587.2,5568],[5587.2,5587.2],[5548.8,5587.2],[5548.8,5606.4],[5529.599999999999,5606.4],[5529.599999999999,5625.599999999999],[5491.2,5625.599999999999],[5491.2,5644.8],[5452.8,5644.8],[5452.8,5664],[5395.2,5664],[5395.2,5683.2],[5222.4,5683.2],[5222.4,5664],[5164.8,5664],[5164.8,5644.8],[5126.4,5644.8],[5126.4,5625.599999999999],[5107.2,5625.599999999999],[5107.2,5606.4],[5088,5606.4],[5088,5587.2],[5068.8,5587.2],[5068.8,5548.8],[5049.599999999999,5548.8],[5049.599999999999,5529.599999999999],[5030.4,5529.599999999999],[5030.4,5491.2],[5011.2,5491.2],[5011.2,5433.599999999999],[4992,5433.599999999999],[4992,5356.8],[4972.8,5356.8],[4972.8,5126.4],[4992,5126.4],[4992,5030.4],[5011.2,5030.4],[5011.2,4992],[5030.4,4992],[5030.4,4934.4],[5049.599999999999,4934.4],[5049.599999999999,4896],[5068.8,4896],[5068.8,4857.599999999999],[5088,4857.599999999999],[5088,4838.4],[5107.2,4838.4],[5107.2,4819.2],[5126.4,4819.2],[5126.4,4780.8],[5145.599999999999,4780.8],[5145.599999999999,4761.599999999999],[5164.8,4761.599999999999],[5164.8,4742.4],[5184,4742.4],[5184,4723.2],[5203.2,4723.2],[5203.2,4684.8],[5222.4,4684.8],[5222.4,4665.599999999999],[5241.599999999999,4665.599999999999],[5241.599999999999,4646.4],[5260.8,4646.4],[5260.8,4627.2],[5280,4627.2],[5280,4608],[5299.2,4608],[5299.2,4588.8],[5318.4,4588.8],[5318.4,4569.599999999999],[5337.599999999999,4569.599999999999],[5337.599999999999,4550.4],[5356.8,4550.4],[5356.8,4512],[5376,4512],[5376,4492.8],[5395.2,4492.8],[5395.2,4473.599999999999],[5414.4,4473.599999999999],[5414.4,4454.4],[5433.599999999999,4454.4],[5433.599999999999,4416],[5452.8,4416],[5452.8,4396.8],[5472,4396.8],[5472,4358.4],[5491.2,4358.4],[5491.2,4300.8],[5510.4,4300.8],[5510.4,4262.4],[5529.599999999999,4262.4],[5529.599999999999,4243.2],[5548.8,4243.2],[5548.8,4224],[5568,4224],[5568,4204.8],[5587.2,4204.8],[5587.2,4185.599999999999],[5606.4,4185.599999999999],[5606.4,4166.4],[5625.599999999999,4166.4],[5625.599999999999,4147.2],[5664,4147.2],[5664,4128],[5683.2,4128],[5683.2,4108.8],[5721.599999999999,4108.8],[5721.599999999999,4089.6],[5779.2,4089.6],[5779.2,4070.3999999999996],[5836.8,4070.3999999999996],[5836.8,4051.2],[5894.4,4051.2],[5894.4,4032],[5971.2,4032],[5971.2,4012.7999999999997]]]]}},{"type":"Feature","properties":{"kind":"district","id":51,"name":"Alcatraz Island"},"geometry":{"type":"MultiPolygon","coordinates":[[[[6700.8,-2764.7999999999997],[6796.8,-2764.7999999999997],[6796.8,-2745.6],[6854.4,-2745.6],[6854.4,-2726.4],[6892.8,-2726.4],[6892.8,-2707.2],[6912,-2707.2],[6912,-2668.7999999999997],[6931.2,-2668.7999999999997],[6931.2,-2649.6],[6950.4,-2649.6],[6950.4,-2611.2],[6969.599999999999,-2611.2],[6969.599999999999,-2457.6],[6950.4,-2457.6],[6950.4,-2419.2],[6931.2,-2419.2],[6931.2,-2400],[6912,-2400],[6912,-2380.7999999999997],[6892.8,-2380.7999999999997],[6892.8,-2361.6],[6854.4,-2361.6],[6854.4,-2342.4],[6816,-2342.4],[6816,-2323.2],[6681.599999999999,-2323.2],[6681.599999999999,-2342.4],[6643.2,-2342.4],[6643.2,-2361.6],[6624,-2361.6],[6624,-2380.7999999999997],[6604.8,-2380.7999999999997],[6604.8,-2400],[6585.599999999999,-2400],[6585.599999999999,-2419.2],[6547.2,-2419.2],[6547.2,-2457.6],[6528,-2457.6],[6528,-2496],[6508.8,-2496],[6508.8,-2630.4],[6528,-2630.4],[6528,-2668.7999999999997],[6547.2,-2668.7999999999997],[6547.2,-2688],[6566.4,-2688],[6566.4,-2707.2],[6604.8,-2707.2],[6604.8,-2726.4],[6643.2,-2726.4],[6643.2,-2745.6],[6700.8,-2745.6],[6700.8,-2764.7999999999997]]]]}},{"type":"Feature","properties":{"kind":"district","id":52,"name":"Redwood Acres"},"geometry":{"type":"MultiPolygon","coordinates":[[[[-2246.4,4819.2],[-2208,4819.2],[-2208,4838.4],[-2131.2,4838.4],[-2131.2,4857.599999999999],[-2092.7999999999997,4857.599999999999],[-2092.7999999999997,4876.8],[-2054.4,4876.8],[-2054.4,4857.599999999999],[-1996.8,4857.599999999999],[-1996.8,4876.8],[-1977.6,4876.8],[-1977.6,4896],[-1958.3999999999999,4896],[-1958.3999999999999,4934.4],[-1920,4934.4],[-1920,5049.599999999999],[-1900.8,5049.599999999999],[-1900.8,5088],[-1881.6,5088],[-1881.6,5107.2],[-1862.3999999999999,5107.2],[-1862.3999999999999,5126.4],[-1900.8,5126.4],[-1900.8,5145.599999999999],[-1920,5145.599999999999],[-1920,5164.8],[-1977.6,5164.8],[-1977.6,5184],[-1996.8,5184],[-1996.8,5164.8],[-2035.1999999999998,5164.8],[-2035.1999999999998,5145.599999999999],[-2054.4,5145.599999999999],[-2054.4,5126.4],[-2073.6,5126.4],[-2073.6,5088],[-2092.7999999999997,5088],[-2092.7999999999997,5068.8],[-2112,5068.8],[-2112,5049.599999999999],[-2150.4,5049.599999999999],[-2150.4,5068.8],[-2208,5068.8],[-2208,5088],[-2227.2,5088],[-2227.2,5107.2],[-2246.4,5107.2],[-2246.4,5126.4],[-2265.6,5126.4],[-2265.6,5145.599999999999],[-2284.7999999999997,5145.599999999999],[-2284.7999999999997,5164.8],[-2304,5164.8],[-2304,5184],[-2342.4,5184],[-2342.4,5203.2],[-2400,5203.2],[-2400,5222.4],[-2476.7999999999997,5222.4],[-2476.7999999999997,5241.599999999999],[-2515.2,5241.599999999999],[-2515.2,5260.8],[-2553.6,5260.8],[-2553.6,5280],[-2592,5280],[-2592,5318.4],[-2611.2,5318.4],[-2611.2,5337.599999999999],[-2630.4,5337.599999999999],[-2630.4,5376],[-2649.6,5376],[-2649.6,5414.4],[-2668.7999999999997,5414.4],[-2668.7999999999997,5433.599999999999],[-2688,5433.599999999999],[-2688,5452.8],[-2784,5452.8],[-2784,5433.599999999999],[-2803.2,5433.599999999999],[-2803.2,5414.4],[-2822.4,5414.4],[-2822.4,5376],[-2860.7999999999997,5376],[-2860.7999999999997,5356.8],[-2880,5356.8],[-2880,5337.599999999999],[-2899.2,5337.599999999999],[-2899.2,5318.4],[-2918.4,5318.4],[-2918.4,5299.2],[-2937.6,5299.2],[-2937.6,5280],[-2956.7999999999997,5280],[-2956.7999999999997,5241.599999999999],[-2995.2,5241.599999999999],[-2995.2,5222.4],[-3014.4,5222.4],[-3014.4,5203.2],[-3033.6,5203.2],[-3033.6,5184],[-3052.7999999999997,5184],[-3052.7999999999997,5164.8],[-3072,5164.8],[-3072,5126.4],[-3091.2,5126.4],[-3091.2,5107.2],[-3110.4,5107.2],[-3110.4,5068.8],[-3091.2,5068.8],[-3091.2,5049.599999999999],[-3052.7999999999997,5049.599999999999],[-3052.7999999999997,5030.4],[-2995.2,5030.4],[-2995.2,5011.2],[-2899.2,5011.2],[-2899.2,4992],[-2841.6,4992],[-2841.6,4972.8],[-2764.7999999999997,4972.8],[-2764.7999999999997,4953.599999999999],[-2668.7999999999997,4953.599999999999],[-2668.7999999999997,4934.4],[-2592,4934.4],[-2592,4915.2],[-2534.4,4915.2],[-2534.4,4896],[-2515.2,4896],[-2515.2,4876.8],[-2496,4876.8],[-2496,4857.599999999999],[-2476.7999999999997,4857.599999999999],[-2476.7999999999997,4838.4],[-2246.4,4838.4],[-2246.4,4819.2]]]]}},{"type":"Feature","properties":{"kind":"district","id":53,"name":"Redwood Hills"},"geometry":{"type":"MultiPolygon","coordinates":[[[[-1516.8,4800],[-1459.2,4800],[-1459.2,4819.2],[-1324.8,4819.2],[-1324.8,4838.4],[-1286.3999999999999,4838.4],[-1286.3999999999999,4819.2],[-1056,4819.2],[-1056,4838.4],[-902.4,4838.4],[-902.4,4857.599999999999],[-883.1999999999999,4857.599999999999],[-883.1999999999999,4876.8],[-806.4,4876.8],[-806.4,4896],[-787.1999999999999,4896],[-787.1999999999999,4915.2],[-710.4,4915.2],[-710.4,4934.4],[-652.8,4934.4],[-652.8,4953.599999999999],[-595.1999999999999,4953.599999999999],[-595.1999999999999,4972.8],[-518.4,4972.8],[-518.4,4992],[-460.79999999999995,4992],[-460.79999999999995,5011.2],[-403.2,5011.2],[-403.2,5030.4],[-384,5030.4],[-384,5049.599999999999],[-364.8,5049.599999999999],[-364.8,5088],[-384,5088],[-384,5164.8],[-403.2,5164.8],[-403.2,5337.599999999999],[-422.4,5337.599999999999],[-422.4,5433.599999999999],[-441.59999999999997,5433.599999999999],[-441.59999999999997,5568],[-460.79999999999995,5568],[-460.79999999999995,5587.2],[-441.59999999999997,5587.2],[-441.59999999999997,5606.4],[-460.79999999999995,5606.4],[-460.79999999999995,5644.8],[-480,5644.8],[-480,5664],[-499.2,5664],[-499.2,5644.8],[-595.1999999999999,5644.8],[-595.1999999999999,5625.599999999999],[-614.4,5625.599999999999],[-614.4,5606.4],[-691.1999999999999,5606.4],[-691.1999999999999,5625.599999999999],[-748.8,5625.599999999999],[-748.8,5606.4],[-844.8,5606.4],[-844.8,5587.2],[-960,5587.2],[-960,5568],[-998.4,5568],[-998.4,5548.8],[-1248,5548.8],[-1248,5529.599999999999],[-1286.3999999999999,5529.599999999999],[-1286.3999999999999,5510.4],[-1324.8,5510.4],[-1324.8,5491.2],[-1363.2,5491.2],[-1363.2,5433.599999999999],[-1401.6,5433.599999999999],[-1401.6,5414.4],[-1420.8,5414.4],[-1420.8,5395.2],[-1440,5395.2],[-1440,5376],[-1459.2,5376],[-1459.2,5356.8],[-1516.8,5356.8],[-1516.8,5337.599999999999],[-1536,5337.599999999999],[-1536,5318.4],[-1555.2,5318.4],[-1555.2,5299.2],[-1574.3999999999999,5299.2],[-1574.3999999999999,5280],[-1612.8,5280],[-1612.8,5260.8],[-1632,5260.8],[-1632,5241.599999999999],[-1651.2,5241.599999999999],[-1651.2,5222.4],[-1689.6,5222.4],[-1689.6,5203.2],[-1728,5203.2],[-1728,5184],[-1766.3999999999999,5184],[-1766.3999999999999,5164.8],[-1843.1999999999998,5164.8],[-1843.1999999999998,5126.4],[-1862.3999999999999,5126.4],[-1862.3999999999999,5107.2],[-1881.6,5107.2],[-1881.6,5088],[-1900.8,5088],[-1900.8,5049.599999999999],[-1920,5049.599999999999],[-1920,4915.2],[-1900.8,4915.2],[-1900.8,4896],[-1881.6,4896],[-1881.6,4876.8],[-1785.6,4876.8],[-1785.6,4857.599999999999],[-1747.2,4857.599999999999],[-1747.2,4838.4],[-1670.3999999999999,4838.4],[-1670.3999999999999,4819.2],[-1516.8,4819.2],[-1516.8,4800]]]]}},{"type":"Feature","properties":{"kind":"district","id":54,"name":"East Gatwick"},"geometry":{"type":"MultiPolygon","coordinates":[[[[-1094.3999999999999,-691.1999999999999],[-979.1999999999999,-691.1999999999999],[-979.1999999999999,-672],[-960,-672],[-960,-652.8],[-940.8,-652.8],[-940.8,-633.6],[-902.4,-633.6],[-902.4,-614.4],[-883.1999999999999,-614.4],[-883.1999999999999,-595.1999999999999],[-864,-595.1999999999999],[-864,-576],[-844.8,-576],[-844.8,-556.8],[-825.6,-556.8],[-825.6,-537.6],[-806.4,-537.6],[-806.4,-480],[-787.1999999999999,-480],[-787.1999999999999,-441.59999999999997],[-806.4,-441.59999999999997],[-806.4,-422.4],[-825.6,-422.4],[-825.6,-384],[-844.8,-384],[-844.8,-364.8],[-864,-364.8],[-864,-345.59999999999997],[-883.1999999999999,-345.59999999999997],[-883.1999999999999,-326.4],[-902.4,-326.4],[-902.4,-288],[-921.5999999999999,-288],[-921.5999999999999,-249.6],[-940.8,-249.6],[-940.8,-211.2],[-960,-211.2],[-960,-153.6],[-979.1999999999999,-153.6],[-979.1999999999999,-115.19999999999999],[-998.4,-115.19999999999999],[-998.4,-57.599999999999994],[-1017.5999999999999,-57.599999999999994],[-1017.5999999999999,19.2],[-1036.8,19.2],[-1036.8,153.6],[-1056,153.6],[-1056,172.79999999999998],[-1075.2,172.79999999999998],[-1075.2,153.6],[-1094.3999999999999,153.6],[-1094.3999999999999,134.4],[-1113.6,134.4],[-1113.6,115.19999999999999],[-1132.8,115.19999999999999],[-1132.8,96],[-1152,96],[-1152,76.8],[-1171.2,76.8],[-1171.2,38.4],[-1190.3999999999999,38.4],[-1190.3999999999999,19.2],[-1209.6,19.2],[-1209.6,0],[-1228.8,0],[-1228.8,-19.2],[-1248,-19.2],[-1248,-38.4],[-1267.2,-38.4],[-1267.2,-57.599999999999994],[-1286.3999999999999,-57.599999999999994],[-1286.3999999999999,-96],[-1305.6,-96],[-1305.6,-134.4],[-1324.8,-134.4],[-1324.8,-172.79999999999998],[-1344,-172.79999999999998],[-1344,-192],[-1363.2,-192],[-1363.2,-249.6],[-1382.3999999999999,-249.6],[-1382.3999999999999,-268.8],[-1401.6,-268.8],[-1401.6,-326.4],[-1382.3999999999999,-326.4],[-1382.3999999999999,-403.2],[-1363.2,-403.2],[-1363.2,-422.4],[-1344,-422.4],[-1344,-441.59999999999997],[-1324.8,-441.59999999999997],[-1324.8,-460.79999999999995],[-1305.6,-460.79999999999995],[-1305.6,-480],[-1286.3999999999999,-480],[-1286.3999999999999,-499.2],[-1267.2,-499.2],[-1267.2,-537.6],[-1248,-537.6],[-1248,-556.8],[-1228.8,-556.8],[-1228.8,-576],[-1209.6,-576],[-1209.6,-595.1999999999999],[-1190.3999999999999,-595.1999999999999],[-1190.3999999999999,-614.4],[-1171.2,-614.4],[-1171.2,-633.6],[-1152,-633.6],[-1152,-652.8],[-1132.8,-652.8],[-1132.8,-672],[-1094.3999999999999,-672],[-1094.3999999999999,-691.1999999999999]]]]}},{"type":"Feature","properties":{"kind":"district","id":55,"name":"Hegewisch"},"geometry":{"type":"MultiPolygon","coordinates":[[[[-384,5030.4],[-288,5030.4],[-288,5049.599999999999],[-230.39999999999998,5049.599999999999],[-230.39999999999998,5068.8],[-134.4,5068.8],[-134.4,5088],[-38.4,5088],[-38.4,5107.2],[153.6,5107.2],[153.6,5126.4],[249.6,5126.4],[249.6,5107.2],[633.6,5107.2],[633.6,5088],[806.4,5088],[806.4,5126.4],[825.6,5126.4],[825.6,5260.8],[844.8,5260.8],[844.8,5433.599999999999],[825.6,5433.599999999999],[825.6,5472],[806.4,5472],[806.4,5491.2],[787.1999999999999,5491.2],[787.1999999999999,5510.4],[768,5510.4],[768,5529.599999999999],[748.8,5529.599999999999],[748.8,5548.8],[729.6,5548.8],[729.6,5568],[710.4,5568],[710.4,5587.2],[652.8,5587.2],[652.8,5606.4],[537.6,5606.4],[537.6,5625.599999999999],[441.59999999999997,5625.599999999999],[441.59999999999997,5606.4],[153.6,5606.4],[153.6,5625.599999999999],[-76.8,5625.599999999999],[-76.8,5644.8],[-211.2,5644.8],[-211.2,5625.599999999999],[-326.4,5625.599999999999],[-326.4,5644.8],[-460.79999999999995,5644.8],[-460.79999999999995,5606.4],[-441.59999999999997,5606.4],[-441.59999999999997,5587.2],[-460.79999999999995,5587.2],[-460.79999999999995,5568],[-441.59999999999997,5568],[-441.59999999999997,5433.599999999999],[-422.4,5433.599999999999],[-422.4,5337.599999999999],[-403.2,5337.599999999999],[-403.2,5164.8],[-384,5164.8],[-384,5088],[-364.8,5088],[-364.8,5049.599999999999],[-384,5049.599999999999],[-384,5030.4]]]]}},{"type":"Feature","properties":{"kind":"district","id":56,"name":"Riverdale"},"geometry":{"type":"MultiPolygon","coordinates":[[[[576,4684.8],[748.8,4684.8],[748.8,4704],[768,4704],[768,4761.599999999999],[787.1999999999999,4761.599999999999],[787.1999999999999,4915.2],[806.4,4915.2],[806.4,4934.4],[787.1999999999999,4934.4],[787.1999999999999,4953.599999999999],[806.4,4953.599999999999],[806.4,5068.8],[787.1999999999999,5068.8],[787.1999999999999,5088],[633.6,5088],[633.6,5107.2],[249.6,5107.2],[249.6,5126.4],[153.6,5126.4],[153.6,5107.2],[-38.4,5107.2],[-38.4,5088],[-134.4,5088],[-134.4,5068.8],[-230.39999999999998,5068.8],[-230.39999999999998,5049.599999999999],[-288,5049.599999999999],[-288,5030.4],[-403.2,5030.4],[-403.2,5011.2],[-460.79999999999995,5011.2],[-460.79999999999995,4992],[-518.4,4992],[-518.4,4972.8],[-595.1999999999999,4972.8],[-595.1999999999999,4953.599999999999],[-652.8,4953.599999999999],[-652.8,4934.4],[-710.4,4934.4],[-710.4,4915.2],[-768,4915.2],[-768,4896],[-748.8,4896],[-748.8,4819.2],[-768,4819.2],[-768,4800],[-748.8,4800],[-748.8,4761.599999999999],[-729.6,4761.599999999999],[-729.6,4742.4],[-710.4,4742.4],[-710.4,4723.2],[-652.8,4723.2],[-652.8,4704],[-595.1999999999999,4704],[-595.1999999999999,4723.2],[-537.6,4723.2],[-537.6,4704],[-499.2,4704],[-499.2,4723.2],[-403.2,4723.2],[-403.2,4704],[-230.39999999999998,4704],[-230.39999999999998,4723.2],[-192,4723.2],[-192,4704],[-172.79999999999998,4704],[-172.79999999999998,4723.2],[-153.6,4723.2],[-153.6,4704],[192,4704],[192,4723.2],[211.2,4723.2],[211.2,4704],[576,4704],[576,4684.8]]]]}},{"type":"Feature","properties":{"kind":"district","id":57,"name":"Acadia Hills"},"geometry":{"type":"MultiPolygon","coordinates":[[[[2937.6,960],[2956.7999999999997,960],[2956.7999999999997,979.1999999999999],[3033.6,979.1999999999999],[3033.6,998.4],[3091.2,998.4],[3091.2,1017.5999999999999],[3302.4,1017.5999999999999],[3302.4,998.4],[3340.7999999999997,998.4],[3340.7999999999997,1017.5999999999999],[3398.4,1017.5999999999999],[3398.4,1036.8],[3436.7999999999997,1036.8],[3436.7999999999997,1056],[3475.2,1056],[3475.2,1132.8],[3494.4,1132.8],[3494.4,1190.3999999999999],[3513.6,1190.3999999999999],[3513.6,1248],[3532.7999999999997,1248],[3532.7999999999997,1305.6],[3552,1305.6],[3552,1363.2],[3532.7999999999997,1363.2],[3532.7999999999997,1382.3999999999999],[3494.4,1382.3999999999999],[3494.4,1401.6],[3456,1401.6],[3456,1420.8],[3436.7999999999997,1420.8],[3436.7999999999997,1440],[3417.6,1440],[3417.6,1459.2],[3398.4,1459.2],[3398.4,1478.3999999999999],[3379.2,1478.3999999999999],[3379.2,1497.6],[3360,1497.6],[3360,1516.8],[3340.7999999999997,1516.8],[3340.7999999999997,1536],[3321.6,1536],[3321.6,1555.2],[3302.4,1555.2],[3302.4,1574.3999999999999],[3283.2,1574.3999999999999],[3283.2,1612.8],[3264,1612.8],[3264,1632],[3244.7999999999997,1632],[3244.7999999999997,1670.3999999999999],[3225.6,1670.3999999999999],[3225.6,1708.8],[3206.4,1708.8],[3206.4,1728],[3187.2,1728],[3187.2,1766.3999999999999],[3168,1766.3999999999999],[3168,1804.8],[3148.7999999999997,1804.8],[3148.7999999999997,1843.1999999999998],[3129.6,1843.1999999999998],[3129.6,1881.6],[3110.4,1881.6],[3110.4,1900.8],[3052.7999999999997,1900.8],[3052.7999999999997,1920],[2995.2,1920],[2995.2,1939.1999999999998],[2976,1939.1999999999998],[2976,1920],[2956.7999999999997,1920],[2956.7999999999997,1900.8],[2899.2,1900.8],[2899.2,1881.6],[2860.7999999999997,1881.6],[2860.7999999999997,1862.3999999999999],[2822.4,1862.3999999999999],[2822.4,1843.1999999999998],[2803.2,1843.1999999999998],[2803.2,1824],[2764.7999999999997,1824],[2764.7999999999997,1804.8],[2745.6,1804.8],[2745.6,1785.6],[2688,1785.6],[2688,1689.6],[2668.7999999999997,1689.6],[2668.7999999999997,1651.2],[2649.6,1651.2],[2649.6,1612.8],[2630.4,1612.8],[2630.4,1574.3999999999999],[2611.2,1574.3999999999999],[2611.2,1555.2],[2592,1555.2],[2592,1536],[2572.7999999999997,1536],[2572.7999999999997,1516.8],[2400,1516.8],[2400,1497.6],[2380.7999999999997,1497.6],[2380.7999999999997,1478.3999999999999],[2361.6,1478.3999999999999],[2361.6,1440],[2323.2,1440],[2323.2,1420.8],[2342.4,1420.8],[2342.4,1382.3999999999999],[2361.6,1382.3999999999999],[2361.6,1344],[2380.7999999999997,1344],[2380.7999999999997,1248],[2400,1248],[2400,1190.3999999999999],[2419.2,1190.3999999999999],[2419.2,1171.2],[2438.4,1171.2],[2438.4,1132.8],[2476.7999999999997,1132.8],[2476.7999999999997,1113.6],[2496,1113.6],[2496,1094.3999999999999],[2534.4,1094.3999999999999],[2534.4,1075.2],[2592,1075.2],[2592,1056],[2649.6,1056],[2649.6,1036.8],[2707.2,1036.8],[2707.2,1017.5999999999999],[2784,1017.5999999999999],[2784,998.4],[2860.7999999999997,998.4],[2860.7999999999997,979.1999999999999],[2937.6,979.1999999999999],[2937.6,960]]]]}},{"type":"Feature","properties":{"kind":"district","id":58,"name":"West End"},"geometry":{"type":"MultiPolygon","coordinates":[[[[2841.6,-633.6],[2899.2,-633.6],[2899.2,-614.4],[2937.6,-614.4],[2937.6,-595.1999999999999],[2956.7999999999997,-595.1999999999999],[2956.7999999999997,-576],[2976,-576],[2976,-537.6],[2995.2,-537.6],[2995.2,-499.2],[3014.4,-499.2],[3014.4,-441.59999999999997],[2995.2,-441.59999999999997],[2995.2,-403.2],[2976,-403.2],[2976,-364.8],[2956.7999999999997,-364.8],[2956.7999999999997,-326.4],[2937.6,-326.4],[2937.6,-307.2],[2918.4,-307.2],[2918.4,-288],[2899.2,-288],[2899.2,-268.8],[2880,-268.8],[2880,-230.39999999999998],[2860.7999999999997,-230.39999999999998],[2860.7999999999997,-211.2],[2841.6,-211.2],[2841.6,-38.4],[2860.7999999999997,-38.4],[2860.7999999999997,19.2],[2880,19.2],[2880,96],[2899.2,96],[2899.2,134.4],[2880,134.4],[2880,172.79999999999998],[2860.7999999999997,172.79999999999998],[2860.7999999999997,192],[2841.6,192],[2841.6,211.2],[2803.2,211.2],[2803.2,230.39999999999998],[2764.7999999999997,230.39999999999998],[2764.7999999999997,249.6],[2726.4,249.6],[2726.4,230.39999999999998],[2707.2,230.39999999999998],[2707.2,192],[2688,192],[2688,134.4],[2668.7999999999997,134.4],[2668.7999999999997,96],[2649.6,96],[2649.6,57.599999999999994],[2630.4,57.599999999999994],[2630.4,0],[2611.2,0],[2611.2,-38.4],[2592,-38.4],[2592,-57.599999999999994],[2553.6,-57.599999999999994],[2553.6,-96],[2534.4,-96],[2534.4,-134.4],[2515.2,-134.4],[2515.2,-153.6],[2534.4,-153.6],[2534.4,-172.79999999999998],[2515.2,-172.79999999999998],[2515.2,-211.2],[2496,-211.2],[2496,-268.8],[2476.7999999999997,-268.8],[2476.7999999999997,-307.2],[2457.6,-307.2],[2457.6,-364.8],[2438.4,-364.8],[2438.4,-422.4],[2419.2,-422.4],[2419.2,-499.2],[2457.6,-499.2],[2457.6,-518.4],[2515.2,-518.4],[2515.2,-537.6],[2572.7999999999997,-537.6],[2572.7999999999997,-556.8],[2611.2,-556.8],[2611.2,-576],[2668.7999999999997,-576],[2668.7999999999997,-595.1999999999999],[2784,-595.1999999999999],[2784,-576],[2841.6,-576],[2841.6,-633.6]]]]}},{"type":"Feature","properties":{"kind":"district","id":59,"name":"Westminster"},"geometry":{"type":"MultiPolygon","coordinates":[[[[2745.6,-1363.2],[2764.7999999999997,-1363.2],[2764.7999999999997,-1344],[2784,-1344],[2784,-1248],[2803.2,-1248],[2803.2,-1190.3999999999999],[2784,-1190.3999999999999],[2784,-1132.8],[2803.2,-1132.8],[2803.2,-979.1999999999999],[2822.4,-979.1999999999999],[2822.4,-921.5999999999999],[2841.6,-921.5999999999999],[2841.6,-844.8],[2860.7999999999997,-844.8],[2860.7999999999997,-806.4],[2880,-806.4],[2880,-748.8],[2899.2,-748.8],[2899.2,-710.4],[2918.4,-710.4],[2918.4,-672],[2937.6,-672],[2937.6,-614.4],[2899.2,-614.4],[2899.2,-633.6],[2841.6,-633.6],[2841.6,-576],[2784,-576],[2784,-595.1999999999999],[2668.7999999999997,-595.1999999999999],[2668.7999999999997,-576],[2611.2,-576],[2611.2,-556.8],[2572.7999999999997,-556.8],[2572.7999999999997,-537.6],[2515.2,-537.6],[2515.2,-518.4],[2457.6,-518.4],[2457.6,-499.2],[2419.2,-499.2],[2419.2,-422.4],[2438.4,-422.4],[2438.4,-364.8],[2457.6,-364.8],[2457.6,-307.2],[2476.7999999999997,-307.2],[2476.7999999999997,-268.8],[2496,-268.8],[2496,-211.2],[2515.2,-211.2],[2515.2,-172.79999999999998],[2534.4,-172.79999999999998],[2534.4,-153.6],[2515.2,-153.6],[2515.2,-134.4],[2534.4,-134.4],[2534.4,-96],[2553.6,-96],[2553.6,-57.599999999999994],[2592,-57.599999999999994],[2592,-38.4],[2611.2,-38.4],[2611.2,0],[2630.4,0],[2630.4,57.599999999999994],[2649.6,57.599999999999994],[2649.6,96],[2668.7999999999997,96],[2668.7999999999997,134.4],[2688,134.4],[2688,192],[2707.2,192],[2707.2,230.39999999999998],[2726.4,230.39999999999998],[2726.4,249.6],[2745.6,249.6],[2745.6,268.8],[2707.2,268.8],[2707.2,288],[2688,288],[2688,307.2],[2649.6,307.2],[2649.6,326.4],[2630.4,326.4],[2630.4,345.59999999999997],[2611.2,345.59999999999997],[2611.2,364.8],[2572.7999999999997,364.8],[2572.7999999999997,384],[2515.2,384],[2515.2,403.2],[2496,403.2],[2496,422.4],[2457.6,422.4],[2457.6,441.59999999999997],[2380.7999999999997,441.59999999999997],[2380.7999999999997,422.4],[2361.6,422.4],[2361.6,384],[2342.4,384],[2342.4,307.2],[2323.2,307.2],[2323.2,249.6],[2304,249.6],[2304,192],[2284.7999999999997,192],[2284.7999999999997,153.6],[2265.6,153.6],[2265.6,134.4],[2246.4,134.4],[2246.4,115.19999999999999],[2227.2,115.19999999999999],[2227.2,96],[2208,96],[2208,-19.2],[2188.7999999999997,-19.2],[2188.7999999999997,-57.599999999999994],[2169.6,-57.599999999999994],[2169.6,-115.19999999999999],[2150.4,-115.19999999999999],[2150.4,-192],[2131.2,-192],[2131.2,-249.6],[2112,-249.6],[2112,-307.2],[2092.7999999999997,-307.2],[2092.7999999999997,-345.59999999999997],[2073.6,-345.59999999999997],[2073.6,-403.2],[2054.4,-403.2],[2054.4,-441.59999999999997],[2035.1999999999998,-441.59999999999997],[2035.1999999999998,-480],[2016,-480],[2016,-518.4],[1996.8,-518.4],[1996.8,-576],[1977.6,-576],[1977.6,-633.6],[1958.3999999999999,-633.6],[1958.3999999999999,-691.1999999999999],[1939.1999999999998,-691.1999999999999],[1939.1999999999998,-729.6],[1920,-729.6],[1920,-768],[1900.8,-768],[1900.8,-806.4],[1881.6,-806.4],[1881.6,-825.6],[1862.3999999999999,-825.6],[1862.3999999999999,-844.8],[1881.6,-844.8],[1881.6,-864],[1862.3999999999999,-864],[1862.3999999999999,-921.5999999999999],[1881.6,-921.5999999999999],[1881.6,-940.8],[1900.8,-940.8],[1900.8,-960],[1958.3999999999999,-960],[1958.3999999999999,-979.1999999999999],[1996.8,-979.1999999999999],[1996.8,-998.4],[2035.1999999999998,-998.4],[2035.1999999999998,-1017.5999999999999],[2073.6,-1017.5999999999999],[2073.6,-1036.8],[2112,-1036.8],[2112,-1056],[2131.2,-1056],[2131.2,-1075.2],[2169.6,-1075.2],[2169.6,-1094.3999999999999],[2227.2,-1094.3999999999999],[2227.2,-1113.6],[2265.6,-1113.6],[2265.6,-1132.8],[2304,-1132.8],[2304,-1152],[2342.4,-1152],[2342.4,-1171.2],[2380.7999999999997,-1171.2],[2380.7999999999997,-1190.3999999999999],[2400,-1190.3999999999999],[2400,-1209.6],[2438.4,-1209.6],[2438.4,-1228.8],[2496,-1228.8],[2496,-1248],[2515.2,-1248],[2515.2,-1267.2],[2572.7999999999997,-1267.2],[2572.7999999999997,-1305.6],[2592,-1305.6],[2592,-1324.8],[2668.7999999999997,-1324.8],[2668.7999999999997,-1344],[2745.6,-1344],[2745.6,-1363.2]]]]}},{"type":"Feature","properties":{"kind":"district","id":60,"name":"Acadiana"},"geometry":{"type":"MultiPolygon","coordinates":[[[[3763.2,940.8],[3801.6,940.8],[3801.6,960],[3840,960],[3840,940.8],[4262.4,940.8],[4262.4,960],[4300.8,960],[4300.8,979.1999999999999],[4320,979.1999999999999],[4320,998.4],[4339.2,998.4],[4339.2,1017.5999999999999],[4358.4,1017.5999999999999],[4358.4,1056],[4377.599999999999,1056],[4377.599999999999,1075.2],[4358.4,1075.2],[4358.4,1132.8],[4339.2,1132.8],[4339.2,1152],[4320,1152],[4320,1171.2],[4300.8,1171.2],[4300.8,1190.3999999999999],[4281.599999999999,1190.3999999999999],[4281.599999999999,1209.6],[4262.4,1209.6],[4262.4,1228.8],[4243.2,1228.8],[4243.2,1248],[4224,1248],[4224,1267.2],[4204.8,1267.2],[4204.8,1286.3999999999999],[4185.599999999999,1286.3999999999999],[4185.599999999999,1305.6],[4166.4,1305.6],[4166.4,1324.8],[4147.2,1324.8],[4147.2,1344],[4128,1344],[4128,1382.3999999999999],[4108.8,1382.3999999999999],[4108.8,1401.6],[4089.6,1401.6],[4089.6,1420.8],[4070.3999999999996,1420.8],[4070.3999999999996,1440],[4051.2,1440],[4051.2,1459.2],[4032,1459.2],[4032,1478.3999999999999],[4012.7999999999997,1478.3999999999999],[4012.7999999999997,1497.6],[3993.6,1497.6],[3993.6,1516.8],[3955.2,1516.8],[3955.2,1555.2],[3936,1555.2],[3936,1574.3999999999999],[3897.6,1574.3999999999999],[3897.6,1612.8],[3878.3999999999996,1612.8],[3878.3999999999996,1632],[3859.2,1632],[3859.2,1651.2],[3840,1651.2],[3840,1670.3999999999999],[3820.7999999999997,1670.3999999999999],[3820.7999999999997,1689.6],[3801.6,1689.6],[3801.6,1708.8],[3782.3999999999996,1708.8],[3782.3999999999996,1728],[3763.2,1728],[3763.2,1766.3999999999999],[3744,1766.3999999999999],[3744,1785.6],[3724.7999999999997,1785.6],[3724.7999999999997,1804.8],[3705.6,1804.8],[3705.6,1843.1999999999998],[3686.3999999999996,1843.1999999999998],[3686.3999999999996,1862.3999999999999],[3667.2,1862.3999999999999],[3667.2,1881.6],[3628.7999999999997,1881.6],[3628.7999999999997,1900.8],[3609.6,1900.8],[3609.6,1920],[3590.4,1920],[3590.4,1939.1999999999998],[3571.2,1939.1999999999998],[3571.2,1958.3999999999999],[3552,1958.3999999999999],[3552,1996.8],[3513.6,1996.8],[3513.6,2016],[3494.4,2016],[3494.4,2035.1999999999998],[3475.2,2035.1999999999998],[3475.2,2073.6],[3456,2073.6],[3456,2092.7999999999997],[3436.7999999999997,2092.7999999999997],[3436.7999999999997,2112],[3398.4,2112],[3398.4,2131.2],[3379.2,2131.2],[3379.2,2150.4],[3340.7999999999997,2150.4],[3340.7999999999997,2169.6],[3187.2,2169.6],[3187.2,2188.7999999999997],[3129.6,2188.7999999999997],[3129.6,2208],[2995.2,2208],[2995.2,2188.7999999999997],[2956.7999999999997,2188.7999999999997],[2956.7999999999997,2073.6],[2976,2073.6],[2976,1977.6],[2995.2,1977.6],[2995.2,1920],[3052.7999999999997,1920],[3052.7999999999997,1900.8],[3110.4,1900.8],[3110.4,1881.6],[3129.6,1881.6],[3129.6,1843.1999999999998],[3148.7999999999997,1843.1999999999998],[3148.7999999999997,1804.8],[3168,1804.8],[3168,1766.3999999999999],[3187.2,1766.3999999999999],[3187.2,1728],[3206.4,1728],[3206.4,1708.8],[3225.6,1708.8],[3225.6,1670.3999999999999],[3244.7999999999997,1670.3999999999999],[3244.7999999999997,1632],[3264,1632],[3264,1612.8],[3283.2,1612.8],[3283.2,1574.3999999999999],[3302.4,1574.3999999999999],[3302.4,1555.2],[3321.6,1555.2],[3321.6,1536],[3340.7999999999997,1536],[3340.7999999999997,1516.8],[3360,1516.8],[3360,1497.6],[3379.2,1497.6],[3379.2,1478.3999999999999],[3398.4,1478.3999999999999],[3398.4,1459.2],[3417.6,1459.2],[3417.6,1440],[3436.7999999999997,1440],[3436.7999999999997,1420.8],[3456,1420.8],[3456,1401.6],[3494.4,1401.6],[3494.4,1382.3999999999999],[3532.7999999999997,1382.3999999999999],[3532.7999999999997,1363.2],[3552,1363.2],[3552,1305.6],[3532.7999999999997,1305.6],[3532.7999999999997,1248],[3513.6,1248],[3513.6,1190.3999999999999],[3494.4,1190.3999999999999],[3494.4,1132.8],[3475.2,1132.8],[3475.2,1036.8],[3532.7999999999997,1036.8],[3532.7999999999997,1017.5999999999999],[3552,1017.5999999999999],[3552,998.4],[3628.7999999999997,998.4],[3628.7999999999997,979.1999999999999],[3667.2,979.1999999999999],[3667.2,960],[3763.2,960],[3763.2,940.8]]]]}},{"type":"Feature","properties":{"kind":"district","id":61,"name":"Commerce Plaza"},"geometry":{"type":"MultiPolygon","coordinates":[[[[2380.7999999999997,1516.8],[2572.7999999999997,1516.8],[2572.7999999999997,1536],[2592,1536],[2592,1555.2],[2611.2,1555.2],[2611.2,1574.3999999999999],[2630.4,1574.3999999999999],[2630.4,1612.8],[2649.6,1612.8],[2649.6,1651.2],[2668.7999999999997,1651.2],[2668.7999999999997,1689.6],[2688,1689.6],[2688,1804.8],[2668.7999999999997,1804.8],[2668.7999999999997,1843.1999999999998],[2649.6,1843.1999999999998],[2649.6,1862.3999999999999],[2611.2,1862.3999999999999],[2611.2,1900.8],[2592,1900.8],[2592,1920],[2572.7999999999997,1920],[2572.7999999999997,1939.1999999999998],[2534.4,1939.1999999999998],[2534.4,1958.3999999999999],[2361.6,1958.3999999999999],[2361.6,1939.1999999999998],[2342.4,1939.1999999999998],[2342.4,1920],[2323.2,1920],[2323.2,1900.8],[2304,1900.8],[2304,1881.6],[2284.7999999999997,1881.6],[2284.7999999999997,1862.3999999999999],[2265.6,1862.3999999999999],[2265.6,1785.6],[2284.7999999999997,1785.6],[2284.7999999999997,1689.6],[2304,1689.6],[2304,1670.3999999999999],[2323.2,1670.3999999999999],[2323.2,1593.6],[2342.4,1593.6],[2342.4,1555.2],[2361.6,1555.2],[2361.6,1536],[2380.7999999999997,1536],[2380.7999999999997,1516.8]]]]}},{"type":"Feature","properties":{"kind":"district","id":62,"name":"Santa Nueva"},"geometry":{"type":"MultiPolygon","coordinates":[[[[3667.2,1862.3999999999999],[3686.3999999999996,1862.3999999999999],[3686.3999999999996,1881.6],[3724.7999999999997,1881.6],[3724.7999999999997,1977.6],[3744,1977.6],[3744,1996.8],[3724.7999999999997,1996.8],[3724.7999999999997,2131.2],[3744,2131.2],[3744,2246.4],[3705.6,2246.4],[3705.6,2265.6],[3532.7999999999997,2265.6],[3532.7999999999997,2284.7999999999997],[3340.7999999999997,2284.7999999999997],[3340.7999999999997,2265.6],[3302.4,2265.6],[3302.4,2246.4],[3283.2,2246.4],[3283.2,2169.6],[3340.7999999999997,2169.6],[3340.7999999999997,2150.4],[3379.2,2150.4],[3379.2,2131.2],[3398.4,2131.2],[3398.4,2112],[3436.7999999999997,2112],[3436.7999999999997,2092.7999999999997],[3456,2092.7999999999997],[3456,2073.6],[3475.2,2073.6],[3475.2,2035.1999999999998],[3494.4,2035.1999999999998],[3494.4,2016],[3513.6,2016],[3513.6,1996.8],[3552,1996.8],[3552,1958.3999999999999],[3571.2,1958.3999999999999],[3571.2,1939.1999999999998],[3590.4,1939.1999999999998],[3590.4,1920],[3609.6,1920],[3609.6,1900.8],[3628.7999999999997,1900.8],[3628.7999999999997,1881.6],[3667.2,1881.6],[3667.2,1862.3999999999999]]]]}},{"type":"Feature","properties":{"kind":"district","id":63,"name":"Elysia Island"},"geometry":{"type":"MultiPolygon","coordinates":[[[[8332.8,-4588.8],[8352,-4588.8],[8352,-4569.599999999999],[8409.6,-4569.599999999999],[8409.6,-4550.4],[8428.8,-4550.4],[8428.8,-4531.2],[8448,-4531.2],[8448,-4492.8],[8467.199999999999,-4492.8],[8467.199999999999,-4396.8],[8486.4,-4396.8],[8486.4,-4262.4],[8467.199999999999,-4262.4],[8467.199999999999,-4224],[8448,-4224],[8448,-4204.8],[8428.8,-4204.8],[8428.8,-4185.599999999999],[8390.4,-4185.599999999999],[8390.4,-4166.4],[8256,-4166.4],[8256,-4185.599999999999],[8236.8,-4185.599999999999],[8236.8,-4204.8],[8217.6,-4204.8],[8217.6,-4224],[8198.4,-4224],[8198.4,-4320],[8179.2,-4320],[8179.2,-4473.599999999999],[8198.4,-4473.599999999999],[8198.4,-4512],[8217.6,-4512],[8217.6,-4531.2],[8236.8,-4531.2],[8236.8,-4550.4],[8256,-4550.4],[8256,-4569.599999999999],[8332.8,-4569.599999999999],[8332.8,-4588.8]]]]}},{"type":"Feature","properties":{"kind":"district","id":64,"name":"Rhodes Island"},"geometry":{"type":"MultiPolygon","coordinates":[[[[7161.599999999999,-5856],[7392,-5856],[7392,-5836.8],[7468.799999999999,-5836.8],[7468.799999999999,-5817.599999999999],[7507.2,-5817.599999999999],[7507.2,-5798.4],[7564.799999999999,-5798.4],[7564.799999999999,-5779.2],[7603.2,-5779.2],[7603.2,-5760],[7622.4,-5760],[7622.4,-5740.8],[7641.599999999999,-5740.8],[7641.599999999999,-5721.599999999999],[7660.799999999999,-5721.599999999999],[7660.799999999999,-5702.4],[7680,-5702.4],[7680,-5683.2],[7699.2,-5683.2],[7699.2,-5664],[7718.4,-5664],[7718.4,-5644.8],[7737.599999999999,-5644.8],[7737.599999999999,-5625.599999999999],[7756.799999999999,-5625.599999999999],[7756.799999999999,-5606.4],[7776,-5606.4],[7776,-5568],[7795.2,-5568],[7795.2,-5529.599999999999],[7814.4,-5529.599999999999],[7814.4,-5472],[7833.599999999999,-5472],[7833.599999999999,-5433.599999999999],[7852.799999999999,-5433.599999999999],[7852.799999999999,-5376],[7872,-5376],[7872,-5318.4],[7891.2,-5318.4],[7891.2,-5260.8],[7910.4,-5260.8],[7910.4,-5011.2],[7891.2,-5011.2],[7891.2,-4972.8],[7872,-4972.8],[7872,-4934.4],[7852.799999999999,-4934.4],[7852.799999999999,-4857.599999999999],[7833.599999999999,-4857.599999999999],[7833.599999999999,-4838.4],[7814.4,-4838.4],[7814.4,-4819.2],[7776,-4819.2],[7776,-4800],[7718.4,-4800],[7718.4,-4780.8],[7641.599999999999,-4780.8],[7641.599999999999,-4761.599999999999],[7545.599999999999,-4761.599999999999],[7545.599999999999,-4742.4],[7488,-4742.4],[7488,-4723.2],[7392,-4723.2],[7392,-4704],[7276.8,-4704],[7276.8,-4723.2],[7238.4,-4723.2],[7238.4,-4742.4],[7219.2,-4742.4],[7219.2,-4761.599999999999],[7180.8,-4761.599999999999],[7180.8,-4780.8],[7142.4,-4780.8],[7142.4,-4800],[7123.2,-4800],[7123.2,-4819.2],[7104,-4819.2],[7104,-4838.4],[7084.8,-4838.4],[7084.8,-4896],[7065.599999999999,-4896],[7065.599999999999,-4915.2],[7046.4,-4915.2],[7046.4,-4934.4],[7027.2,-4934.4],[7027.2,-4972.8],[7008,-4972.8],[7008,-5011.2],[6988.8,-5011.2],[6988.8,-5049.599999999999],[6969.599999999999,-5049.599999999999],[6969.599999999999,-5088],[6950.4,-5088],[6950.4,-5145.599999999999],[6931.2,-5145.599999999999],[6931.2,-5184],[6912,-5184],[6912,-5241.599999999999],[6892.8,-5241.599999999999],[6892.8,-5548.8],[6912,-5548.8],[6912,-5606.4],[6931.2,-5606.4],[6931.2,-5644.8],[6950.4,-5644.8],[6950.4,-5683.2],[6969.599999999999,-5683.2],[6969.599999999999,-5702.4],[6988.8,-5702.4],[6988.8,-5721.599999999999],[7008,-5721.599999999999],[7008,-5740.8],[7027.2,-5740.8],[7027.2,-5760],[7046.4,-5760],[7046.4,-5779.2],[7065.599999999999,-5779.2],[7065.599999999999,-5798.4],[7084.8,-5798.4],[7084.8,-5817.599999999999],[7123.2,-5817.599999999999],[7123.2,-5836.8],[7161.599999999999,-5836.8],[7161.599999999999,-5856]]]]}},{"type":"Feature","properties":{"kind":"district","id":65,"name":"Carthage Island"},"geometry":{"type":"MultiPolygon","coordinates":[[[[6336,-5491.2],[6393.599999999999,-5491.2],[6393.599999999999,-5472],[6528,-5472],[6528,-5452.8],[6585.599999999999,-5452.8],[6585.599999999999,-5433.599999999999],[6604.8,-5433.599999999999],[6604.8,-5414.4],[6643.2,-5414.4],[6643.2,-5395.2],[6662.4,-5395.2],[6662.4,-5376],[6681.599999999999,-5376],[6681.599999999999,-5356.8],[6700.8,-5356.8],[6700.8,-5318.4],[6720,-5318.4],[6720,-5260.8],[6739.2,-5260.8],[6739.2,-5184],[6720,-5184],[6720,-5126.4],[6700.8,-5126.4],[6700.8,-5049.599999999999],[6681.599999999999,-5049.599999999999],[6681.599999999999,-5011.2],[6662.4,-5011.2],[6662.4,-4972.8],[6643.2,-4972.8],[6643.2,-4953.599999999999],[6624,-4953.599999999999],[6624,-4934.4],[6604.8,-4934.4],[6604.8,-4915.2],[6585.599999999999,-4915.2],[6585.599999999999,-4896],[6566.4,-4896],[6566.4,-4876.8],[6528,-4876.8],[6528,-4857.599999999999],[6508.8,-4857.599999999999],[6508.8,-4838.4],[6470.4,-4838.4],[6470.4,-4819.2],[6432,-4819.2],[6432,-4800],[6393.599999999999,-4800],[6393.599999999999,-4780.8],[6336,-4780.8],[6336,-4761.599999999999],[6259.2,-4761.599999999999],[6259.2,-4780.8],[6220.8,-4780.8],[6220.8,-4800],[6201.599999999999,-4800],[6201.599999999999,-4819.2],[6182.4,-4819.2],[6182.4,-4838.4],[6163.2,-4838.4],[6163.2,-4876.8],[6144,-4876.8],[6144,-4896],[6124.8,-4896],[6124.8,-4915.2],[6105.599999999999,-4915.2],[6105.599999999999,-4934.4],[6086.4,-4934.4],[6086.4,-4953.599999999999],[6067.2,-4953.599999999999],[6067.2,-4972.8],[6048,-4972.8],[6048,-5011.2],[6028.8,-5011.2],[6028.8,-5030.4],[6009.599999999999,-5030.4],[6009.599999999999,-5068.8],[5990.4,-5068.8],[5990.4,-5126.4],[5971.2,-5126.4],[5971.2,-5164.8],[5952,-5164.8],[5952,-5260.8],[5971.2,-5260.8],[5971.2,-5299.2],[5990.4,-5299.2],[5990.4,-5337.599999999999],[6009.599999999999,-5337.599999999999],[6009.599999999999,-5356.8],[6028.8,-5356.8],[6028.8,-5376],[6067.2,-5376],[6067.2,-5395.2],[6105.599999999999,-5395.2],[6105.599999999999,-5414.4],[6144,-5414.4],[6144,-5433.599999999999],[6182.4,-5433.599999999999],[6182.4,-5452.8],[6240,-5452.8],[6240,-5472],[6336,-5472],[6336,-5491.2]]]]}},{"type":"Feature","properties":{"kind":"district","id":66,"name":"Ionia Island"},"geometry":{"type":"MultiPolygon","coordinates":[[[[5548.8,-4972.8],[5894.4,-4972.8],[5894.4,-4953.599999999999],[5952,-4953.599999999999],[5952,-4934.4],[5990.4,-4934.4],[5990.4,-4915.2],[6009.599999999999,-4915.2],[6009.599999999999,-4896],[6028.8,-4896],[6028.8,-4876.8],[6067.2,-4876.8],[6067.2,-4857.599999999999],[6086.4,-4857.599999999999],[6086.4,-4838.4],[6105.599999999999,-4838.4],[6105.599999999999,-4819.2],[6124.8,-4819.2],[6124.8,-4800],[6144,-4800],[6144,-4780.8],[6163.2,-4780.8],[6163.2,-4761.599999999999],[6182.4,-4761.599999999999],[6182.4,-4723.2],[6201.599999999999,-4723.2],[6201.599999999999,-4704],[6220.8,-4704],[6220.8,-4665.599999999999],[6240,-4665.599999999999],[6240,-4627.2],[6259.2,-4627.2],[6259.2,-4588.8],[6278.4,-4588.8],[6278.4,-4550.4],[6297.599999999999,-4550.4],[6297.599999999999,-4512],[6316.8,-4512],[6316.8,-4454.4],[6336,-4454.4],[6336,-4262.4],[6316.8,-4262.4],[6316.8,-4185.599999999999],[6297.599999999999,-4185.599999999999],[6297.599999999999,-4128],[6278.4,-4128],[6278.4,-4089.6],[6259.2,-4089.6],[6259.2,-4051.2],[6240,-4051.2],[6240,-4032],[6220.8,-4032],[6220.8,-3993.6],[6201.599999999999,-3993.6],[6201.599999999999,-3955.2],[6182.4,-3955.2],[6182.4,-3936],[6163.2,-3936],[6163.2,-3916.7999999999997],[6144,-3916.7999999999997],[6144,-3878.3999999999996],[6124.8,-3878.3999999999996],[6124.8,-3859.2],[6105.599999999999,-3859.2],[6105.599999999999,-3820.7999999999997],[6086.4,-3820.7999999999997],[6086.4,-3801.6],[6067.2,-3801.6],[6067.2,-3782.3999999999996],[6048,-3782.3999999999996],[6048,-3763.2],[6028.8,-3763.2],[6028.8,-3744],[5990.4,-3744],[5990.4,-3724.7999999999997],[5971.2,-3724.7999999999997],[5971.2,-3705.6],[5913.599999999999,-3705.6],[5913.599999999999,-3686.3999999999996],[5875.2,-3686.3999999999996],[5875.2,-3667.2],[5836.8,-3667.2],[5836.8,-3648],[5779.2,-3648],[5779.2,-3628.7999999999997],[5644.8,-3628.7999999999997],[5644.8,-3648],[5548.8,-3648],[5548.8,-3667.2],[5491.2,-3667.2],[5491.2,-3686.3999999999996],[5452.8,-3686.3999999999996],[5452.8,-3705.6],[5414.4,-3705.6],[5414.4,-3724.7999999999997],[5395.2,-3724.7999999999997],[5395.2,-3744],[5376,-3744],[5376,-3763.2],[5337.599999999999,-3763.2],[5337.599999999999,-3782.3999999999996],[5318.4,-3782.3999999999996],[5318.4,-3801.6],[5299.2,-3801.6],[5299.2,-3820.7999999999997],[5280,-3820.7999999999997],[5280,-3840],[5260.8,-3840],[5260.8,-3859.2],[5241.599999999999,-3859.2],[5241.599999999999,-3878.3999999999996],[5222.4,-3878.3999999999996],[5222.4,-3916.7999999999997],[5203.2,-3916.7999999999997],[5203.2,-3936],[5184,-3936],[5184,-3974.3999999999996],[5164.8,-3974.3999999999996],[5164.8,-4032],[5145.599999999999,-4032],[5145.599999999999,-4128],[5126.4,-4128],[5126.4,-4204.8],[5107.2,-4204.8],[5107.2,-4435.2],[5126.4,-4435.2],[5126.4,-4512],[5145.599999999999,-4512],[5145.599999999999,-4569.599999999999],[5164.8,-4569.599999999999],[5164.8,-4608],[5184,-4608],[5184,-4646.4],[5203.2,-4646.4],[5203.2,-4665.599999999999],[5222.4,-4665.599999999999],[5222.4,-4704],[5241.599999999999,-4704],[5241.599999999999,-4723.2],[5260.8,-4723.2],[5260.8,-4761.599999999999],[5280,-4761.599999999999],[5280,-4780.8],[5299.2,-4780.8],[5299.2,-4800],[5318.4,-4800],[5318.4,-4838.4],[5337.599999999999,-4838.4],[5337.599999999999,-4857.599999999999],[5356.8,-4857.599999999999],[5356.8,-4876.8],[5395.2,-4876.8],[5395.2,-4896],[5414.4,-4896],[5414.4,-4915.2],[5452.8,-4915.2],[5452.8,-4934.4],[5491.2,-4934.4],[5491.2,-4953.599999999999],[5548.8,-4953.599999999999],[5548.8,-4972.8]]]]}},{"type":"Feature","properties":{"kind":"district","id":67,"name":"South Holland"},"geometry":{"type":"MultiPolygon","coordinates":[[[[2457.6,4934.4],[2496,4934.4],[2496,4953.599999999999],[2611.2,4953.599999999999],[2611.2,4972.8],[2707.2,4972.8],[2707.2,4953.599999999999],[2803.2,4953.599999999999],[2803.2,4972.8],[2995.2,4972.8],[2995.2,4992],[3168,4992],[3168,5011.2],[3283.2,5011.2],[3283.2,4992],[3417.6,4992],[3417.6,5011.2],[3571.2,5011.2],[3571.2,5030.4],[3744,5030.4],[3744,5049.599999999999],[3763.2,5049.599999999999],[3763.2,5088],[3782.3999999999996,5088],[3782.3999999999996,5126.4],[3801.6,5126.4],[3801.6,5222.4],[3820.7999999999997,5222.4],[3820.7999999999997,5299.2],[3840,5299.2],[3840,5395.2],[3859.2,5395.2],[3859.2,5452.8],[3878.3999999999996,5452.8],[3878.3999999999996,5625.599999999999],[3859.2,5625.599999999999],[3859.2,5644.8],[3840,5644.8],[3840,5664],[3801.6,5664],[3801.6,5683.2],[3763.2,5683.2],[3763.2,5702.4],[3667.2,5702.4],[3667.2,5721.599999999999],[3552,5721.599999999999],[3552,5702.4],[3532.7999999999997,5702.4],[3532.7999999999997,5664],[3513.6,5664],[3513.6,5644.8],[3398.4,5644.8],[3398.4,5664],[3072,5664],[3072,5721.599999999999],[2899.2,5721.599999999999],[2899.2,5702.4],[2860.7999999999997,5702.4],[2860.7999999999997,5683.2],[2822.4,5683.2],[2822.4,5664],[2784,5664],[2784,5644.8],[2726.4,5644.8],[2726.4,5625.599999999999],[2649.6,5625.599999999999],[2649.6,5606.4],[2476.7999999999997,5606.4],[2476.7999999999997,5587.2],[2361.6,5587.2],[2361.6,5568],[2208,5568],[2208,5548.8],[2112,5548.8],[2112,5529.599999999999],[2073.6,5529.599999999999],[2073.6,5491.2],[2035.1999999999998,5491.2],[2035.1999999999998,5472],[1977.6,5472],[1977.6,5452.8],[1939.1999999999998,5452.8],[1939.1999999999998,5433.599999999999],[1862.3999999999999,5433.599999999999],[1862.3999999999999,5356.8],[1843.1999999999998,5356.8],[1843.1999999999998,5337.599999999999],[1862.3999999999999,5337.599999999999],[1862.3999999999999,5299.2],[1843.1999999999998,5299.2],[1843.1999999999998,5280],[1862.3999999999999,5280],[1862.3999999999999,5222.4],[1881.6,5222.4],[1881.6,5184],[1900.8,5184],[1900.8,5126.4],[1920,5126.4],[1920,5088],[1939.1999999999998,5088],[1939.1999999999998,5049.599999999999],[1958.3999999999999,5049.599999999999],[1958.3999999999999,5011.2],[1977.6,5011.2],[1977.6,4992],[1996.8,4992],[1996.8,4972.8],[2035.1999999999998,4972.8],[2035.1999999999998,4953.599999999999],[2054.4,4953.599999999999],[2054.4,4972.8],[2304,4972.8],[2304,4953.599999999999],[2457.6,4953.599999999999],[2457.6,4934.4]]]]}},{"type":"Feature","properties":{"kind":"district","id":68,"name":"East End"},"geometry":{"type":"MultiPolygon","coordinates":[[[[1728,-864],[1843.1999999999998,-864],[1843.1999999999998,-844.8],[1862.3999999999999,-844.8],[1862.3999999999999,-825.6],[1881.6,-825.6],[1881.6,-806.4],[1900.8,-806.4],[1900.8,-768],[1920,-768],[1920,-729.6],[1939.1999999999998,-729.6],[1939.1999999999998,-691.1999999999999],[1958.3999999999999,-691.1999999999999],[1958.3999999999999,-633.6],[1977.6,-633.6],[1977.6,-576],[1996.8,-576],[1996.8,-518.4],[2016,-518.4],[2016,-480],[2035.1999999999998,-480],[2035.1999999999998,-441.59999999999997],[2054.4,-441.59999999999997],[2054.4,-403.2],[2073.6,-403.2],[2073.6,-345.59999999999997],[2092.7999999999997,-345.59999999999997],[2092.7999999999997,-307.2],[2112,-307.2],[2112,-249.6],[2131.2,-249.6],[2131.2,-192],[2150.4,-192],[2150.4,-115.19999999999999],[2169.6,-115.19999999999999],[2169.6,-57.599999999999994],[2188.7999999999997,-57.599999999999994],[2188.7999999999997,-19.2],[2208,-19.2],[2208,96],[2227.2,96],[2227.2,115.19999999999999],[2246.4,115.19999999999999],[2246.4,134.4],[2265.6,134.4],[2265.6,172.79999999999998],[2284.7999999999997,172.79999999999998],[2284.7999999999997,230.39999999999998],[2304,230.39999999999998],[2304,268.8],[2323.2,268.8],[2323.2,326.4],[2342.4,326.4],[2342.4,384],[2361.6,384],[2361.6,441.59999999999997],[2380.7999999999997,441.59999999999997],[2380.7999999999997,710.4],[2361.6,710.4],[2361.6,691.1999999999999],[2342.4,691.1999999999999],[2342.4,710.4],[2208,710.4],[2208,691.1999999999999],[2150.4,691.1999999999999],[2150.4,672],[2073.6,672],[2073.6,652.8],[1996.8,652.8],[1996.8,633.6],[1958.3999999999999,633.6],[1958.3999999999999,614.4],[1824,614.4],[1824,595.1999999999999],[1785.6,595.1999999999999],[1785.6,576],[1766.3999999999999,576],[1766.3999999999999,556.8],[1747.2,556.8],[1747.2,518.4],[1766.3999999999999,518.4],[1766.3999999999999,307.2],[1747.2,307.2],[1747.2,288],[1728,288],[1728,268.8],[1689.6,268.8],[1689.6,249.6],[1651.2,249.6],[1651.2,268.8],[1574.3999999999999,268.8],[1574.3999999999999,288],[1536,288],[1536,307.2],[1459.2,307.2],[1459.2,326.4],[1401.6,326.4],[1401.6,307.2],[1382.3999999999999,307.2],[1382.3999999999999,288],[1363.2,288],[1363.2,192],[1344,192],[1344,134.4],[1324.8,134.4],[1324.8,57.599999999999994],[1305.6,57.599999999999994],[1305.6,-57.599999999999994],[1286.3999999999999,-57.599999999999994],[1286.3999999999999,-192],[1267.2,-192],[1267.2,-441.59999999999997],[1248,-441.59999999999997],[1248,-460.79999999999995],[1228.8,-460.79999999999995],[1228.8,-633.6],[1248,-633.6],[1248,-652.8],[1267.2,-652.8],[1267.2,-672],[1286.3999999999999,-672],[1286.3999999999999,-691.1999999999999],[1324.8,-691.1999999999999],[1324.8,-710.4],[1363.2,-710.4],[1363.2,-729.6],[1382.3999999999999,-729.6],[1382.3999999999999,-748.8],[1401.6,-748.8],[1401.6,-768],[1459.2,-768],[1459.2,-787.1999999999999],[1478.3999999999999,-787.1999999999999],[1478.3999999999999,-768],[1497.6,-768],[1497.6,-787.1999999999999],[1555.2,-787.1999999999999],[1555.2,-806.4],[1651.2,-806.4],[1651.2,-825.6],[1689.6,-825.6],[1689.6,-844.8],[1728,-844.8],[1728,-864]]]]}},{"type":"Feature","properties":{"kind":"district","id":69,"name":"Corinthia"},"geometry":{"type":"MultiPolygon","coordinates":[[[[1132.8,-614.4],[1171.2,-614.4],[1171.2,-595.1999999999999],[1209.6,-595.1999999999999],[1209.6,-576],[1228.8,-576],[1228.8,-460.79999999999995],[1248,-460.79999999999995],[1248,-441.59999999999997],[1267.2,-441.59999999999997],[1267.2,-192],[1286.3999999999999,-192],[1286.3999999999999,-57.599999999999994],[1305.6,-57.599999999999994],[1305.6,57.599999999999994],[1324.8,57.599999999999994],[1324.8,134.4],[1344,134.4],[1344,192],[1363.2,192],[1363.2,288],[1382.3999999999999,288],[1382.3999999999999,307.2],[1401.6,307.2],[1401.6,326.4],[1459.2,326.4],[1459.2,307.2],[1536,307.2],[1536,288],[1574.3999999999999,288],[1574.3999999999999,268.8],[1651.2,268.8],[1651.2,249.6],[1689.6,249.6],[1689.6,268.8],[1728,268.8],[1728,288],[1747.2,288],[1747.2,307.2],[1766.3999999999999,307.2],[1766.3999999999999,518.4],[1747.2,518.4],[1747.2,576],[1728,576],[1728,595.1999999999999],[1689.6,595.1999999999999],[1689.6,614.4],[1670.3999999999999,614.4],[1670.3999999999999,633.6],[1651.2,633.6],[1651.2,652.8],[1632,652.8],[1632,691.1999999999999],[1612.8,691.1999999999999],[1612.8,729.6],[1593.6,729.6],[1593.6,748.8],[1574.3999999999999,748.8],[1574.3999999999999,768],[1555.2,768],[1555.2,806.4],[1536,806.4],[1536,825.6],[1516.8,825.6],[1516.8,844.8],[1478.3999999999999,844.8],[1478.3999999999999,864],[1305.6,864],[1305.6,883.1999999999999],[1228.8,883.1999999999999],[1228.8,902.4],[1113.6,902.4],[1113.6,921.5999999999999],[960,921.5999999999999],[960,902.4],[864,902.4],[864,883.1999999999999],[806.4,883.1999999999999],[806.4,864],[768,864],[768,844.8],[729.6,844.8],[729.6,825.6],[710.4,825.6],[710.4,806.4],[672,806.4],[672,787.1999999999999],[652.8,787.1999999999999],[652.8,768],[614.4,768],[614.4,748.8],[595.1999999999999,748.8],[595.1999999999999,729.6],[576,729.6],[576,710.4],[537.6,710.4],[537.6,691.1999999999999],[499.2,691.1999999999999],[499.2,672],[480,672],[480,652.8],[460.79999999999995,652.8],[460.79999999999995,633.6],[441.59999999999997,633.6],[441.59999999999997,614.4],[422.4,614.4],[422.4,595.1999999999999],[384,595.1999999999999],[384,576],[364.8,576],[364.8,556.8],[345.59999999999997,556.8],[345.59999999999997,537.6],[249.6,537.6],[249.6,556.8],[192,556.8],[192,576],[172.79999999999998,576],[172.79999999999998,595.1999999999999],[115.19999999999999,595.1999999999999],[115.19999999999999,556.8],[96,556.8],[96,518.4],[76.8,518.4],[76.8,268.8],[57.599999999999994,268.8],[57.599999999999994,172.79999999999998],[38.4,172.79999999999998],[38.4,38.4],[57.599999999999994,38.4],[57.599999999999994,0],[76.8,0],[76.8,-19.2],[96,-19.2],[96,-57.599999999999994],[115.19999999999999,-57.599999999999994],[115.19999999999999,-134.4],[134.4,-134.4],[134.4,-153.6],[153.6,-153.6],[153.6,-192],[172.79999999999998,-192],[172.79999999999998,-288],[192,-288],[192,-307.2],[211.2,-307.2],[211.2,-326.4],[230.39999999999998,-326.4],[230.39999999999998,-345.59999999999997],[288,-345.59999999999997],[288,-364.8],[364.8,-364.8],[364.8,-384],[441.59999999999997,-384],[441.59999999999997,-403.2],[518.4,-403.2],[518.4,-422.4],[576,-422.4],[576,-441.59999999999997],[652.8,-441.59999999999997],[652.8,-460.79999999999995],[691.1999999999999,-460.79999999999995],[691.1999999999999,-480],[825.6,-480],[825.6,-499.2],[883.1999999999999,-499.2],[883.1999999999999,-518.4],[940.8,-518.4],[940.8,-537.6],[979.1999999999999,-537.6],[979.1999999999999,-556.8],[1017.5999999999999,-556.8],[1017.5999999999999,-576],[1094.3999999999999,-576],[1094.3999999999999,-595.1999999999999],[1132.8,-595.1999999999999],[1132.8,-614.4]]]]}},{"type":"Feature","properties":{"kind":"district","id":70,"name":"Pershing Square"},"geometry":{"type":"MultiPolygon","coordinates":[[[[3244.7999999999997,2880],[3321.6,2880],[3321.6,2918.4],[3340.7999999999997,2918.4],[3340.7999999999997,2976],[3360,2976],[3360,3014.4],[3379.2,3014.4],[3379.2,3052.7999999999997],[3398.4,3052.7999999999997],[3398.4,3091.2],[3417.6,3091.2],[3417.6,3148.7999999999997],[3436.7999999999997,3148.7999999999997],[3436.7999999999997,3206.4],[3244.7999999999997,3206.4],[3244.7999999999997,3129.6],[3225.6,3129.6],[3225.6,3091.2],[3206.4,3091.2],[3206.4,3033.6],[3187.2,3033.6],[3187.2,2976],[3168,2976],[3168,2918.4],[3206.4,2918.4],[3206.4,2899.2],[3244.7999999999997,2899.2],[3244.7999999999997,2880]]]]}},{"type":"Feature","properties":{"kind":"district","id":71,"name":"Carnegie Heights"},"geometry":{"type":"MultiPolygon","coordinates":[[[[3244.7999999999997,4243.2],[3302.4,4243.2],[3302.4,4262.4],[3340.7999999999997,4262.4],[3340.7999999999997,4281.599999999999],[3379.2,4281.599999999999],[3379.2,4300.8],[3417.6,4300.8],[3417.6,4320],[3456,4320],[3456,4339.2],[3494.4,4339.2],[3494.4,4358.4],[3552,4358.4],[3552,4377.599999999999],[3571.2,4377.599999999999],[3571.2,4416],[3590.4,4416],[3590.4,4454.4],[3609.6,4454.4],[3609.6,4473.599999999999],[3628.7999999999997,4473.599999999999],[3628.7999999999997,4512],[3648,4512],[3648,4531.2],[3667.2,4531.2],[3667.2,4569.599999999999],[3686.3999999999996,4569.599999999999],[3686.3999999999996,4665.599999999999],[3705.6,4665.599999999999],[3705.6,4704],[3686.3999999999996,4704],[3686.3999999999996,4723.2],[3667.2,4723.2],[3667.2,4780.8],[3686.3999999999996,4780.8],[3686.3999999999996,4800],[3705.6,4800],[3705.6,4819.2],[3724.7999999999997,4819.2],[3724.7999999999997,4838.4],[3744,4838.4],[3744,4857.599999999999],[3763.2,4857.599999999999],[3763.2,4896],[3782.3999999999996,4896],[3782.3999999999996,5011.2],[3763.2,5011.2],[3763.2,5030.4],[3571.2,5030.4],[3571.2,5011.2],[3417.6,5011.2],[3417.6,4992],[3283.2,4992],[3283.2,5011.2],[3168,5011.2],[3168,4992],[2995.2,4992],[2995.2,4972.8],[2803.2,4972.8],[2803.2,4953.599999999999],[2707.2,4953.599999999999],[2707.2,4972.8],[2611.2,4972.8],[2611.2,4953.599999999999],[2496,4953.599999999999],[2496,4934.4],[2457.6,4934.4],[2457.6,4953.599999999999],[2304,4953.599999999999],[2304,4972.8],[2054.4,4972.8],[2054.4,4953.599999999999],[2035.1999999999998,4953.599999999999],[2035.1999999999998,4972.8],[2016,4972.8],[2016,4819.2],[1996.8,4819.2],[1996.8,4723.2],[2016,4723.2],[2016,4704],[2150.4,4704],[2150.4,4684.8],[2342.4,4684.8],[2342.4,4665.599999999999],[2361.6,4665.599999999999],[2361.6,4684.8],[2400,4684.8],[2400,4665.599999999999],[2457.6,4665.599999999999],[2457.6,4646.4],[2476.7999999999997,4646.4],[2476.7999999999997,4454.4],[2515.2,4454.4],[2515.2,4473.599999999999],[2649.6,4473.599999999999],[2649.6,4454.4],[2688,4454.4],[2688,4435.2],[2726.4,4435.2],[2726.4,4416],[2764.7999999999997,4416],[2764.7999999999997,4396.8],[2784,4396.8],[2784,4377.599999999999],[2803.2,4377.599999999999],[2803.2,4358.4],[2822.4,4358.4],[2822.4,4339.2],[2841.6,4339.2],[2841.6,4358.4],[2899.2,4358.4],[2899.2,4377.599999999999],[2956.7999999999997,4377.599999999999],[2956.7999999999997,4396.8],[3014.4,4396.8],[3014.4,4416],[3052.7999999999997,4416],[3052.7999999999997,4435.2],[3091.2,4435.2],[3091.2,4454.4],[3148.7999999999997,4454.4],[3148.7999999999997,4416],[3168,4416],[3168,4377.599999999999],[3187.2,4377.599999999999],[3187.2,4339.2],[3206.4,4339.2],[3206.4,4320],[3225.6,4320],[3225.6,4262.4],[3244.7999999999997,4262.4],[3244.7999999999997,4243.2]]]]}},{"type":"Feature","properties":{"kind":"district","id":72,"name":"Lafayette Square Park"},"geometry":{"type":"MultiPolygon","coordinates":[[[[3859.2,3782.3999999999996],[3955.2,3782.3999999999996],[3955.2,3801.6],[4032,3801.6],[4032,3820.7999999999997],[4070.3999999999996,3820.7999999999997],[4070.3999999999996,3840],[4089.6,3840],[4089.6,3859.2],[4108.8,3859.2],[4108.8,3878.3999999999996],[4147.2,3878.3999999999996],[4147.2,3897.6],[4166.4,3897.6],[4166.4,3955.2],[4185.599999999999,3955.2],[4185.599999999999,4012.7999999999997],[4204.8,4012.7999999999997],[4204.8,4051.2],[4224,4051.2],[4224,4128],[4243.2,4128],[4243.2,4204.8],[4262.4,4204.8],[4262.4,4396.8],[4281.599999999999,4396.8],[4281.599999999999,4761.599999999999],[4262.4,4761.599999999999],[4262.4,4780.8],[4281.599999999999,4780.8],[4281.599999999999,4800],[4262.4,4800],[4262.4,4819.2],[4243.2,4819.2],[4243.2,4876.8],[4224,4876.8],[4224,4896],[4204.8,4896],[4204.8,4934.4],[4166.4,4934.4],[4166.4,4953.599999999999],[4147.2,4953.599999999999],[4147.2,4972.8],[4108.8,4972.8],[4108.8,4992],[4070.3999999999996,4992],[4070.3999999999996,5011.2],[4012.7999999999997,5011.2],[4012.7999999999997,5030.4],[3859.2,5030.4],[3859.2,5011.2],[3801.6,5011.2],[3801.6,4992],[3782.3999999999996,4992],[3782.3999999999996,4896],[3763.2,4896],[3763.2,4857.599999999999],[3744,4857.599999999999],[3744,4838.4],[3724.7999999999997,4838.4],[3724.7999999999997,4819.2],[3744,4819.2],[3744,4800],[3724.7999999999997,4800],[3724.7999999999997,4723.2],[3705.6,4723.2],[3705.6,4665.599999999999],[3686.3999999999996,4665.599999999999],[3686.3999999999996,4569.599999999999],[3667.2,4569.599999999999],[3667.2,4531.2],[3648,4531.2],[3648,4512],[3628.7999999999997,4512],[3628.7999999999997,4473.599999999999],[3609.6,4473.599999999999],[3609.6,4454.4],[3590.4,4454.4],[3590.4,4416],[3571.2,4416],[3571.2,4377.599999999999],[3552,4377.599999999999],[3552,4358.4],[3532.7999999999997,4358.4],[3532.7999999999997,4300.8],[3513.6,4300.8],[3513.6,4243.2],[3494.4,4243.2],[3494.4,4224],[3513.6,4224],[3513.6,4204.8],[3532.7999999999997,4204.8],[3532.7999999999997,4185.599999999999],[3571.2,4185.599999999999],[3571.2,4128],[3552,4128],[3552,4051.2],[3532.7999999999997,4051.2],[3532.7999999999997,3993.6],[3513.6,3993.6],[3513.6,3936],[3571.2,3936],[3571.2,3916.7999999999997],[3628.7999999999997,3916.7999999999997],[3628.7999999999997,3897.6],[3667.2,3897.6],[3667.2,3878.3999999999996],[3686.3999999999996,3878.3999999999996],[3686.3999999999996,3859.2],[3782.3999999999996,3859.2],[3782.3999999999996,3820.7999999999997],[3801.6,3820.7999999999997],[3801.6,3801.6],[3859.2,3801.6],[3859.2,3782.3999999999996]]]]}},{"type":"Feature","properties":{"kind":"district","id":73,"name":"Picadilly Circus"},"geometry":{"type":"MultiPolygon","coordinates":[[[[3667.2,3340.7999999999997],[3744,3340.7999999999997],[3744,3360],[3763.2,3360],[3763.2,3379.2],[3782.3999999999996,3379.2],[3782.3999999999996,3398.4],[3801.6,3398.4],[3801.6,3436.7999999999997],[3820.7999999999997,3436.7999999999997],[3820.7999999999997,3456],[3840,3456],[3840,3475.2],[3859.2,3475.2],[3859.2,3513.6],[3878.3999999999996,3513.6],[3878.3999999999996,3532.7999999999997],[3897.6,3532.7999999999997],[3897.6,3552],[3916.7999999999997,3552],[3916.7999999999997,3571.2],[3936,3571.2],[3936,3609.6],[3955.2,3609.6],[3955.2,3628.7999999999997],[3974.3999999999996,3628.7999999999997],[3974.3999999999996,3648],[3993.6,3648],[3993.6,3667.2],[4012.7999999999997,3667.2],[4012.7999999999997,3705.6],[4032,3705.6],[4032,3724.7999999999997],[4051.2,3724.7999999999997],[4051.2,3820.7999999999997],[4032,3820.7999999999997],[4032,3801.6],[3955.2,3801.6],[3955.2,3782.3999999999996],[3859.2,3782.3999999999996],[3859.2,3801.6],[3801.6,3801.6],[3801.6,3820.7999999999997],[3782.3999999999996,3820.7999999999997],[3782.3999999999996,3859.2],[3686.3999999999996,3859.2],[3686.3999999999996,3878.3999999999996],[3667.2,3878.3999999999996],[3667.2,3897.6],[3628.7999999999997,3897.6],[3628.7999999999997,3916.7999999999997],[3571.2,3916.7999999999997],[3571.2,3936],[3340.7999999999997,3936],[3340.7999999999997,3916.7999999999997],[3264,3916.7999999999997],[3264,3897.6],[3110.4,3897.6],[3110.4,3916.7999999999997],[3052.7999999999997,3916.7999999999997],[3052.7999999999997,3859.2],[3033.6,3859.2],[3033.6,3763.2],[3014.4,3763.2],[3014.4,3705.6],[2995.2,3705.6],[2995.2,3648],[3014.4,3648],[3014.4,3628.7999999999997],[3033.6,3628.7999999999997],[3033.6,3609.6],[3110.4,3609.6],[3110.4,3590.4],[3148.7999999999997,3590.4],[3148.7999999999997,3571.2],[3225.6,3571.2],[3225.6,3552],[3264,3552],[3264,3532.7999999999997],[3321.6,3532.7999999999997],[3321.6,3513.6],[3360,3513.6],[3360,3494.4],[3398.4,3494.4],[3398.4,3475.2],[3417.6,3475.2],[3417.6,3456],[3456,3456],[3456,3379.2],[3475.2,3379.2],[3475.2,3360],[3552,3360],[3552,3379.2],[3609.6,3379.2],[3609.6,3360],[3667.2,3360],[3667.2,3340.7999999999997]]]]}},{"type":"Feature","properties":{"kind":"district","id":74,"name":"Crescent Grove"},"geometry":{"type":"MultiPolygon","coordinates":[[[[3571.2,3129.6],[3590.4,3129.6],[3590.4,3148.7999999999997],[3609.6,3148.7999999999997],[3609.6,3187.2],[3628.7999999999997,3187.2],[3628.7999999999997,3206.4],[3648,3206.4],[3648,3244.7999999999997],[3667.2,3244.7999999999997],[3667.2,3264],[3686.3999999999996,3264],[3686.3999999999996,3283.2],[3705.6,3283.2],[3705.6,3340.7999999999997],[3667.2,3340.7999999999997],[3667.2,3360],[3609.6,3360],[3609.6,3379.2],[3552,3379.2],[3552,3360],[3475.2,3360],[3475.2,3379.2],[3456,3379.2],[3456,3456],[3417.6,3456],[3417.6,3475.2],[3398.4,3475.2],[3398.4,3494.4],[3360,3494.4],[3360,3513.6],[3321.6,3513.6],[3321.6,3532.7999999999997],[3264,3532.7999999999997],[3264,3552],[3225.6,3552],[3225.6,3571.2],[3148.7999999999997,3571.2],[3148.7999999999997,3590.4],[3110.4,3590.4],[3110.4,3609.6],[3033.6,3609.6],[3033.6,3628.7999999999997],[3014.4,3628.7999999999997],[3014.4,3648],[2841.6,3648],[2841.6,3667.2],[2764.7999999999997,3667.2],[2764.7999999999997,3648],[2745.6,3648],[2745.6,3532.7999999999997],[2726.4,3532.7999999999997],[2726.4,3475.2],[2707.2,3475.2],[2707.2,3417.6],[2688,3417.6],[2688,3321.6],[2707.2,3321.6],[2707.2,3302.4],[2745.6,3302.4],[2745.6,3283.2],[2918.4,3283.2],[2918.4,3264],[3033.6,3264],[3033.6,3244.7999999999997],[3110.4,3244.7999999999997],[3110.4,3225.6],[3244.7999999999997,3225.6],[3244.7999999999997,3206.4],[3436.7999999999997,3206.4],[3436.7999999999997,3187.2],[3475.2,3187.2],[3475.2,3168],[3513.6,3168],[3513.6,3148.7999999999997],[3571.2,3148.7999999999997],[3571.2,3129.6]]]]}},{"type":"Feature","properties":{"kind":"district","id":75,"name":"Ellis Island"},"geometry":{"type":"MultiPolygon","coordinates":[[[[6585.599999999999,1651.2],[6700.8,1651.2],[6700.8,1670.3999999999999],[6739.2,1670.3999999999999],[6739.2,1689.6],[6758.4,1689.6],[6758.4,1708.8],[6777.599999999999,1708.8],[6777.599999999999,1728],[6796.8,1728],[6796.8,1766.3999999999999],[6816,1766.3999999999999],[6816,1785.6],[6835.2,1785.6],[6835.2,1824],[6854.4,1824],[6854.4,2073.6],[6835.2,2073.6],[6835.2,2112],[6816,2112],[6816,2169.6],[6796.8,2169.6],[6796.8,2188.7999999999997],[6777.599999999999,2188.7999999999997],[6777.599999999999,2227.2],[6739.2,2227.2],[6739.2,2246.4],[6700.8,2246.4],[6700.8,2265.6],[6643.2,2265.6],[6643.2,2246.4],[6604.8,2246.4],[6604.8,2227.2],[6585.599999999999,2227.2],[6585.599999999999,2208],[6566.4,2208],[6566.4,2169.6],[6547.2,2169.6],[6547.2,2150.4],[6528,2150.4],[6528,2131.2],[6508.8,2131.2],[6508.8,2092.7999999999997],[6489.599999999999,2092.7999999999997],[6489.599999999999,2073.6],[6470.4,2073.6],[6470.4,2035.1999999999998],[6451.2,2035.1999999999998],[6451.2,2016],[6432,2016],[6432,1977.6],[6412.8,1977.6],[6412.8,1900.8],[6393.599999999999,1900.8],[6393.599999999999,1843.1999999999998],[6412.8,1843.1999999999998],[6412.8,1785.6],[6432,1785.6],[6432,1728],[6451.2,1728],[6451.2,1708.8],[6470.4,1708.8],[6470.4,1689.6],[6508.8,1689.6],[6508.8,1670.3999999999999],[6585.599999999999,1670.3999999999999],[6585.599999999999,1651.2]]]]}},{"type":"Feature","properties":{"kind":"district","id":76,"name":"Porter"},"geometry":{"type":"MultiPolygon","coordinates":[[[[-5779.2,7891.2],[-5702.4,7891.2],[-5702.4,7910.4],[-5664,7910.4],[-5664,7929.599999999999],[-5625.599999999999,7929.599999999999],[-5625.599999999999,7948.799999999999],[-5587.2,7948.799999999999],[-5587.2,7968],[-5548.8,7968],[-5548.8,7987.2],[-5510.4,7987.2],[-5510.4,8006.4],[-5472,8006.4],[-5472,8025.599999999999],[-5433.599999999999,8025.599999999999],[-5433.599999999999,8044.799999999999],[-5414.4,8044.799999999999],[-5414.4,8025.599999999999],[-5376,8025.599999999999],[-5376,8044.799999999999],[-5337.599999999999,8044.799999999999],[-5337.599999999999,8083.2],[-5318.4,8083.2],[-5318.4,8140.799999999999],[-5337.599999999999,8140.799999999999],[-5337.599999999999,8294.4],[-5318.4,8294.4],[-5318.4,8332.8],[-5337.599999999999,8332.8],[-5337.599999999999,8409.6],[-5318.4,8409.6],[-5318.4,8601.6],[-5337.599999999999,8601.6],[-5337.599999999999,8640],[-6067.2,8640],[-6067.2,8563.199999999999],[-6048,8563.199999999999],[-6048,8428.8],[-6028.8,8428.8],[-6028.8,8294.4],[-6009.599999999999,8294.4],[-6009.599999999999,8236.8],[-5990.4,8236.8],[-5990.4,8198.4],[-5971.2,8198.4],[-5971.2,8160],[-5952,8160],[-5952,8140.799999999999],[-5932.8,8140.799999999999],[-5932.8,8102.4],[-5913.599999999999,8102.4],[-5913.599999999999,8083.2],[-5894.4,8083.2],[-5894.4,8044.799999999999],[-5875.2,8044.799999999999],[-5875.2,8006.4],[-5856,8006.4],[-5856,7987.2],[-5836.8,7987.2],[-5836.8,7968],[-5817.599999999999,7968],[-5817.599999999999,7929.599999999999],[-5798.4,7929.599999999999],[-5798.4,7910.4],[-5779.2,7910.4],[-5779.2,7891.2]]]]}},{"type":"Feature","properties":{"kind":"district","id":77,"name":"Wheatfield"},"geometry":{"type":"MultiPolygon","coordinates":[[[[-5510.4,7276.8],[-5395.2,7276.8],[-5395.2,7296],[-5376,7296],[-5376,7315.2],[-5356.8,7315.2],[-5356.8,7353.599999999999],[-5337.599999999999,7353.599999999999],[-5337.599999999999,7372.799999999999],[-5318.4,7372.799999999999],[-5318.4,7392],[-5299.2,7392],[-5299.2,7449.599999999999],[-5280,7449.599999999999],[-5280,7488],[-5299.2,7488],[-5299.2,7660.799999999999],[-5318.4,7660.799999999999],[-5318.4,7680],[-5299.2,7680],[-5299.2,7699.2],[-5318.4,7699.2],[-5318.4,8044.799999999999],[-5376,8044.799999999999],[-5376,8025.599999999999],[-5414.4,8025.599999999999],[-5414.4,8044.799999999999],[-5433.599999999999,8044.799999999999],[-5433.599999999999,8025.599999999999],[-5472,8025.599999999999],[-5472,8006.4],[-5510.4,8006.4],[-5510.4,7987.2],[-5548.8,7987.2],[-5548.8,7968],[-5587.2,7968],[-5587.2,7948.799999999999],[-5625.599999999999,7948.799999999999],[-5625.599999999999,7929.599999999999],[-5664,7929.599999999999],[-5664,7910.4],[-5683.2,7910.4],[-5683.2,7891.2],[-5702.4,7891.2],[-5702.4,7833.599999999999],[-5683.2,7833.599999999999],[-5683.2,7795.2],[-5664,7795.2],[-5664,7776],[-5644.8,7776],[-5644.8,7737.599999999999],[-5625.599999999999,7737.599999999999],[-5625.599999999999,7718.4],[-5606.4,7718.4],[-5606.4,7680],[-5587.2,7680],[-5587.2,7622.4],[-5568,7622.4],[-5568,7584],[-5548.8,7584],[-5548.8,7564.799999999999],[-5568,7564.799999999999],[-5568,7545.599999999999],[-5606.4,7545.599999999999],[-5606.4,7411.2],[-5587.2,7411.2],[-5587.2,7372.799999999999],[-5568,7372.799999999999],[-5568,7353.599999999999],[-5548.8,7353.599999999999],[-5548.8,7315.2],[-5529.599999999999,7315.2],[-5529.599999999999,7296],[-5510.4,7296],[-5510.4,7276.8]]]]}},{"type":"Feature","properties":{"kind":"district","id":78,"name":"Alexandria"},"geometry":{"type":"MultiPolygon","coordinates":[[[[4454.4,1075.2],[4569.599999999999,1075.2],[4569.599999999999,1094.3999999999999],[4608,1094.3999999999999],[4608,1113.6],[4627.2,1113.6],[4627.2,1152],[4646.4,1152],[4646.4,1190.3999999999999],[4665.599999999999,1190.3999999999999],[4665.599999999999,1228.8],[4684.8,1228.8],[4684.8,1324.8],[4665.599999999999,1324.8],[4665.599999999999,1401.6],[4646.4,1401.6],[4646.4,1459.2],[4627.2,1459.2],[4627.2,1516.8],[4608,1516.8],[4608,1574.3999999999999],[4588.8,1574.3999999999999],[4588.8,1612.8],[4569.599999999999,1612.8],[4569.599999999999,1670.3999999999999],[4550.4,1670.3999999999999],[4550.4,1708.8],[4531.2,1708.8],[4531.2,1747.2],[4512,1747.2],[4512,1785.6],[4492.8,1785.6],[4492.8,1824],[4473.599999999999,1824],[4473.599999999999,1862.3999999999999],[4454.4,1862.3999999999999],[4454.4,1881.6],[4435.2,1881.6],[4435.2,1920],[4416,1920],[4416,1939.1999999999998],[4396.8,1939.1999999999998],[4396.8,1977.6],[4377.599999999999,1977.6],[4377.599999999999,2016],[4339.2,2016],[4339.2,2035.1999999999998],[4320,2035.1999999999998],[4320,2054.4],[4300.8,2054.4],[4300.8,2092.7999999999997],[4281.599999999999,2092.7999999999997],[4281.599999999999,2112],[4243.2,2112],[4243.2,2131.2],[4224,2131.2],[4224,2150.4],[4204.8,2150.4],[4204.8,2169.6],[4166.4,2169.6],[4166.4,2188.7999999999997],[4128,2188.7999999999997],[4128,2208],[4070.3999999999996,2208],[4070.3999999999996,2227.2],[4012.7999999999997,2227.2],[4012.7999999999997,2246.4],[3955.2,2246.4],[3955.2,2265.6],[3744,2265.6],[3744,2131.2],[3724.7999999999997,2131.2],[3724.7999999999997,1996.8],[3744,1996.8],[3744,1977.6],[3724.7999999999997,1977.6],[3724.7999999999997,1881.6],[3686.3999999999996,1881.6],[3686.3999999999996,1843.1999999999998],[3705.6,1843.1999999999998],[3705.6,1804.8],[3724.7999999999997,1804.8],[3724.7999999999997,1785.6],[3744,1785.6],[3744,1766.3999999999999],[3763.2,1766.3999999999999],[3763.2,1728],[3782.3999999999996,1728],[3782.3999999999996,1708.8],[3801.6,1708.8],[3801.6,1689.6],[3820.7999999999997,1689.6],[3820.7999999999997,1670.3999999999999],[3840,1670.3999999999999],[3840,1651.2],[3859.2,1651.2],[3859.2,1632],[3878.3999999999996,1632],[3878.3999999999996,1612.8],[3897.6,1612.8],[3897.6,1574.3999999999999],[3936,1574.3999999999999],[3936,1555.2],[3955.2,1555.2],[3955.2,1516.8],[3993.6,1516.8],[3993.6,1497.6],[4012.7999999999997,1497.6],[4012.7999999999997,1478.3999999999999],[4032,1478.3999999999999],[4032,1459.2],[4051.2,1459.2],[4051.2,1440],[4070.3999999999996,1440],[4070.3999999999996,1420.8],[4089.6,1420.8],[4089.6,1401.6],[4108.8,1401.6],[4108.8,1382.3999999999999],[4128,1382.3999999999999],[4128,1344],[4147.2,1344],[4147.2,1324.8],[4166.4,1324.8],[4166.4,1305.6],[4185.599999999999,1305.6],[4185.599999999999,1286.3999999999999],[4204.8,1286.3999999999999],[4204.8,1267.2],[4224,1267.2],[4224,1248],[4243.2,1248],[4243.2,1228.8],[4262.4,1228.8],[4262.4,1209.6],[4281.599999999999,1209.6],[4281.599999999999,1190.3999999999999],[4300.8,1190.3999999999999],[4300.8,1171.2],[4320,1171.2],[4320,1152],[4339.2,1152],[4339.2,1132.8],[4358.4,1132.8],[4358.4,1113.6],[4416,1113.6],[4416,1094.3999999999999],[4454.4,1094.3999999999999],[4454.4,1075.2]]]]}},{"type":"Feature","properties":{"kind":"district","id":79,"name":"San Andreas Nature Preserve"},"geometry":{"type":"MultiPolygon","coordinates":[[[[-1747.2,-3110.4],[-1728,-3110.4],[-1728,-3091.2],[-1708.8,-3091.2],[-1708.8,-3110.4],[-1670.3999999999999,-3110.4],[-1670.3999999999999,-3091.2],[-1612.8,-3091.2],[-1612.8,-3072],[-1440,-3072],[-1440,-3052.7999999999997],[-1420.8,-3052.7999999999997],[-1420.8,-3072],[-1324.8,-3072],[-1324.8,-3052.7999999999997],[-1305.6,-3052.7999999999997],[-1305.6,-3033.6],[-1056,-3033.6],[-1056,-3014.4],[-1036.8,-3014.4],[-1036.8,-2976],[-1017.5999999999999,-2976],[-1017.5999999999999,-2956.7999999999997],[-1036.8,-2956.7999999999997],[-1036.8,-2880],[-1017.5999999999999,-2880],[-1017.5999999999999,-2860.7999999999997],[-998.4,-2860.7999999999997],[-998.4,-2822.4],[-979.1999999999999,-2822.4],[-979.1999999999999,-2784],[-960,-2784],[-960,-2745.6],[-940.8,-2745.6],[-940.8,-2707.2],[-921.5999999999999,-2707.2],[-921.5999999999999,-2611.2],[-940.8,-2611.2],[-940.8,-2592],[-960,-2592],[-960,-2572.7999999999997],[-1036.8,-2572.7999999999997],[-1036.8,-2553.6],[-1152,-2553.6],[-1152,-2534.4],[-1171.2,-2534.4],[-1171.2,-2419.2],[-1190.3999999999999,-2419.2],[-1190.3999999999999,-2361.6],[-1209.6,-2361.6],[-1209.6,-2304],[-1228.8,-2304],[-1228.8,-2284.7999999999997],[-1248,-2284.7999999999997],[-1248,-2265.6],[-1267.2,-2265.6],[-1267.2,-2246.4],[-1286.3999999999999,-2246.4],[-1286.3999999999999,-2227.2],[-1305.6,-2227.2],[-1305.6,-2208],[-1344,-2208],[-1344,-2188.7999999999997],[-1363.2,-2188.7999999999997],[-1363.2,-2169.6],[-1401.6,-2169.6],[-1401.6,-2150.4],[-1459.2,-2150.4],[-1459.2,-2131.2],[-1497.6,-2131.2],[-1497.6,-2112],[-1516.8,-2112],[-1516.8,-2092.7999999999997],[-1536,-2092.7999999999997],[-1536,-2073.6],[-1574.3999999999999,-2073.6],[-1574.3999999999999,-2054.4],[-1651.2,-2054.4],[-1651.2,-2035.1999999999998],[-1728,-2035.1999999999998],[-1728,-2016],[-1862.3999999999999,-2016],[-1862.3999999999999,-2035.1999999999998],[-1900.8,-2035.1999999999998],[-1900.8,-2054.4],[-1920,-2054.4],[-1920,-2073.6],[-1939.1999999999998,-2073.6],[-1939.1999999999998,-2092.7999999999997],[-1958.3999999999999,-2092.7999999999997],[-1958.3999999999999,-2112],[-1977.6,-2112],[-1977.6,-2131.2],[-1996.8,-2131.2],[-1996.8,-2150.4],[-2016,-2150.4],[-2016,-2188.7999999999997],[-2035.1999999999998,-2188.7999999999997],[-2035.1999999999998,-2227.2],[-2054.4,-2227.2],[-2054.4,-2284.7999999999997],[-2073.6,-2284.7999999999997],[-2073.6,-2323.2],[-2092.7999999999997,-2323.2],[-2092.7999999999997,-2361.6],[-2112,-2361.6],[-2112,-2400],[-2131.2,-2400],[-2131.2,-2438.4],[-2150.4,-2438.4],[-2150.4,-2476.7999999999997],[-2131.2,-2476.7999999999997],[-2131.2,-2496],[-2112,-2496],[-2112,-2515.2],[-2092.7999999999997,-2515.2],[-2092.7999999999997,-2553.6],[-2073.6,-2553.6],[-2073.6,-2572.7999999999997],[-2054.4,-2572.7999999999997],[-2054.4,-2611.2],[-2035.1999999999998,-2611.2],[-2035.1999999999998,-2649.6],[-2016,-2649.6],[-2016,-2707.2],[-1996.8,-2707.2],[-1996.8,-2899.2],[-1977.6,-2899.2],[-1977.6,-2976],[-1958.3999999999999,-2976],[-1958.3999999999999,-2995.2],[-1939.1999999999998,-2995.2],[-1939.1999999999998,-3014.4],[-1920,-3014.4],[-1920,-3033.6],[-1900.8,-3033.6],[-1900.8,-3052.7999999999997],[-1881.6,-3052.7999999999997],[-1881.6,-3072],[-1804.8,-3072],[-1804.8,-3091.2],[-1747.2,-3091.2],[-1747.2,-3110.4]]]]}},{"type":"Feature","properties":{"kind":"district","id":80,"name":"Athenia"},"geometry":{"type":"MultiPolygon","coordinates":[[[[3187.2,2553.6],[3225.6,2553.6],[3225.6,2572.7999999999997],[3321.6,2572.7999999999997],[3321.6,2592],[3360,2592],[3360,2611.2],[3398.4,2611.2],[3398.4,2630.4],[3417.6,2630.4],[3417.6,2649.6],[3436.7999999999997,2649.6],[3436.7999999999997,2668.7999999999997],[3456,2668.7999999999997],[3456,2688],[3475.2,2688],[3475.2,2726.4],[3494.4,2726.4],[3494.4,2745.6],[3513.6,2745.6],[3513.6,2784],[3532.7999999999997,2784],[3532.7999999999997,2822.4],[3552,2822.4],[3552,2841.6],[3571.2,2841.6],[3571.2,2860.7999999999997],[3590.4,2860.7999999999997],[3590.4,2899.2],[3609.6,2899.2],[3609.6,2937.6],[3628.7999999999997,2937.6],[3628.7999999999997,2995.2],[3648,2995.2],[3648,3033.6],[3628.7999999999997,3033.6],[3628.7999999999997,3091.2],[3609.6,3091.2],[3609.6,3110.4],[3590.4,3110.4],[3590.4,3129.6],[3571.2,3129.6],[3571.2,3148.7999999999997],[3513.6,3148.7999999999997],[3513.6,3168],[3475.2,3168],[3475.2,3187.2],[3436.7999999999997,3187.2],[3436.7999999999997,3148.7999999999997],[3417.6,3148.7999999999997],[3417.6,3091.2],[3398.4,3091.2],[3398.4,3052.7999999999997],[3379.2,3052.7999999999997],[3379.2,3014.4],[3360,3014.4],[3360,2976],[3340.7999999999997,2976],[3340.7999999999997,2918.4],[3321.6,2918.4],[3321.6,2880],[3244.7999999999997,2880],[3244.7999999999997,2899.2],[3206.4,2899.2],[3206.4,2918.4],[3168,2918.4],[3168,2976],[3187.2,2976],[3187.2,3033.6],[3206.4,3033.6],[3206.4,3091.2],[3225.6,3091.2],[3225.6,3129.6],[3244.7999999999997,3129.6],[3244.7999999999997,3225.6],[3110.4,3225.6],[3110.4,3244.7999999999997],[3033.6,3244.7999999999997],[3033.6,3264],[2918.4,3264],[2918.4,3283.2],[2745.6,3283.2],[2745.6,3302.4],[2707.2,3302.4],[2707.2,3321.6],[2668.7999999999997,3321.6],[2668.7999999999997,3302.4],[2592,3302.4],[2592,3321.6],[2534.4,3321.6],[2534.4,3340.7999999999997],[2400,3340.7999999999997],[2400,3321.6],[2380.7999999999997,3321.6],[2380.7999999999997,3302.4],[2361.6,3302.4],[2361.6,3283.2],[2342.4,3283.2],[2342.4,3244.7999999999997],[2323.2,3244.7999999999997],[2323.2,3225.6],[2342.4,3225.6],[2342.4,3129.6],[2361.6,3129.6],[2361.6,3091.2],[2342.4,3091.2],[2342.4,3052.7999999999997],[2323.2,3052.7999999999997],[2323.2,3014.4],[2342.4,3014.4],[2342.4,2956.7999999999997],[2361.6,2956.7999999999997],[2361.6,2937.6],[2380.7999999999997,2937.6],[2380.7999999999997,2918.4],[2400,2918.4],[2400,2899.2],[2438.4,2899.2],[2438.4,2880],[2476.7999999999997,2880],[2476.7999999999997,2860.7999999999997],[2534.4,2860.7999999999997],[2534.4,2841.6],[2592,2841.6],[2592,2822.4],[2630.4,2822.4],[2630.4,2803.2],[2688,2803.2],[2688,2784],[2726.4,2784],[2726.4,2764.7999999999997],[2745.6,2764.7999999999997],[2745.6,2745.6],[2803.2,2745.6],[2803.2,2726.4],[2841.6,2726.4],[2841.6,2707.2],[2880,2707.2],[2880,2688],[2918.4,2688],[2918.4,2668.7999999999997],[2976,2668.7999999999997],[2976,2649.6],[3014.4,2649.6],[3014.4,2630.4],[3072,2630.4],[3072,2611.2],[3110.4,2611.2],[3110.4,2592],[3129.6,2592],[3129.6,2572.7999999999997],[3187.2,2572.7999999999997],[3187.2,2553.6]]]]}},{"type":"Feature","properties":{"kind":"district","id":81,"name":"Bob Newbie Int'l Airport"},"geometry":{"type":"MultiPolygon","coordinates":[[[[-844.8,-1996.8],[-806.4,-1996.8],[-806.4,-1977.6],[-787.1999999999999,-1977.6],[-787.1999999999999,-1958.3999999999999],[-768,-1958.3999999999999],[-768,-1920],[-729.6,-1920],[-729.6,-1900.8],[-710.4,-1900.8],[-710.4,-1881.6],[-691.1999999999999,-1881.6],[-691.1999999999999,-1862.3999999999999],[-672,-1862.3999999999999],[-672,-1843.1999999999998],[-652.8,-1843.1999999999998],[-652.8,-1824],[-633.6,-1824],[-633.6,-1804.8],[-614.4,-1804.8],[-614.4,-1785.6],[-595.1999999999999,-1785.6],[-595.1999999999999,-1766.3999999999999],[-576,-1766.3999999999999],[-576,-1747.2],[-556.8,-1747.2],[-556.8,-1728],[-537.6,-1728],[-537.6,-1708.8],[-518.4,-1708.8],[-518.4,-1689.6],[-499.2,-1689.6],[-499.2,-1670.3999999999999],[-480,-1670.3999999999999],[-480,-1651.2],[-460.79999999999995,-1651.2],[-460.79999999999995,-1632],[-441.59999999999997,-1632],[-441.59999999999997,-1612.8],[-422.4,-1612.8],[-422.4,-1593.6],[-403.2,-1593.6],[-403.2,-1574.3999999999999],[-384,-1574.3999999999999],[-384,-1555.2],[-364.8,-1555.2],[-364.8,-1536],[-345.59999999999997,-1536],[-345.59999999999997,-1516.8],[-326.4,-1516.8],[-326.4,-1497.6],[-307.2,-1497.6],[-307.2,-1478.3999999999999],[-288,-1478.3999999999999],[-288,-1459.2],[-249.6,-1459.2],[-249.6,-1401.6],[-268.8,-1401.6],[-268.8,-1382.3999999999999],[-288,-1382.3999999999999],[-288,-1363.2],[-307.2,-1363.2],[-307.2,-1344],[-326.4,-1344],[-326.4,-1324.8],[-345.59999999999997,-1324.8],[-345.59999999999997,-1305.6],[-364.8,-1305.6],[-364.8,-1286.3999999999999],[-384,-1286.3999999999999],[-384,-1267.2],[-403.2,-1267.2],[-403.2,-1248],[-422.4,-1248],[-422.4,-1228.8],[-441.59999999999997,-1228.8],[-441.59999999999997,-1209.6],[-460.79999999999995,-1209.6],[-460.79999999999995,-1190.3999999999999],[-480,-1190.3999999999999],[-480,-1171.2],[-499.2,-1171.2],[-499.2,-1152],[-518.4,-1152],[-518.4,-1132.8],[-537.6,-1132.8],[-537.6,-1113.6],[-556.8,-1113.6],[-556.8,-1094.3999999999999],[-576,-1094.3999999999999],[-576,-1075.2],[-595.1999999999999,-1075.2],[-595.1999999999999,-1056],[-614.4,-1056],[-614.4,-1036.8],[-633.6,-1036.8],[-633.6,-1017.5999999999999],[-652.8,-1017.5999999999999],[-652.8,-998.4],[-672,-998.4],[-672,-979.1999999999999],[-691.1999999999999,-979.1999999999999],[-691.1999999999999,-960],[-710.4,-960],[-710.4,-940.8],[-729.6,-940.8],[-729.6,-921.5999999999999],[-748.8,-921.5999999999999],[-748.8,-902.4],[-768,-902.4],[-768,-883.1999999999999],[-787.1999999999999,-883.1999999999999],[-787.1999999999999,-864],[-806.4,-864],[-806.4,-844.8],[-825.6,-844.8],[-825.6,-825.6],[-844.8,-825.6],[-844.8,-844.8],[-864,-844.8],[-864,-864],[-883.1999999999999,-864],[-883.1999999999999,-883.1999999999999],[-902.4,-883.1999999999999],[-902.4,-902.4],[-921.5999999999999,-902.4],[-921.5999999999999,-921.5999999999999],[-940.8,-921.5999999999999],[-940.8,-940.8],[-960,-940.8],[-960,-960],[-979.1999999999999,-960],[-979.1999999999999,-979.1999999999999],[-998.4,-979.1999999999999],[-998.4,-998.4],[-1017.5999999999999,-998.4],[-1017.5999999999999,-1017.5999999999999],[-1036.8,-1017.5999999999999],[-1036.8,-1036.8],[-1056,-1036.8],[-1056,-1056],[-1075.2,-1056],[-1075.2,-1075.2],[-1094.3999999999999,-1075.2],[-1094.3999999999999,-1094.3999999999999],[-1113.6,-1094.3999999999999],[-1113.6,-1113.6],[-1132.8,-1113.6],[-1132.8,-1132.8],[-1152,-1132.8],[-1152,-1152],[-1171.2,-1152],[-1171.2,-1171.2],[-1190.3999999999999,-1171.2],[-1190.3999999999999,-1190.3999999999999],[-1209.6,-1190.3999999999999],[-1209.6,-1209.6],[-1248,-1209.6],[-1248,-1228.8],[-1267.2,-1228.8],[-1267.2,-1248],[-1286.3999999999999,-1248],[-1286.3999999999999,-1267.2],[-1305.6,-1267.2],[-1305.6,-1286.3999999999999],[-1324.8,-1286.3999999999999],[-1324.8,-1305.6],[-1344,-1305.6],[-1344,-1324.8],[-1363.2,-1324.8],[-1363.2,-1344],[-1382.3999999999999,-1344],[-1382.3999999999999,-1363.2],[-1401.6,-1363.2],[-1401.6,-1382.3999999999999],[-1420.8,-1382.3999999999999],[-1420.8,-1420.8],[-1401.6,-1420.8],[-1401.6,-1440],[-1382.3999999999999,-1440],[-1382.3999999999999,-1459.2],[-1363.2,-1459.2],[-1363.2,-1478.3999999999999],[-1344,-1478.3999999999999],[-1344,-1497.6],[-1324.8,-1497.6],[-1324.8,-1516.8],[-1305.6,-1516.8],[-1305.6,-1536],[-1267.2,-1536],[-1267.2,-1555.2],[-1248,-1555.2],[-1248,-1574.3999999999999],[-1228.8,-1574.3999999999999],[-1228.8,-1593.6],[-1209.6,-1593.6],[-1209.6,-1612.8],[-1190.3999999999999,-1612.8],[-1190.3999999999999,-1632],[-1171.2,-1632],[-1171.2,-1651.2],[-1152,-1651.2],[-1152,-1670.3999999999999],[-1132.8,-1670.3999999999999],[-1132.8,-1708.8],[-1094.3999999999999,-1708.8],[-1094.3999999999999,-1728],[-1075.2,-1728],[-1075.2,-1766.3999999999999],[-1056,-1766.3999999999999],[-1056,-1785.6],[-1036.8,-1785.6],[-1036.8,-1804.8],[-1017.5999999999999,-1804.8],[-1017.5999999999999,-1824],[-998.4,-1824],[-998.4,-1843.1999999999998],[-979.1999999999999,-1843.1999999999998],[-979.1999999999999,-1862.3999999999999],[-960,-1862.3999999999999],[-960,-1881.6],[-940.8,-1881.6],[-940.8,-1900.8],[-921.5999999999999,-1900.8],[-921.5999999999999,-1920],[-902.4,-1920],[-902.4,-1939.1999999999998],[-864,-1939.1999999999998],[-864,-1977.6],[-844.8,-1977.6],[-844.8,-1996.8]]]]}},{"type":"Feature","properties":{"kind":"district","id":82,"name":"Union Mills"},"geometry":{"type":"MultiPolygon","coordinates":[[[[2880,-4704],[2995.2,-4704],[2995.2,-4684.8],[3072,-4684.8],[3072,-4704],[3091.2,-4704],[3091.2,-4684.8],[3129.6,-4684.8],[3129.6,-4665.599999999999],[3148.7999999999997,-4665.599999999999],[3148.7999999999997,-4608],[3168,-4608],[3168,-4531.2],[3148.7999999999997,-4531.2],[3148.7999999999997,-4512],[3129.6,-4512],[3129.6,-4492.8],[3110.4,-4492.8],[3110.4,-4416],[3129.6,-4416],[3129.6,-4358.4],[3110.4,-4358.4],[3110.4,-4339.2],[3091.2,-4339.2],[3091.2,-4320],[3014.4,-4320],[3014.4,-4300.8],[2860.7999999999997,-4300.8],[2860.7999999999997,-4320],[2841.6,-4320],[2841.6,-4300.8],[2726.4,-4300.8],[2726.4,-4320],[2688,-4320],[2688,-4358.4],[2668.7999999999997,-4358.4],[2668.7999999999997,-4396.8],[2649.6,-4396.8],[2649.6,-4435.2],[2668.7999999999997,-4435.2],[2668.7999999999997,-4531.2],[2688,-4531.2],[2688,-4569.599999999999],[2707.2,-4569.599999999999],[2707.2,-4627.2],[2726.4,-4627.2],[2726.4,-4646.4],[2764.7999999999997,-4646.4],[2764.7999999999997,-4665.599999999999],[2803.2,-4665.599999999999],[2803.2,-4684.8],[2880,-4684.8],[2880,-4704]]]]}},{"type":"Feature","properties":{"kind":"district","id":83,"name":"Corfu Island"},"geometry":{"type":"MultiPolygon","coordinates":[[[[5011.2,-3628.7999999999997],[5068.8,-3628.7999999999997],[5068.8,-3609.6],[5145.599999999999,-3609.6],[5145.599999999999,-3590.4],[5184,-3590.4],[5184,-3571.2],[5203.2,-3571.2],[5203.2,-3532.7999999999997],[5222.4,-3532.7999999999997],[5222.4,-3513.6],[5241.599999999999,-3513.6],[5241.599999999999,-3494.4],[5260.8,-3494.4],[5260.8,-3456],[5280,-3456],[5280,-3417.6],[5318.4,-3417.6],[5318.4,-3379.2],[5337.599999999999,-3379.2],[5337.599999999999,-3360],[5318.4,-3360],[5318.4,-3321.6],[5337.599999999999,-3321.6],[5337.599999999999,-3091.2],[5318.4,-3091.2],[5318.4,-3052.7999999999997],[5299.2,-3052.7999999999997],[5299.2,-3014.4],[5280,-3014.4],[5280,-2995.2],[5260.8,-2995.2],[5260.8,-2976],[5241.599999999999,-2976],[5241.599999999999,-2956.7999999999997],[5222.4,-2956.7999999999997],[5222.4,-2937.6],[5203.2,-2937.6],[5203.2,-2918.4],[5184,-2918.4],[5184,-2899.2],[5126.4,-2899.2],[5126.4,-2880],[5068.8,-2880],[5068.8,-2860.7999999999997],[5030.4,-2860.7999999999997],[5030.4,-2841.6],[4972.8,-2841.6],[4972.8,-2822.4],[4780.8,-2822.4],[4780.8,-2841.6],[4761.599999999999,-2841.6],[4761.599999999999,-2860.7999999999997],[4723.2,-2860.7999999999997],[4723.2,-2880],[4704,-2880],[4704,-2918.4],[4684.8,-2918.4],[4684.8,-2956.7999999999997],[4665.599999999999,-2956.7999999999997],[4665.599999999999,-3225.6],[4684.8,-3225.6],[4684.8,-3264],[4704,-3264],[4704,-3340.7999999999997],[4723.2,-3340.7999999999997],[4723.2,-3417.6],[4742.4,-3417.6],[4742.4,-3436.7999999999997],[4761.599999999999,-3436.7999999999997],[4761.599999999999,-3475.2],[4780.8,-3475.2],[4780.8,-3494.4],[4800,-3494.4],[4800,-3513.6],[4819.2,-3513.6],[4819.2,-3532.7999999999997],[4838.4,-3532.7999999999997],[4838.4,-3552],[4857.599999999999,-3552],[4857.599999999999,-3571.2],[4876.8,-3571.2],[4876.8,-3590.4],[4915.2,-3590.4],[4915.2,-3609.6],[5011.2,-3609.6],[5011.2,-3628.7999999999997]]]]}},{"type":"Feature","properties":{"kind":"district","id":84,"name":"Greenwood"},"geometry":{"type":"MultiPolygon","coordinates":[[[[2649.6,3628.7999999999997],[2745.6,3628.7999999999997],[2745.6,3648],[2764.7999999999997,3648],[2764.7999999999997,3667.2],[2841.6,3667.2],[2841.6,3648],[2995.2,3648],[2995.2,3705.6],[3014.4,3705.6],[3014.4,3763.2],[3033.6,3763.2],[3033.6,3859.2],[3052.7999999999997,3859.2],[3052.7999999999997,3916.7999999999997],[3110.4,3916.7999999999997],[3110.4,3897.6],[3264,3897.6],[3264,3916.7999999999997],[3340.7999999999997,3916.7999999999997],[3340.7999999999997,3936],[3398.4,3936],[3398.4,3993.6],[3417.6,3993.6],[3417.6,4012.7999999999997],[3436.7999999999997,4012.7999999999997],[3436.7999999999997,4051.2],[3456,4051.2],[3456,4089.6],[3552,4089.6],[3552,4128],[3571.2,4128],[3571.2,4185.599999999999],[3532.7999999999997,4185.599999999999],[3532.7999999999997,4204.8],[3513.6,4204.8],[3513.6,4224],[3494.4,4224],[3494.4,4243.2],[3513.6,4243.2],[3513.6,4300.8],[3532.7999999999997,4300.8],[3532.7999999999997,4358.4],[3494.4,4358.4],[3494.4,4339.2],[3456,4339.2],[3456,4320],[3417.6,4320],[3417.6,4300.8],[3379.2,4300.8],[3379.2,4281.599999999999],[3340.7999999999997,4281.599999999999],[3340.7999999999997,4262.4],[3302.4,4262.4],[3302.4,4243.2],[3244.7999999999997,4243.2],[3244.7999999999997,4262.4],[3225.6,4262.4],[3225.6,4320],[3206.4,4320],[3206.4,4339.2],[3187.2,4339.2],[3187.2,4377.599999999999],[3168,4377.599999999999],[3168,4416],[3148.7999999999997,4416],[3148.7999999999997,4454.4],[3091.2,4454.4],[3091.2,4435.2],[3052.7999999999997,4435.2],[3052.7999999999997,4416],[3014.4,4416],[3014.4,4396.8],[2956.7999999999997,4396.8],[2956.7999999999997,4377.599999999999],[2899.2,4377.599999999999],[2899.2,4358.4],[2841.6,4358.4],[2841.6,4339.2],[2822.4,4339.2],[2822.4,4358.4],[2803.2,4358.4],[2803.2,4377.599999999999],[2784,4377.599999999999],[2784,4396.8],[2764.7999999999997,4396.8],[2764.7999999999997,4416],[2726.4,4416],[2726.4,4435.2],[2688,4435.2],[2688,4454.4],[2649.6,4454.4],[2649.6,4473.599999999999],[2515.2,4473.599999999999],[2515.2,4454.4],[2476.7999999999997,4454.4],[2476.7999999999997,4473.599999999999],[2457.6,4473.599999999999],[2457.6,4300.8],[2438.4,4300.8],[2438.4,4262.4],[2457.6,4262.4],[2457.6,4147.2],[2438.4,4147.2],[2438.4,3974.3999999999996],[2419.2,3974.3999999999996],[2419.2,3878.3999999999996],[2438.4,3878.3999999999996],[2438.4,3840],[2457.6,3840],[2457.6,3820.7999999999997],[2496,3820.7999999999997],[2496,3801.6],[2534.4,3801.6],[2534.4,3782.3999999999996],[2553.6,3782.3999999999996],[2553.6,3763.2],[2572.7999999999997,3763.2],[2572.7999999999997,3724.7999999999997],[2592,3724.7999999999997],[2592,3648],[2649.6,3648],[2649.6,3628.7999999999997]]]]}},{"type":"Feature","properties":{"kind":"district","id":85,"name":"LaSalle Park"},"geometry":{"type":"MultiPolygon","coordinates":[[[[-1747.2,3033.6],[-1632,3033.6],[-1632,3052.7999999999997],[-1574.3999999999999,3052.7999999999997],[-1574.3999999999999,3072],[-1536,3072],[-1536,3091.2],[-1516.8,3091.2],[-1516.8,3129.6],[-1497.6,3129.6],[-1497.6,3187.2],[-1478.3999999999999,3187.2],[-1478.3999999999999,3206.4],[-1497.6,3206.4],[-1497.6,3264],[-1516.8,3264],[-1516.8,3302.4],[-1536,3302.4],[-1536,3340.7999999999997],[-1555.2,3340.7999999999997],[-1555.2,3417.6],[-1574.3999999999999,3417.6],[-1574.3999999999999,3494.4],[-1593.6,3494.4],[-1593.6,3628.7999999999997],[-1612.8,3628.7999999999997],[-1612.8,3686.3999999999996],[-1632,3686.3999999999996],[-1632,3705.6],[-1651.2,3705.6],[-1651.2,3724.7999999999997],[-1670.3999999999999,3724.7999999999997],[-1670.3999999999999,3782.3999999999996],[-1689.6,3782.3999999999996],[-1689.6,3859.2],[-1708.8,3859.2],[-1708.8,3897.6],[-1728,3897.6],[-1728,3936],[-1747.2,3936],[-1747.2,3955.2],[-1785.6,3955.2],[-1785.6,3974.3999999999996],[-1920,3974.3999999999996],[-1920,3955.2],[-1958.3999999999999,3955.2],[-1958.3999999999999,3936],[-1977.6,3936],[-1977.6,3916.7999999999997],[-1996.8,3916.7999999999997],[-1996.8,3859.2],[-2016,3859.2],[-2016,3782.3999999999996],[-1996.8,3782.3999999999996],[-1996.8,3648],[-1977.6,3648],[-1977.6,3552],[-1958.3999999999999,3552],[-1958.3999999999999,3475.2],[-1939.1999999999998,3475.2],[-1939.1999999999998,3283.2],[-1920,3283.2],[-1920,3225.6],[-1900.8,3225.6],[-1900.8,3187.2],[-1881.6,3187.2],[-1881.6,3148.7999999999997],[-1862.3999999999999,3148.7999999999997],[-1862.3999999999999,3129.6],[-1843.1999999999998,3129.6],[-1843.1999999999998,3110.4],[-1824,3110.4],[-1824,3091.2],[-1804.8,3091.2],[-1804.8,3072],[-1785.6,3072],[-1785.6,3052.7999999999997],[-1747.2,3052.7999999999997],[-1747.2,3033.6]]]]}},{"type":"Feature","properties":{"kind":"district","id":86,"name":"Pleasant Grove"},"geometry":{"type":"MultiPolygon","coordinates":[[[[2035.1999999999998,-2534.4],[2054.4,-2534.4],[2054.4,-2515.2],[2073.6,-2515.2],[2073.6,-2476.7999999999997],[2092.7999999999997,-2476.7999999999997],[2092.7999999999997,-2361.6],[2112,-2361.6],[2112,-2265.6],[2131.2,-2265.6],[2131.2,-2131.2],[2150.4,-2131.2],[2150.4,-2092.7999999999997],[2169.6,-2092.7999999999997],[2169.6,-2054.4],[2188.7999999999997,-2054.4],[2188.7999999999997,-2035.1999999999998],[2208,-2035.1999999999998],[2208,-1996.8],[2227.2,-1996.8],[2227.2,-1958.3999999999999],[2246.4,-1958.3999999999999],[2246.4,-1920],[2265.6,-1920],[2265.6,-1881.6],[2284.7999999999997,-1881.6],[2284.7999999999997,-1843.1999999999998],[2304,-1843.1999999999998],[2304,-1824],[2323.2,-1824],[2323.2,-1785.6],[2342.4,-1785.6],[2342.4,-1747.2],[2361.6,-1747.2],[2361.6,-1708.8],[2380.7999999999997,-1708.8],[2380.7999999999997,-1689.6],[2400,-1689.6],[2400,-1651.2],[2419.2,-1651.2],[2419.2,-1612.8],[2438.4,-1612.8],[2438.4,-1593.6],[2476.7999999999997,-1593.6],[2476.7999999999997,-1574.3999999999999],[2496,-1574.3999999999999],[2496,-1555.2],[2476.7999999999997,-1555.2],[2476.7999999999997,-1516.8],[2457.6,-1516.8],[2457.6,-1497.6],[2438.4,-1497.6],[2438.4,-1478.3999999999999],[2419.2,-1478.3999999999999],[2419.2,-1459.2],[2380.7999999999997,-1459.2],[2380.7999999999997,-1440],[2342.4,-1440],[2342.4,-1420.8],[2323.2,-1420.8],[2323.2,-1401.6],[2284.7999999999997,-1401.6],[2284.7999999999997,-1382.3999999999999],[2246.4,-1382.3999999999999],[2246.4,-1363.2],[2208,-1363.2],[2208,-1344],[2150.4,-1344],[2150.4,-1324.8],[2112,-1324.8],[2112,-1305.6],[2054.4,-1305.6],[2054.4,-1286.3999999999999],[2016,-1286.3999999999999],[2016,-1267.2],[1958.3999999999999,-1267.2],[1958.3999999999999,-1248],[1939.1999999999998,-1248],[1939.1999999999998,-1190.3999999999999],[1958.3999999999999,-1190.3999999999999],[1958.3999999999999,-1075.2],[1939.1999999999998,-1075.2],[1939.1999999999998,-1036.8],[1920,-1036.8],[1920,-1017.5999999999999],[1900.8,-1017.5999999999999],[1900.8,-998.4],[1862.3999999999999,-998.4],[1862.3999999999999,-979.1999999999999],[1843.1999999999998,-979.1999999999999],[1843.1999999999998,-960],[1804.8,-960],[1804.8,-940.8],[1747.2,-940.8],[1747.2,-921.5999999999999],[1708.8,-921.5999999999999],[1708.8,-902.4],[1651.2,-902.4],[1651.2,-883.1999999999999],[1612.8,-883.1999999999999],[1612.8,-864],[1574.3999999999999,-864],[1574.3999999999999,-844.8],[1516.8,-844.8],[1516.8,-825.6],[1478.3999999999999,-825.6],[1478.3999999999999,-787.1999999999999],[1440,-787.1999999999999],[1440,-768],[1401.6,-768],[1401.6,-748.8],[1344,-748.8],[1344,-768],[1305.6,-768],[1305.6,-787.1999999999999],[1190.3999999999999,-787.1999999999999],[1190.3999999999999,-768],[1171.2,-768],[1171.2,-748.8],[1152,-748.8],[1152,-729.6],[1017.5999999999999,-729.6],[1017.5999999999999,-748.8],[960,-748.8],[960,-768],[902.4,-768],[902.4,-787.1999999999999],[864,-787.1999999999999],[864,-806.4],[825.6,-806.4],[825.6,-825.6],[787.1999999999999,-825.6],[787.1999999999999,-864],[768,-864],[768,-902.4],[748.8,-902.4],[748.8,-940.8],[729.6,-940.8],[729.6,-979.1999999999999],[710.4,-979.1999999999999],[710.4,-998.4],[691.1999999999999,-998.4],[691.1999999999999,-1017.5999999999999],[672,-1017.5999999999999],[672,-1056],[652.8,-1056],[652.8,-1094.3999999999999],[614.4,-1094.3999999999999],[614.4,-1075.2],[595.1999999999999,-1075.2],[595.1999999999999,-1056],[556.8,-1056],[556.8,-1036.8],[518.4,-1036.8],[518.4,-1017.5999999999999],[480,-1017.5999999999999],[480,-1056],[460.79999999999995,-1056],[460.79999999999995,-1132.8],[441.59999999999997,-1132.8],[441.59999999999997,-1209.6],[422.4,-1209.6],[422.4,-1267.2],[403.2,-1267.2],[403.2,-1344],[384,-1344],[384,-1420.8],[403.2,-1420.8],[403.2,-1440],[384,-1440],[384,-1459.2],[403.2,-1459.2],[403.2,-1497.6],[384,-1497.6],[384,-1516.8],[403.2,-1516.8],[403.2,-1574.3999999999999],[422.4,-1574.3999999999999],[422.4,-1593.6],[441.59999999999997,-1593.6],[441.59999999999997,-1632],[460.79999999999995,-1632],[460.79999999999995,-1651.2],[480,-1651.2],[480,-1670.3999999999999],[518.4,-1670.3999999999999],[518.4,-1689.6],[537.6,-1689.6],[537.6,-1708.8],[556.8,-1708.8],[556.8,-1728],[576,-1728],[576,-1708.8],[595.1999999999999,-1708.8],[595.1999999999999,-1689.6],[614.4,-1689.6],[614.4,-1670.3999999999999],[633.6,-1670.3999999999999],[633.6,-1651.2],[652.8,-1651.2],[652.8,-1632],[672,-1632],[672,-1612.8],[691.1999999999999,-1612.8],[691.1999999999999,-1593.6],[729.6,-1593.6],[729.6,-1555.2],[748.8,-1555.2],[748.8,-1536],[768,-1536],[768,-1516.8],[806.4,-1516.8],[806.4,-1497.6],[864,-1497.6],[864,-1516.8],[902.4,-1516.8],[902.4,-1689.6],[921.5999999999999,-1689.6],[921.5999999999999,-1728],[960,-1728],[960,-1747.2],[979.1999999999999,-1747.2],[979.1999999999999,-1766.3999999999999],[1017.5999999999999,-1766.3999999999999],[1017.5999999999999,-1785.6],[1075.2,-1785.6],[1075.2,-1804.8],[1132.8,-1804.8],[1132.8,-1824],[1171.2,-1824],[1171.2,-1843.1999999999998],[1209.6,-1843.1999999999998],[1209.6,-1862.3999999999999],[1228.8,-1862.3999999999999],[1228.8,-1881.6],[1267.2,-1881.6],[1267.2,-1900.8],[1305.6,-1900.8],[1305.6,-1920],[1324.8,-1920],[1324.8,-1939.1999999999998],[1363.2,-1939.1999999999998],[1363.2,-1958.3999999999999],[1401.6,-1958.3999999999999],[1401.6,-1977.6],[1555.2,-1977.6],[1555.2,-2016],[1574.3999999999999,-2016],[1574.3999999999999,-2054.4],[1593.6,-2054.4],[1593.6,-2073.6],[1612.8,-2073.6],[1612.8,-2131.2],[1632,-2131.2],[1632,-2169.6],[1651.2,-2169.6],[1651.2,-2246.4],[1670.3999999999999,-2246.4],[1670.3999999999999,-2284.7999999999997],[1708.8,-2284.7999999999997],[1708.8,-2304],[1747.2,-2304],[1747.2,-2323.2],[1766.3999999999999,-2323.2],[1766.3999999999999,-2342.4],[1785.6,-2342.4],[1785.6,-2361.6],[1804.8,-2361.6],[1804.8,-2380.7999999999997],[1824,-2380.7999999999997],[1824,-2400],[1843.1999999999998,-2400],[1843.1999999999998,-2419.2],[1881.6,-2419.2],[1881.6,-2438.4],[1900.8,-2438.4],[1900.8,-2457.6],[1920,-2457.6],[1920,-2476.7999999999997],[1958.3999999999999,-2476.7999999999997],[1958.3999999999999,-2496],[1977.6,-2496],[1977.6,-2515.2],[2035.1999999999998,-2515.2],[2035.1999999999998,-2534.4]]]]}},{"type":"Feature","properties":{"kind":"district","id":87,"name":"New Corfu"},"geometry":{"type":"MultiPolygon","coordinates":[[[[1977.6,4070.3999999999996],[2265.6,4070.3999999999996],[2265.6,4089.6],[2361.6,4089.6],[2361.6,4108.8],[2438.4,4108.8],[2438.4,4147.2],[2457.6,4147.2],[2457.6,4262.4],[2438.4,4262.4],[2438.4,4300.8],[2457.6,4300.8],[2457.6,4473.599999999999],[2476.7999999999997,4473.599999999999],[2476.7999999999997,4646.4],[2457.6,4646.4],[2457.6,4665.599999999999],[2400,4665.599999999999],[2400,4684.8],[2361.6,4684.8],[2361.6,4665.599999999999],[2342.4,4665.599999999999],[2342.4,4684.8],[2150.4,4684.8],[2150.4,4704],[1996.8,4704],[1996.8,4665.599999999999],[1977.6,4665.599999999999],[1977.6,4608],[1958.3999999999999,4608],[1958.3999999999999,4377.599999999999],[1939.1999999999998,4377.599999999999],[1939.1999999999998,4108.8],[1958.3999999999999,4108.8],[1958.3999999999999,4089.6],[1977.6,4089.6],[1977.6,4070.3999999999996]]]]}},{"type":"Feature","properties":{"kind":"district","id":88,"name":"Washington Square Park"},"geometry":{"type":"MultiPolygon","coordinates":[[[[1939.1999999999998,3705.6],[2073.6,3705.6],[2073.6,3724.7999999999997],[2092.7999999999997,3724.7999999999997],[2092.7999999999997,3744],[2112,3744],[2112,3820.7999999999997],[2131.2,3820.7999999999997],[2131.2,4012.7999999999997],[2150.4,4012.7999999999997],[2150.4,4070.3999999999996],[1996.8,4070.3999999999996],[1996.8,4051.2],[2016,4051.2],[2016,4012.7999999999997],[1996.8,4012.7999999999997],[1996.8,3974.3999999999996],[1977.6,3974.3999999999996],[1977.6,3878.3999999999996],[1958.3999999999999,3878.3999999999996],[1958.3999999999999,3763.2],[1939.1999999999998,3763.2],[1939.1999999999998,3705.6]]]]}},{"type":"Feature","properties":{"kind":"district","id":89,"name":"Gatwick Park"},"geometry":{"type":"MultiPolygon","coordinates":[[[[2188.7999999999997,3513.6],[2246.4,3513.6],[2246.4,3532.7999999999997],[2265.6,3532.7999999999997],[2265.6,3552],[2284.7999999999997,3552],[2284.7999999999997,3590.4],[2265.6,3590.4],[2265.6,3609.6],[2246.4,3609.6],[2246.4,3628.7999999999997],[2227.2,3628.7999999999997],[2227.2,3648],[2169.6,3648],[2169.6,3628.7999999999997],[2150.4,3628.7999999999997],[2150.4,3532.7999999999997],[2188.7999999999997,3532.7999999999997],[2188.7999999999997,3513.6]]]]}},{"type":"Feature","properties":{"kind":"district","id":90,"name":"Gatwick"},"geometry":{"type":"MultiPolygon","coordinates":[[[[-729.6,-499.2],[-595.1999999999999,-499.2],[-595.1999999999999,-480],[-576,-480],[-576,-460.79999999999995],[-537.6,-460.79999999999995],[-537.6,-441.59999999999997],[-460.79999999999995,-441.59999999999997],[-460.79999999999995,-460.79999999999995],[-422.4,-460.79999999999995],[-422.4,-441.59999999999997],[-384,-441.59999999999997],[-384,-422.4],[-345.59999999999997,-422.4],[-345.59999999999997,-403.2],[-288,-403.2],[-288,-384],[-230.39999999999998,-384],[-230.39999999999998,-364.8],[-192,-364.8],[-192,-345.59999999999997],[-153.6,-345.59999999999997],[-153.6,-326.4],[-115.19999999999999,-326.4],[-115.19999999999999,-288],[-76.8,-288],[-76.8,-268.8],[-57.599999999999994,-268.8],[-57.599999999999994,-249.6],[-19.2,-249.6],[-19.2,-230.39999999999998],[38.4,-230.39999999999998],[38.4,-211.2],[57.599999999999994,-211.2],[57.599999999999994,-172.79999999999998],[76.8,-172.79999999999998],[76.8,-153.6],[115.19999999999999,-153.6],[115.19999999999999,-57.599999999999994],[96,-57.599999999999994],[96,-19.2],[76.8,-19.2],[76.8,0],[57.599999999999994,0],[57.599999999999994,38.4],[38.4,38.4],[38.4,172.79999999999998],[57.599999999999994,172.79999999999998],[57.599999999999994,268.8],[76.8,268.8],[76.8,556.8],[57.599999999999994,556.8],[57.599999999999994,595.1999999999999],[38.4,595.1999999999999],[38.4,633.6],[19.2,633.6],[19.2,652.8],[-19.2,652.8],[-19.2,672],[-57.599999999999994,672],[-57.599999999999994,691.1999999999999],[-211.2,691.1999999999999],[-211.2,710.4],[-249.6,710.4],[-249.6,691.1999999999999],[-288,691.1999999999999],[-288,710.4],[-345.59999999999997,710.4],[-345.59999999999997,729.6],[-537.6,729.6],[-537.6,710.4],[-633.6,710.4],[-633.6,691.1999999999999],[-710.4,691.1999999999999],[-710.4,672],[-787.1999999999999,672],[-787.1999999999999,652.8],[-825.6,652.8],[-825.6,633.6],[-844.8,633.6],[-844.8,614.4],[-864,614.4],[-864,595.1999999999999],[-883.1999999999999,595.1999999999999],[-883.1999999999999,576],[-921.5999999999999,576],[-921.5999999999999,556.8],[-940.8,556.8],[-940.8,537.6],[-960,537.6],[-960,499.2],[-979.1999999999999,499.2],[-979.1999999999999,460.79999999999995],[-998.4,460.79999999999995],[-998.4,422.4],[-1017.5999999999999,422.4],[-1017.5999999999999,364.8],[-1036.8,364.8],[-1036.8,268.8],[-1056,268.8],[-1056,153.6],[-1036.8,153.6],[-1036.8,19.2],[-1017.5999999999999,19.2],[-1017.5999999999999,-57.599999999999994],[-998.4,-57.599999999999994],[-998.4,-115.19999999999999],[-979.1999999999999,-115.19999999999999],[-979.1999999999999,-153.6],[-960,-153.6],[-960,-211.2],[-940.8,-211.2],[-940.8,-249.6],[-921.5999999999999,-249.6],[-921.5999999999999,-288],[-902.4,-288],[-902.4,-326.4],[-883.1999999999999,-326.4],[-883.1999999999999,-345.59999999999997],[-864,-345.59999999999997],[-864,-364.8],[-844.8,-364.8],[-844.8,-384],[-825.6,-384],[-825.6,-422.4],[-806.4,-422.4],[-806.4,-441.59999999999997],[-787.1999999999999,-441.59999999999997],[-787.1999999999999,-460.79999999999995],[-768,-460.79999999999995],[-768,-480],[-729.6,-480],[-729.6,-499.2]]]]}},{"type":"Feature","properties":{"kind":"district","id":91,"name":"Huntington Beach"},"geometry":{"type":"MultiPolygon","coordinates":[[[[-2054.4,-4262.4],[-1900.8,-4262.4],[-1900.8,-4243.2],[-1862.3999999999999,-4243.2],[-1862.3999999999999,-4224],[-1824,-4224],[-1824,-4185.599999999999],[-1785.6,-4185.599999999999],[-1785.6,-4147.2],[-1766.3999999999999,-4147.2],[-1766.3999999999999,-4108.8],[-1747.2,-4108.8],[-1747.2,-4051.2],[-1728,-4051.2],[-1728,-3955.2],[-1708.8,-3955.2],[-1708.8,-3820.7999999999997],[-1689.6,-3820.7999999999997],[-1689.6,-3628.7999999999997],[-1670.3999999999999,-3628.7999999999997],[-1670.3999999999999,-3513.6],[-1651.2,-3513.6],[-1651.2,-3360],[-1632,-3360],[-1632,-3206.4],[-1612.8,-3206.4],[-1612.8,-3168],[-1632,-3168],[-1632,-3129.6],[-1651.2,-3129.6],[-1651.2,-3091.2],[-1670.3999999999999,-3091.2],[-1670.3999999999999,-3110.4],[-1708.8,-3110.4],[-1708.8,-3091.2],[-1728,-3091.2],[-1728,-3110.4],[-1747.2,-3110.4],[-1747.2,-3091.2],[-1804.8,-3091.2],[-1804.8,-3072],[-1881.6,-3072],[-1881.6,-3052.7999999999997],[-1900.8,-3052.7999999999997],[-1900.8,-3033.6],[-1920,-3033.6],[-1920,-3014.4],[-1939.1999999999998,-3014.4],[-1939.1999999999998,-2995.2],[-1958.3999999999999,-2995.2],[-1958.3999999999999,-2976],[-1977.6,-2976],[-1977.6,-2899.2],[-1996.8,-2899.2],[-1996.8,-2707.2],[-2016,-2707.2],[-2016,-2649.6],[-2035.1999999999998,-2649.6],[-2035.1999999999998,-2611.2],[-2054.4,-2611.2],[-2054.4,-2572.7999999999997],[-2073.6,-2572.7999999999997],[-2073.6,-2553.6],[-2092.7999999999997,-2553.6],[-2092.7999999999997,-2515.2],[-2112,-2515.2],[-2112,-2496],[-2131.2,-2496],[-2131.2,-2476.7999999999997],[-2150.4,-2476.7999999999997],[-2150.4,-2457.6],[-2169.6,-2457.6],[-2169.6,-2438.4],[-2208,-2438.4],[-2208,-2419.2],[-2246.4,-2419.2],[-2246.4,-2400],[-2284.7999999999997,-2400],[-2284.7999999999997,-2380.7999999999997],[-2304,-2380.7999999999997],[-2304,-2361.6],[-2342.4,-2361.6],[-2342.4,-2342.4],[-2361.6,-2342.4],[-2361.6,-2304],[-2380.7999999999997,-2304],[-2380.7999999999997,-2284.7999999999997],[-2400,-2284.7999999999997],[-2400,-2265.6],[-2419.2,-2265.6],[-2419.2,-2246.4],[-2438.4,-2246.4],[-2438.4,-2208],[-2457.6,-2208],[-2457.6,-2150.4],[-2476.7999999999997,-2150.4],[-2476.7999999999997,-2092.7999999999997],[-2496,-2092.7999999999997],[-2496,-2054.4],[-2515.2,-2054.4],[-2515.2,-1996.8],[-2534.4,-1996.8],[-2534.4,-1958.3999999999999],[-2553.6,-1958.3999999999999],[-2553.6,-1920],[-2572.7999999999997,-1920],[-2572.7999999999997,-1881.6],[-2592,-1881.6],[-2592,-1824],[-2611.2,-1824],[-2611.2,-1785.6],[-2630.4,-1785.6],[-2630.4,-1747.2],[-2649.6,-1747.2],[-2649.6,-1728],[-2668.7999999999997,-1728],[-2668.7999999999997,-1708.8],[-2688,-1708.8],[-2688,-1670.3999999999999],[-2707.2,-1670.3999999999999],[-2707.2,-1651.2],[-2726.4,-1651.2],[-2726.4,-1612.8],[-2745.6,-1612.8],[-2745.6,-1593.6],[-2764.7999999999997,-1593.6],[-2764.7999999999997,-1555.2],[-2784,-1555.2],[-2784,-1516.8],[-2803.2,-1516.8],[-2803.2,-1363.2],[-2822.4,-1363.2],[-2822.4,-1344],[-2841.6,-1344],[-2841.6,-1324.8],[-2860.7999999999997,-1324.8],[-2860.7999999999997,-1305.6],[-2899.2,-1305.6],[-2899.2,-1286.3999999999999],[-3014.4,-1286.3999999999999],[-3014.4,-1305.6],[-3072,-1305.6],[-3072,-1324.8],[-3129.6,-1324.8],[-3129.6,-1344],[-3187.2,-1344],[-3187.2,-1363.2],[-3206.4,-1363.2],[-3206.4,-1382.3999999999999],[-3244.7999999999997,-1382.3999999999999],[-3244.7999999999997,-1401.6],[-3264,-1401.6],[-3264,-1420.8],[-3283.2,-1420.8],[-3283.2,-1440],[-3302.4,-1440],[-3302.4,-1459.2],[-3321.6,-1459.2],[-3321.6,-1478.3999999999999],[-3340.7999999999997,-1478.3999999999999],[-3340.7999999999997,-1497.6],[-3360,-1497.6],[-3360,-1536],[-3379.2,-1536],[-3379.2,-1574.3999999999999],[-3398.4,-1574.3999999999999],[-3398.4,-1593.6],[-3417.6,-1593.6],[-3417.6,-1632],[-3436.7999999999997,-1632],[-3436.7999999999997,-1651.2],[-3417.6,-1651.2],[-3417.6,-1708.8],[-3398.4,-1708.8],[-3398.4,-1843.1999999999998],[-3379.2,-1843.1999999999998],[-3379.2,-1862.3999999999999],[-3360,-1862.3999999999999],[-3360,-1900.8],[-3340.7999999999997,-1900.8],[-3340.7999999999997,-1939.1999999999998],[-3321.6,-1939.1999999999998],[-3321.6,-1977.6],[-3302.4,-1977.6],[-3302.4,-2016],[-3283.2,-2016],[-3283.2,-2035.1999999999998],[-3264,-2035.1999999999998],[-3264,-2054.4],[-3244.7999999999997,-2054.4],[-3244.7999999999997,-2092.7999999999997],[-3225.6,-2092.7999999999997],[-3225.6,-2112],[-3206.4,-2112],[-3206.4,-2131.2],[-3168,-2131.2],[-3168,-2150.4],[-3148.7999999999997,-2150.4],[-3148.7999999999997,-2169.6],[-3129.6,-2169.6],[-3129.6,-2188.7999999999997],[-3110.4,-2188.7999999999997],[-3110.4,-2208],[-3091.2,-2208],[-3091.2,-2227.2],[-3072,-2227.2],[-3072,-2246.4],[-3052.7999999999997,-2246.4],[-3052.7999999999997,-2265.6],[-3033.6,-2265.6],[-3033.6,-2284.7999999999997],[-2995.2,-2284.7999999999997],[-2995.2,-2304],[-2976,-2304],[-2976,-2342.4],[-2937.6,-2342.4],[-2937.6,-2361.6],[-2918.4,-2361.6],[-2918.4,-2380.7999999999997],[-2899.2,-2380.7999999999997],[-2899.2,-2400],[-2880,-2400],[-2880,-2438.4],[-2860.7999999999997,-2438.4],[-2860.7999999999997,-2457.6],[-2822.4,-2457.6],[-2822.4,-2476.7999999999997],[-2803.2,-2476.7999999999997],[-2803.2,-2496],[-2784,-2496],[-2784,-2534.4],[-2764.7999999999997,-2534.4],[-2764.7999999999997,-2572.7999999999997],[-2745.6,-2572.7999999999997],[-2745.6,-2592],[-2726.4,-2592],[-2726.4,-2611.2],[-2707.2,-2611.2],[-2707.2,-2630.4],[-2688,-2630.4],[-2688,-2688],[-2668.7999999999997,-2688],[-2668.7999999999997,-2764.7999999999997],[-2649.6,-2764.7999999999997],[-2649.6,-2822.4],[-2630.4,-2822.4],[-2630.4,-2880],[-2611.2,-2880],[-2611.2,-2918.4],[-2592,-2918.4],[-2592,-2976],[-2572.7999999999997,-2976],[-2572.7999999999997,-3014.4],[-2553.6,-3014.4],[-2553.6,-3072],[-2534.4,-3072],[-2534.4,-3148.7999999999997],[-2515.2,-3148.7999999999997],[-2515.2,-3206.4],[-2496,-3206.4],[-2496,-3302.4],[-2476.7999999999997,-3302.4],[-2476.7999999999997,-3360],[-2457.6,-3360],[-2457.6,-3513.6],[-2438.4,-3513.6],[-2438.4,-3571.2],[-2419.2,-3571.2],[-2419.2,-3648],[-2400,-3648],[-2400,-3705.6],[-2380.7999999999997,-3705.6],[-2380.7999999999997,-3782.3999999999996],[-2361.6,-3782.3999999999996],[-2361.6,-3936],[-2342.4,-3936],[-2342.4,-3955.2],[-2323.2,-3955.2],[-2323.2,-3993.6],[-2304,-3993.6],[-2304,-4012.7999999999997],[-2284.7999999999997,-4012.7999999999997],[-2284.7999999999997,-4032],[-2265.6,-4032],[-2265.6,-4070.3999999999996],[-2246.4,-4070.3999999999996],[-2246.4,-4089.6],[-2208,-4089.6],[-2208,-4108.8],[-2188.7999999999997,-4108.8],[-2188.7999999999997,-4128],[-2150.4,-4128],[-2150.4,-4147.2],[-2131.2,-4147.2],[-2131.2,-4185.599999999999],[-2112,-4185.599999999999],[-2112,-4224],[-2073.6,-4224],[-2073.6,-4243.2],[-2054.4,-4243.2],[-2054.4,-4262.4]]]]}},{"type":"Feature","properties":{"kind":"district","id":92,"name":"New Iberia"},"geometry":{"type":"MultiPolygon","coordinates":[[[[-1747.2,-1420.8],[-1632,-1420.8],[-1632,-1401.6],[-1612.8,-1401.6],[-1612.8,-1382.3999999999999],[-1593.6,-1382.3999999999999],[-1593.6,-1363.2],[-1555.2,-1363.2],[-1555.2,-1324.8],[-1536,-1324.8],[-1536,-1305.6],[-1516.8,-1305.6],[-1516.8,-1286.3999999999999],[-1478.3999999999999,-1286.3999999999999],[-1478.3999999999999,-1267.2],[-1420.8,-1267.2],[-1420.8,-1248],[-1382.3999999999999,-1248],[-1382.3999999999999,-1228.8],[-1363.2,-1228.8],[-1363.2,-1209.6],[-1344,-1209.6],[-1344,-1190.3999999999999],[-1324.8,-1190.3999999999999],[-1324.8,-1171.2],[-1286.3999999999999,-1171.2],[-1286.3999999999999,-1152],[-1267.2,-1152],[-1267.2,-1132.8],[-1248,-1132.8],[-1248,-1113.6],[-1228.8,-1113.6],[-1228.8,-1075.2],[-1209.6,-1075.2],[-1209.6,-1056],[-1190.3999999999999,-1056],[-1190.3999999999999,-1036.8],[-1152,-1036.8],[-1152,-1017.5999999999999],[-1132.8,-1017.5999999999999],[-1132.8,-998.4],[-1113.6,-998.4],[-1113.6,-979.1999999999999],[-1094.3999999999999,-979.1999999999999],[-1094.3999999999999,-960],[-1075.2,-960],[-1075.2,-921.5999999999999],[-1056,-921.5999999999999],[-1056,-902.4],[-1036.8,-902.4],[-1036.8,-883.1999999999999],[-1017.5999999999999,-883.1999999999999],[-1017.5999999999999,-864],[-979.1999999999999,-864],[-979.1999999999999,-844.8],[-960,-844.8],[-960,-825.6],[-940.8,-825.6],[-940.8,-806.4],[-902.4,-806.4],[-902.4,-748.8],[-921.5999999999999,-748.8],[-921.5999999999999,-729.6],[-960,-729.6],[-960,-710.4],[-998.4,-710.4],[-998.4,-691.1999999999999],[-1094.3999999999999,-691.1999999999999],[-1094.3999999999999,-672],[-1132.8,-672],[-1132.8,-652.8],[-1152,-652.8],[-1152,-633.6],[-1171.2,-633.6],[-1171.2,-614.4],[-1190.3999999999999,-614.4],[-1190.3999999999999,-595.1999999999999],[-1209.6,-595.1999999999999],[-1209.6,-576],[-1228.8,-576],[-1228.8,-556.8],[-1248,-556.8],[-1248,-537.6],[-1267.2,-537.6],[-1267.2,-499.2],[-1286.3999999999999,-499.2],[-1286.3999999999999,-480],[-1305.6,-480],[-1305.6,-460.79999999999995],[-1324.8,-460.79999999999995],[-1324.8,-441.59999999999997],[-1344,-441.59999999999997],[-1344,-422.4],[-1363.2,-422.4],[-1363.2,-403.2],[-1382.3999999999999,-403.2],[-1382.3999999999999,-326.4],[-1401.6,-326.4],[-1401.6,-288],[-1420.8,-288],[-1420.8,-249.6],[-1440,-249.6],[-1440,-192],[-1459.2,-192],[-1459.2,-153.6],[-1478.3999999999999,-153.6],[-1478.3999999999999,-115.19999999999999],[-1497.6,-115.19999999999999],[-1497.6,-96],[-1516.8,-96],[-1516.8,-57.599999999999994],[-1536,-57.599999999999994],[-1536,-38.4],[-1555.2,-38.4],[-1555.2,-19.2],[-1574.3999999999999,-19.2],[-1574.3999999999999,0],[-1593.6,0],[-1593.6,19.2],[-1632,19.2],[-1632,38.4],[-1651.2,38.4],[-1651.2,57.599999999999994],[-1689.6,57.599999999999994],[-1689.6,76.8],[-1708.8,76.8],[-1708.8,96],[-1728,96],[-1728,115.19999999999999],[-1747.2,115.19999999999999],[-1747.2,134.4],[-1766.3999999999999,134.4],[-1766.3999999999999,153.6],[-1785.6,153.6],[-1785.6,172.79999999999998],[-1804.8,172.79999999999998],[-1804.8,192],[-1843.1999999999998,192],[-1843.1999999999998,211.2],[-1862.3999999999999,211.2],[-1862.3999999999999,192],[-1881.6,192],[-1881.6,172.79999999999998],[-1900.8,172.79999999999998],[-1900.8,153.6],[-1939.1999999999998,153.6],[-1939.1999999999998,134.4],[-1958.3999999999999,134.4],[-1958.3999999999999,115.19999999999999],[-1996.8,115.19999999999999],[-1996.8,96],[-2035.1999999999998,96],[-2035.1999999999998,76.8],[-2054.4,76.8],[-2054.4,57.599999999999994],[-2092.7999999999997,57.599999999999994],[-2092.7999999999997,38.4],[-2112,38.4],[-2112,19.2],[-2150.4,19.2],[-2150.4,0],[-2169.6,0],[-2169.6,-19.2],[-2188.7999999999997,-19.2],[-2188.7999999999997,-38.4],[-2208,-38.4],[-2208,-57.599999999999994],[-2246.4,-57.599999999999994],[-2246.4,-76.8],[-2265.6,-76.8],[-2265.6,-96],[-2284.7999999999997,-96],[-2284.7999999999997,-115.19999999999999],[-2323.2,-115.19999999999999],[-2323.2,-134.4],[-2342.4,-134.4],[-2342.4,-153.6],[-2361.6,-153.6],[-2361.6,-172.79999999999998],[-2400,-172.79999999999998],[-2400,-192],[-2419.2,-192],[-2419.2,-211.2],[-2438.4,-211.2],[-2438.4,-230.39999999999998],[-2457.6,-230.39999999999998],[-2457.6,-249.6],[-2476.7999999999997,-249.6],[-2476.7999999999997,-268.8],[-2515.2,-268.8],[-2515.2,-288],[-2534.4,-288],[-2534.4,-307.2],[-2553.6,-307.2],[-2553.6,-326.4],[-2572.7999999999997,-326.4],[-2572.7999999999997,-345.59999999999997],[-2592,-345.59999999999997],[-2592,-364.8],[-2611.2,-364.8],[-2611.2,-384],[-2630.4,-384],[-2630.4,-403.2],[-2649.6,-403.2],[-2649.6,-422.4],[-2668.7999999999997,-422.4],[-2668.7999999999997,-441.59999999999997],[-2707.2,-441.59999999999997],[-2707.2,-460.79999999999995],[-2726.4,-460.79999999999995],[-2726.4,-480],[-2745.6,-480],[-2745.6,-499.2],[-2764.7999999999997,-499.2],[-2764.7999999999997,-518.4],[-2784,-518.4],[-2784,-537.6],[-2803.2,-537.6],[-2803.2,-556.8],[-2841.6,-556.8],[-2841.6,-614.4],[-2803.2,-614.4],[-2803.2,-633.6],[-2764.7999999999997,-633.6],[-2764.7999999999997,-652.8],[-2726.4,-652.8],[-2726.4,-672],[-2668.7999999999997,-672],[-2668.7999999999997,-691.1999999999999],[-2611.2,-691.1999999999999],[-2611.2,-710.4],[-2572.7999999999997,-710.4],[-2572.7999999999997,-729.6],[-2515.2,-729.6],[-2515.2,-748.8],[-2476.7999999999997,-748.8],[-2476.7999999999997,-768],[-2438.4,-768],[-2438.4,-787.1999999999999],[-2400,-787.1999999999999],[-2400,-806.4],[-2361.6,-806.4],[-2361.6,-825.6],[-2323.2,-825.6],[-2323.2,-844.8],[-2265.6,-844.8],[-2265.6,-864],[-2246.4,-864],[-2246.4,-883.1999999999999],[-2208,-883.1999999999999],[-2208,-902.4],[-2150.4,-902.4],[-2150.4,-921.5999999999999],[-2073.6,-921.5999999999999],[-2073.6,-940.8],[-2035.1999999999998,-940.8],[-2035.1999999999998,-960],[-1996.8,-960],[-1996.8,-979.1999999999999],[-1977.6,-979.1999999999999],[-1977.6,-998.4],[-1958.3999999999999,-998.4],[-1958.3999999999999,-1017.5999999999999],[-1939.1999999999998,-1017.5999999999999],[-1939.1999999999998,-1036.8],[-1920,-1036.8],[-1920,-1056],[-1881.6,-1056],[-1881.6,-1075.2],[-1862.3999999999999,-1075.2],[-1862.3999999999999,-1094.3999999999999],[-1843.1999999999998,-1094.3999999999999],[-1843.1999999999998,-1113.6],[-1824,-1113.6],[-1824,-1152],[-1804.8,-1152],[-1804.8,-1171.2],[-1785.6,-1171.2],[-1785.6,-1190.3999999999999],[-1766.3999999999999,-1190.3999999999999],[-1766.3999999999999,-1228.8],[-1785.6,-1228.8],[-1785.6,-1267.2],[-1804.8,-1267.2],[-1804.8,-1286.3999999999999],[-1824,-1286.3999999999999],[-1824,-1324.8],[-1804.8,-1324.8],[-1804.8,-1363.2],[-1785.6,-1363.2],[-1785.6,-1382.3999999999999],[-1766.3999999999999,-1382.3999999999999],[-1766.3999999999999,-1401.6],[-1747.2,-1401.6],[-1747.2,-1420.8]]]]}},{"type":"Feature","properties":{"kind":"district","id":93,"name":"Santa Maria Beach"},"geometry":{"type":"MultiPolygon","coordinates":[[[[211.2,-4665.599999999999],[230.39999999999998,-4665.599999999999],[230.39999999999998,-4646.4],[268.8,-4646.4],[268.8,-4627.2],[288,-4627.2],[288,-4608],[326.4,-4608],[326.4,-4588.8],[345.59999999999997,-4588.8],[345.59999999999997,-4569.599999999999],[384,-4569.599999999999],[384,-4550.4],[403.2,-4550.4],[403.2,-4531.2],[422.4,-4531.2],[422.4,-4492.8],[441.59999999999997,-4492.8],[441.59999999999997,-4473.599999999999],[460.79999999999995,-4473.599999999999],[460.79999999999995,-4454.4],[480,-4454.4],[480,-4416],[499.2,-4416],[499.2,-4396.8],[518.4,-4396.8],[518.4,-4358.4],[537.6,-4358.4],[537.6,-4320],[518.4,-4320],[518.4,-4300.8],[499.2,-4300.8],[499.2,-4262.4],[480,-4262.4],[480,-4243.2],[460.79999999999995,-4243.2],[460.79999999999995,-4204.8],[441.59999999999997,-4204.8],[441.59999999999997,-4185.599999999999],[422.4,-4185.599999999999],[422.4,-4147.2],[403.2,-4147.2],[403.2,-4128],[384,-4128],[384,-4108.8],[403.2,-4108.8],[403.2,-4089.6],[384,-4089.6],[384,-4051.2],[403.2,-4051.2],[403.2,-3878.3999999999996],[384,-3878.3999999999996],[384,-3840],[364.8,-3840],[364.8,-3763.2],[345.59999999999997,-3763.2],[345.59999999999997,-3705.6],[326.4,-3705.6],[326.4,-3667.2],[307.2,-3667.2],[307.2,-3648],[288,-3648],[288,-3628.7999999999997],[268.8,-3628.7999999999997],[268.8,-3571.2],[249.6,-3571.2],[249.6,-3513.6],[230.39999999999998,-3513.6],[230.39999999999998,-3436.7999999999997],[211.2,-3436.7999999999997],[211.2,-3398.4],[192,-3398.4],[192,-3340.7999999999997],[172.79999999999998,-3340.7999999999997],[172.79999999999998,-3302.4],[153.6,-3302.4],[153.6,-3283.2],[134.4,-3283.2],[134.4,-3244.7999999999997],[115.19999999999999,-3244.7999999999997],[115.19999999999999,-3225.6],[96,-3225.6],[96,-3206.4],[76.8,-3206.4],[76.8,-3187.2],[57.599999999999994,-3187.2],[57.599999999999994,-3168],[38.4,-3168],[38.4,-3148.7999999999997],[19.2,-3148.7999999999997],[19.2,-3129.6],[0,-3129.6],[0,-3110.4],[-19.2,-3110.4],[-19.2,-3091.2],[-57.599999999999994,-3091.2],[-57.599999999999994,-3072],[-76.8,-3072],[-76.8,-3052.7999999999997],[-134.4,-3052.7999999999997],[-134.4,-3033.6],[-192,-3033.6],[-192,-3014.4],[-268.8,-3014.4],[-268.8,-2995.2],[-384,-2995.2],[-384,-3014.4],[-480,-3014.4],[-480,-3033.6],[-499.2,-3033.6],[-499.2,-3014.4],[-633.6,-3014.4],[-633.6,-3033.6],[-672,-3033.6],[-672,-3014.4],[-691.1999999999999,-3014.4],[-691.1999999999999,-3033.6],[-979.1999999999999,-3033.6],[-979.1999999999999,-3052.7999999999997],[-1036.8,-3052.7999999999997],[-1036.8,-3033.6],[-1286.3999999999999,-3033.6],[-1286.3999999999999,-3052.7999999999997],[-1324.8,-3052.7999999999997],[-1324.8,-3072],[-1420.8,-3072],[-1420.8,-3052.7999999999997],[-1440,-3052.7999999999997],[-1440,-3072],[-1536,-3072],[-1536,-3091.2],[-1555.2,-3091.2],[-1555.2,-3110.4],[-1574.3999999999999,-3110.4],[-1574.3999999999999,-3129.6],[-1593.6,-3129.6],[-1593.6,-3168],[-1612.8,-3168],[-1612.8,-3206.4],[-1632,-3206.4],[-1632,-3360],[-1651.2,-3360],[-1651.2,-3513.6],[-1670.3999999999999,-3513.6],[-1670.3999999999999,-3628.7999999999997],[-1689.6,-3628.7999999999997],[-1689.6,-3820.7999999999997],[-1708.8,-3820.7999999999997],[-1708.8,-3955.2],[-1728,-3955.2],[-1728,-4051.2],[-1747.2,-4051.2],[-1747.2,-4108.8],[-1766.3999999999999,-4108.8],[-1766.3999999999999,-4147.2],[-1785.6,-4147.2],[-1785.6,-4262.4],[-1804.8,-4262.4],[-1804.8,-4396.8],[-1785.6,-4396.8],[-1785.6,-4435.2],[-1766.3999999999999,-4435.2],[-1766.3999999999999,-4473.599999999999],[-1728,-4473.599999999999],[-1728,-4492.8],[-1689.6,-4492.8],[-1689.6,-4512],[-1651.2,-4512],[-1651.2,-4531.2],[-1593.6,-4531.2],[-1593.6,-4550.4],[-1420.8,-4550.4],[-1420.8,-4531.2],[-1401.6,-4531.2],[-1401.6,-4512],[-1363.2,-4512],[-1363.2,-4492.8],[-1344,-4492.8],[-1344,-4454.4],[-1324.8,-4454.4],[-1324.8,-4435.2],[-1305.6,-4435.2],[-1305.6,-4396.8],[-1286.3999999999999,-4396.8],[-1286.3999999999999,-4358.4],[-1267.2,-4358.4],[-1267.2,-4320],[-1248,-4320],[-1248,-4281.599999999999],[-1228.8,-4281.599999999999],[-1228.8,-4243.2],[-1209.6,-4243.2],[-1209.6,-4204.8],[-1190.3999999999999,-4204.8],[-1190.3999999999999,-4166.4],[-1171.2,-4166.4],[-1171.2,-4108.8],[-1152,-4108.8],[-1152,-4051.2],[-1132.8,-4051.2],[-1132.8,-4012.7999999999997],[-1113.6,-4012.7999999999997],[-1113.6,-3955.2],[-1094.3999999999999,-3955.2],[-1094.3999999999999,-3916.7999999999997],[-1075.2,-3916.7999999999997],[-1075.2,-3878.3999999999996],[-1056,-3878.3999999999996],[-1056,-3840],[-1036.8,-3840],[-1036.8,-3801.6],[-1017.5999999999999,-3801.6],[-1017.5999999999999,-3763.2],[-998.4,-3763.2],[-998.4,-3744],[-979.1999999999999,-3744],[-979.1999999999999,-3705.6],[-960,-3705.6],[-960,-3667.2],[-940.8,-3667.2],[-940.8,-3648],[-921.5999999999999,-3648],[-921.5999999999999,-3628.7999999999997],[-902.4,-3628.7999999999997],[-902.4,-3609.6],[-883.1999999999999,-3609.6],[-883.1999999999999,-3590.4],[-864,-3590.4],[-864,-3571.2],[-825.6,-3571.2],[-825.6,-3552],[-691.1999999999999,-3552],[-691.1999999999999,-3532.7999999999997],[-672,-3532.7999999999997],[-672,-3552],[-633.6,-3552],[-633.6,-3571.2],[-595.1999999999999,-3571.2],[-595.1999999999999,-3590.4],[-556.8,-3590.4],[-556.8,-3609.6],[-537.6,-3609.6],[-537.6,-3628.7999999999997],[-518.4,-3628.7999999999997],[-518.4,-3648],[-499.2,-3648],[-499.2,-3667.2],[-480,-3667.2],[-480,-3686.3999999999996],[-460.79999999999995,-3686.3999999999996],[-460.79999999999995,-3724.7999999999997],[-441.59999999999997,-3724.7999999999997],[-441.59999999999997,-3744],[-422.4,-3744],[-422.4,-3763.2],[-403.2,-3763.2],[-403.2,-3782.3999999999996],[-384,-3782.3999999999996],[-384,-3820.7999999999997],[-364.8,-3820.7999999999997],[-364.8,-3840],[-345.59999999999997,-3840],[-345.59999999999997,-3878.3999999999996],[-326.4,-3878.3999999999996],[-326.4,-3916.7999999999997],[-307.2,-3916.7999999999997],[-307.2,-3936],[-288,-3936],[-288,-3974.3999999999996],[-268.8,-3974.3999999999996],[-268.8,-3993.6],[-249.6,-3993.6],[-249.6,-4032],[-230.39999999999998,-4032],[-230.39999999999998,-4070.3999999999996],[-211.2,-4070.3999999999996],[-211.2,-4108.8],[-192,-4108.8],[-192,-4128],[-172.79999999999998,-4128],[-172.79999999999998,-4147.2],[-153.6,-4147.2],[-153.6,-4185.599999999999],[-134.4,-4185.599999999999],[-134.4,-4224],[-115.19999999999999,-4224],[-115.19999999999999,-4243.2],[-96,-4243.2],[-96,-4281.599999999999],[-76.8,-4281.599999999999],[-76.8,-4320],[-57.599999999999994,-4320],[-57.599999999999994,-4358.4],[-38.4,-4358.4],[-38.4,-4396.8],[-19.2,-4396.8],[-19.2,-4435.2],[0,-4435.2],[0,-4473.599999999999],[38.4,-4473.599999999999],[38.4,-4512],[57.599999999999994,-4512],[57.599999999999994,-4531.2],[76.8,-4531.2],[76.8,-4550.4],[96,-4550.4],[96,-4569.599999999999],[115.19999999999999,-4569.599999999999],[115.19999999999999,-4588.8],[134.4,-4588.8],[134.4,-4608],[153.6,-4608],[153.6,-4627.2],[192,-4627.2],[192,-4646.4],[211.2,-4646.4],[211.2,-4665.599999999999]]]]}},{"type":"Feature","properties":{"kind":"district","id":94,"name":"San Rico Beach"},"geometry":{"type":"MultiPolygon","coordinates":[[[[2764.7999999999997,-3379.2],[2784,-3379.2],[2784,-3360],[2880,-3360],[2880,-3321.6],[2860.7999999999997,-3321.6],[2860.7999999999997,-3264],[2841.6,-3264],[2841.6,-3225.6],[2822.4,-3225.6],[2822.4,-3129.6],[2803.2,-3129.6],[2803.2,-3072],[2784,-3072],[2784,-2995.2],[2764.7999999999997,-2995.2],[2764.7999999999997,-2937.6],[2745.6,-2937.6],[2745.6,-2880],[2726.4,-2880],[2726.4,-2707.2],[2707.2,-2707.2],[2707.2,-2323.2],[2726.4,-2323.2],[2726.4,-2284.7999999999997],[2745.6,-2284.7999999999997],[2745.6,-2227.2],[2764.7999999999997,-2227.2],[2764.7999999999997,-2208],[2784,-2208],[2784,-2169.6],[2803.2,-2169.6],[2803.2,-2150.4],[2822.4,-2150.4],[2822.4,-2131.2],[2860.7999999999997,-2131.2],[2860.7999999999997,-2112],[3052.7999999999997,-2112],[3052.7999999999997,-2131.2],[3110.4,-2131.2],[3110.4,-2150.4],[3148.7999999999997,-2150.4],[3148.7999999999997,-2169.6],[3187.2,-2169.6],[3187.2,-2188.7999999999997],[3206.4,-2188.7999999999997],[3206.4,-2208],[3244.7999999999997,-2208],[3244.7999999999997,-2227.2],[3264,-2227.2],[3264,-2246.4],[3302.4,-2246.4],[3302.4,-2265.6],[3340.7999999999997,-2265.6],[3340.7999999999997,-2284.7999999999997],[3360,-2284.7999999999997],[3360,-2304],[3398.4,-2304],[3398.4,-2323.2],[3456,-2323.2],[3456,-2342.4],[3494.4,-2342.4],[3494.4,-2361.6],[3552,-2361.6],[3552,-2380.7999999999997],[3609.6,-2380.7999999999997],[3609.6,-2400],[3667.2,-2400],[3667.2,-2419.2],[3686.3999999999996,-2419.2],[3686.3999999999996,-2438.4],[3724.7999999999997,-2438.4],[3724.7999999999997,-2457.6],[3763.2,-2457.6],[3763.2,-2476.7999999999997],[3820.7999999999997,-2476.7999999999997],[3820.7999999999997,-2496],[3878.3999999999996,-2496],[3878.3999999999996,-2515.2],[3955.2,-2515.2],[3955.2,-2534.4],[3993.6,-2534.4],[3993.6,-2553.6],[4051.2,-2553.6],[4051.2,-2572.7999999999997],[4089.6,-2572.7999999999997],[4089.6,-2592],[4108.8,-2592],[4108.8,-2611.2],[4128,-2611.2],[4128,-2630.4],[4147.2,-2630.4],[4147.2,-2649.6],[4243.2,-2649.6],[4243.2,-2668.7999999999997],[4281.599999999999,-2668.7999999999997],[4281.599999999999,-2630.4],[4300.8,-2630.4],[4300.8,-2592],[4320,-2592],[4320,-2572.7999999999997],[4339.2,-2572.7999999999997],[4339.2,-2534.4],[4358.4,-2534.4],[4358.4,-2515.2],[4377.599999999999,-2515.2],[4377.599999999999,-2476.7999999999997],[4396.8,-2476.7999999999997],[4396.8,-2380.7999999999997],[4377.599999999999,-2380.7999999999997],[4377.599999999999,-2361.6],[4396.8,-2361.6],[4396.8,-2246.4],[4377.599999999999,-2246.4],[4377.599999999999,-2208],[4358.4,-2208],[4358.4,-2227.2],[4224,-2227.2],[4224,-2246.4],[4185.599999999999,-2246.4],[4185.599999999999,-2284.7999999999997],[4166.4,-2284.7999999999997],[4166.4,-2361.6],[4108.8,-2361.6],[4108.8,-2342.4],[4070.3999999999996,-2342.4],[4070.3999999999996,-2323.2],[4051.2,-2323.2],[4051.2,-2304],[4012.7999999999997,-2304],[4012.7999999999997,-2284.7999999999997],[3955.2,-2284.7999999999997],[3955.2,-2265.6],[3916.7999999999997,-2265.6],[3916.7999999999997,-2246.4],[3859.2,-2246.4],[3859.2,-2227.2],[3801.6,-2227.2],[3801.6,-2208],[3763.2,-2208],[3763.2,-2188.7999999999997],[3724.7999999999997,-2188.7999999999997],[3724.7999999999997,-2169.6],[3686.3999999999996,-2169.6],[3686.3999999999996,-2150.4],[3667.2,-2150.4],[3667.2,-2131.2],[3648,-2131.2],[3648,-2112],[3609.6,-2112],[3609.6,-2092.7999999999997],[3590.4,-2092.7999999999997],[3590.4,-2073.6],[3552,-2073.6],[3552,-2054.4],[3532.7999999999997,-2054.4],[3532.7999999999997,-2035.1999999999998],[3494.4,-2035.1999999999998],[3494.4,-2016],[3456,-2016],[3456,-1996.8],[3436.7999999999997,-1996.8],[3436.7999999999997,-1977.6],[3398.4,-1977.6],[3398.4,-1958.3999999999999],[3379.2,-1958.3999999999999],[3379.2,-1939.1999999999998],[3340.7999999999997,-1939.1999999999998],[3340.7999999999997,-1920],[3321.6,-1920],[3321.6,-1900.8],[3264,-1900.8],[3264,-1881.6],[3187.2,-1881.6],[3187.2,-1862.3999999999999],[3148.7999999999997,-1862.3999999999999],[3148.7999999999997,-1843.1999999999998],[3110.4,-1843.1999999999998],[3110.4,-1824],[3072,-1824],[3072,-1804.8],[3052.7999999999997,-1804.8],[3052.7999999999997,-1785.6],[3014.4,-1785.6],[3014.4,-1766.3999999999999],[2995.2,-1766.3999999999999],[2995.2,-1747.2],[2956.7999999999997,-1747.2],[2956.7999999999997,-1728],[2918.4,-1728],[2918.4,-1747.2],[2899.2,-1747.2],[2899.2,-1728],[2841.6,-1728],[2841.6,-1708.8],[2784,-1708.8],[2784,-1689.6],[2745.6,-1689.6],[2745.6,-1670.3999999999999],[2726.4,-1670.3999999999999],[2726.4,-1651.2],[2707.2,-1651.2],[2707.2,-1632],[2668.7999999999997,-1632],[2668.7999999999997,-1612.8],[2649.6,-1612.8],[2649.6,-1593.6],[2611.2,-1593.6],[2611.2,-1574.3999999999999],[2476.7999999999997,-1574.3999999999999],[2476.7999999999997,-1593.6],[2438.4,-1593.6],[2438.4,-1612.8],[2419.2,-1612.8],[2419.2,-1651.2],[2400,-1651.2],[2400,-1689.6],[2380.7999999999997,-1689.6],[2380.7999999999997,-1708.8],[2361.6,-1708.8],[2361.6,-1747.2],[2342.4,-1747.2],[2342.4,-1785.6],[2323.2,-1785.6],[2323.2,-1824],[2304,-1824],[2304,-1843.1999999999998],[2284.7999999999997,-1843.1999999999998],[2284.7999999999997,-1881.6],[2265.6,-1881.6],[2265.6,-1920],[2246.4,-1920],[2246.4,-1958.3999999999999],[2227.2,-1958.3999999999999],[2227.2,-1996.8],[2208,-1996.8],[2208,-2035.1999999999998],[2188.7999999999997,-2035.1999999999998],[2188.7999999999997,-2054.4],[2169.6,-2054.4],[2169.6,-2092.7999999999997],[2150.4,-2092.7999999999997],[2150.4,-2131.2],[2131.2,-2131.2],[2131.2,-2265.6],[2112,-2265.6],[2112,-2361.6],[2092.7999999999997,-2361.6],[2092.7999999999997,-2476.7999999999997],[2073.6,-2476.7999999999997],[2073.6,-2630.4],[2092.7999999999997,-2630.4],[2092.7999999999997,-2688],[2112,-2688],[2112,-2745.6],[2131.2,-2745.6],[2131.2,-2784],[2150.4,-2784],[2150.4,-2803.2],[2169.6,-2803.2],[2169.6,-2822.4],[2188.7999999999997,-2822.4],[2188.7999999999997,-2918.4],[2208,-2918.4],[2208,-3014.4],[2227.2,-3014.4],[2227.2,-3052.7999999999997],[2246.4,-3052.7999999999997],[2246.4,-3110.4],[2265.6,-3110.4],[2265.6,-3148.7999999999997],[2284.7999999999997,-3148.7999999999997],[2284.7999999999997,-3187.2],[2304,-3187.2],[2304,-3225.6],[2323.2,-3225.6],[2323.2,-3244.7999999999997],[2342.4,-3244.7999999999997],[2342.4,-3264],[2361.6,-3264],[2361.6,-3283.2],[2380.7999999999997,-3283.2],[2380.7999999999997,-3302.4],[2476.7999999999997,-3302.4],[2476.7999999999997,-3321.6],[2592,-3321.6],[2592,-3340.7999999999997],[2649.6,-3340.7999999999997],[2649.6,-3360],[2764.7999999999997,-3360],[2764.7999999999997,-3379.2]]]]}},{"type":"Feature","properties":{"kind":"district","id":95,"name":"Ogden Dunes"},"geometry":{"type":"MultiPolygon","coordinates":[[[[2649.6,-4646.4],[2707.2,-4646.4],[2707.2,-4569.599999999999],[2688,-4569.599999999999],[2688,-4531.2],[2668.7999999999997,-4531.2],[2668.7999999999997,-4435.2],[2649.6,-4435.2],[2649.6,-4396.8],[2668.7999999999997,-4396.8],[2668.7999999999997,-4358.4],[2688,-4358.4],[2688,-4320],[2726.4,-4320],[2726.4,-4300.8],[2841.6,-4300.8],[2841.6,-4320],[2860.7999999999997,-4320],[2860.7999999999997,-4300.8],[3014.4,-4300.8],[3014.4,-4320],[3091.2,-4320],[3091.2,-4339.2],[3110.4,-4339.2],[3110.4,-4358.4],[3129.6,-4358.4],[3129.6,-4416],[3110.4,-4416],[3110.4,-4492.8],[3129.6,-4492.8],[3129.6,-4512],[3148.7999999999997,-4512],[3148.7999999999997,-4531.2],[3168,-4531.2],[3168,-4569.599999999999],[3244.7999999999997,-4569.599999999999],[3244.7999999999997,-4550.4],[3264,-4550.4],[3264,-4531.2],[3302.4,-4531.2],[3302.4,-4512],[3321.6,-4512],[3321.6,-4492.8],[3340.7999999999997,-4492.8],[3340.7999999999997,-4473.599999999999],[3360,-4473.599999999999],[3360,-4435.2],[3379.2,-4435.2],[3379.2,-4416],[3398.4,-4416],[3398.4,-4377.599999999999],[3417.6,-4377.599999999999],[3417.6,-4339.2],[3436.7999999999997,-4339.2],[3436.7999999999997,-4166.4],[3417.6,-4166.4],[3417.6,-4089.6],[3398.4,-4089.6],[3398.4,-4051.2],[3379.2,-4051.2],[3379.2,-3993.6],[3360,-3993.6],[3360,-3974.3999999999996],[3340.7999999999997,-3974.3999999999996],[3340.7999999999997,-3916.7999999999997],[3321.6,-3916.7999999999997],[3321.6,-3859.2],[3302.4,-3859.2],[3302.4,-3820.7999999999997],[3283.2,-3820.7999999999997],[3283.2,-3782.3999999999996],[3264,-3782.3999999999996],[3264,-3744],[3244.7999999999997,-3744],[3244.7999999999997,-3705.6],[3225.6,-3705.6],[3225.6,-3686.3999999999996],[3206.4,-3686.3999999999996],[3206.4,-3667.2],[3187.2,-3667.2],[3187.2,-3628.7999999999997],[3168,-3628.7999999999997],[3168,-3609.6],[3148.7999999999997,-3609.6],[3148.7999999999997,-3571.2],[3129.6,-3571.2],[3129.6,-3552],[3110.4,-3552],[3110.4,-3532.7999999999997],[3091.2,-3532.7999999999997],[3091.2,-3513.6],[3072,-3513.6],[3072,-3475.2],[3052.7999999999997,-3475.2],[3052.7999999999997,-3456],[3033.6,-3456],[3033.6,-3436.7999999999997],[3014.4,-3436.7999999999997],[3014.4,-3417.6],[2995.2,-3417.6],[2995.2,-3398.4],[2937.6,-3398.4],[2937.6,-3379.2],[2899.2,-3379.2],[2899.2,-3360],[2784,-3360],[2784,-3379.2],[2764.7999999999997,-3379.2],[2764.7999999999997,-3360],[2649.6,-3360],[2649.6,-3340.7999999999997],[2592,-3340.7999999999997],[2592,-3321.6],[2476.7999999999997,-3321.6],[2476.7999999999997,-3302.4],[2380.7999999999997,-3302.4],[2380.7999999999997,-3321.6],[2361.6,-3321.6],[2361.6,-3398.4],[2380.7999999999997,-3398.4],[2380.7999999999997,-3417.6],[2361.6,-3417.6],[2361.6,-3475.2],[2342.4,-3475.2],[2342.4,-3532.7999999999997],[2323.2,-3532.7999999999997],[2323.2,-3590.4],[2304,-3590.4],[2304,-3609.6],[2284.7999999999997,-3609.6],[2284.7999999999997,-3648],[2265.6,-3648],[2265.6,-3667.2],[2246.4,-3667.2],[2246.4,-3686.3999999999996],[2227.2,-3686.3999999999996],[2227.2,-3705.6],[2208,-3705.6],[2208,-3724.7999999999997],[2188.7999999999997,-3724.7999999999997],[2188.7999999999997,-3744],[2169.6,-3744],[2169.6,-3763.2],[2150.4,-3763.2],[2150.4,-3782.3999999999996],[2112,-3782.3999999999996],[2112,-3801.6],[2073.6,-3801.6],[2073.6,-3820.7999999999997],[2035.1999999999998,-3820.7999999999997],[2035.1999999999998,-3840],[1977.6,-3840],[1977.6,-3859.2],[1881.6,-3859.2],[1881.6,-3878.3999999999996],[1824,-3878.3999999999996],[1824,-3897.6],[1785.6,-3897.6],[1785.6,-3916.7999999999997],[1593.6,-3916.7999999999997],[1593.6,-3936],[1574.3999999999999,-3936],[1574.3999999999999,-3955.2],[1555.2,-3955.2],[1555.2,-3974.3999999999996],[1536,-3974.3999999999996],[1536,-4012.7999999999997],[1516.8,-4012.7999999999997],[1516.8,-4089.6],[1536,-4089.6],[1536,-4128],[1555.2,-4128],[1555.2,-4185.599999999999],[1574.3999999999999,-4185.599999999999],[1574.3999999999999,-4224],[1593.6,-4224],[1593.6,-4243.2],[1612.8,-4243.2],[1612.8,-4262.4],[1632,-4262.4],[1632,-4281.599999999999],[1670.3999999999999,-4281.599999999999],[1670.3999999999999,-4300.8],[1708.8,-4300.8],[1708.8,-4320],[1766.3999999999999,-4320],[1766.3999999999999,-4339.2],[1785.6,-4339.2],[1785.6,-4358.4],[1843.1999999999998,-4358.4],[1843.1999999999998,-4377.599999999999],[1881.6,-4377.599999999999],[1881.6,-4396.8],[1920,-4396.8],[1920,-4416],[1958.3999999999999,-4416],[1958.3999999999999,-4435.2],[2016,-4435.2],[2016,-4454.4],[2073.6,-4454.4],[2073.6,-4473.599999999999],[2112,-4473.599999999999],[2112,-4492.8],[2169.6,-4492.8],[2169.6,-4512],[2227.2,-4512],[2227.2,-4531.2],[2304,-4531.2],[2304,-4550.4],[2361.6,-4550.4],[2361.6,-4569.599999999999],[2400,-4569.599999999999],[2400,-4588.8],[2476.7999999999997,-4588.8],[2476.7999999999997,-4608],[2553.6,-4608],[2553.6,-4627.2],[2649.6,-4627.2],[2649.6,-4646.4]]]]}},{"type":"Feature","properties":{"kind":"district","id":96,"name":"Millenium Park"},"geometry":{"type":"MultiPolygon","coordinates":[[[[2592,3302.4],[2668.7999999999997,3302.4],[2668.7999999999997,3321.6],[2688,3321.6],[2688,3417.6],[2707.2,3417.6],[2707.2,3475.2],[2726.4,3475.2],[2726.4,3532.7999999999997],[2745.6,3532.7999999999997],[2745.6,3628.7999999999997],[2649.6,3628.7999999999997],[2649.6,3648],[2572.7999999999997,3648],[2572.7999999999997,3628.7999999999997],[2553.6,3628.7999999999997],[2553.6,3609.6],[2534.4,3609.6],[2534.4,3590.4],[2515.2,3590.4],[2515.2,3532.7999999999997],[2496,3532.7999999999997],[2496,3475.2],[2476.7999999999997,3475.2],[2476.7999999999997,3436.7999999999997],[2457.6,3436.7999999999997],[2457.6,3379.2],[2476.7999999999997,3379.2],[2476.7999999999997,3340.7999999999997],[2534.4,3340.7999999999997],[2534.4,3321.6],[2592,3321.6],[2592,3302.4]]]]}},{"type":"Feature","properties":{"kind":"district","id":97,"name":"New Downtown"},"geometry":{"type":"MultiPolygon","coordinates":[[[[2150.4,2995.2],[2227.2,2995.2],[2227.2,3014.4],[2246.4,3014.4],[2246.4,3052.7999999999997],[2265.6,3052.7999999999997],[2265.6,3091.2],[2284.7999999999997,3091.2],[2284.7999999999997,3187.2],[2304,3187.2],[2304,3340.7999999999997],[2323.2,3340.7999999999997],[2323.2,3398.4],[2342.4,3398.4],[2342.4,3456],[2323.2,3456],[2323.2,3494.4],[2342.4,3494.4],[2342.4,3590.4],[2361.6,3590.4],[2361.6,3648],[2419.2,3648],[2419.2,3628.7999999999997],[2457.6,3628.7999999999997],[2457.6,3609.6],[2496,3609.6],[2496,3590.4],[2534.4,3590.4],[2534.4,3609.6],[2553.6,3609.6],[2553.6,3628.7999999999997],[2572.7999999999997,3628.7999999999997],[2572.7999999999997,3648],[2592,3648],[2592,3724.7999999999997],[2572.7999999999997,3724.7999999999997],[2572.7999999999997,3763.2],[2553.6,3763.2],[2553.6,3782.3999999999996],[2534.4,3782.3999999999996],[2534.4,3801.6],[2496,3801.6],[2496,3820.7999999999997],[2457.6,3820.7999999999997],[2457.6,3840],[2438.4,3840],[2438.4,3878.3999999999996],[2419.2,3878.3999999999996],[2419.2,3974.3999999999996],[2438.4,3974.3999999999996],[2438.4,4108.8],[2361.6,4108.8],[2361.6,4089.6],[2265.6,4089.6],[2265.6,4070.3999999999996],[2150.4,4070.3999999999996],[2150.4,4012.7999999999997],[2131.2,4012.7999999999997],[2131.2,3820.7999999999997],[2112,3820.7999999999997],[2112,3744],[2092.7999999999997,3744],[2092.7999999999997,3724.7999999999997],[2073.6,3724.7999999999997],[2073.6,3705.6],[1939.1999999999998,3705.6],[1939.1999999999998,3763.2],[1958.3999999999999,3763.2],[1958.3999999999999,3878.3999999999996],[1977.6,3878.3999999999996],[1977.6,3974.3999999999996],[1996.8,3974.3999999999996],[1996.8,4012.7999999999997],[2016,4012.7999999999997],[2016,4051.2],[1996.8,4051.2],[1996.8,4070.3999999999996],[1977.6,4070.3999999999996],[1977.6,4089.6],[1881.6,4089.6],[1881.6,4070.3999999999996],[1862.3999999999999,4070.3999999999996],[1862.3999999999999,4051.2],[1843.1999999999998,4051.2],[1843.1999999999998,3936],[1824,3936],[1824,3801.6],[1804.8,3801.6],[1804.8,3609.6],[1824,3609.6],[1824,3552],[1843.1999999999998,3552],[1843.1999999999998,3494.4],[1862.3999999999999,3494.4],[1862.3999999999999,3436.7999999999997],[1881.6,3436.7999999999997],[1881.6,3379.2],[1900.8,3379.2],[1900.8,3321.6],[1920,3321.6],[1920,3302.4],[1939.1999999999998,3302.4],[1939.1999999999998,3264],[1958.3999999999999,3264],[1958.3999999999999,3225.6],[1977.6,3225.6],[1977.6,3187.2],[1996.8,3187.2],[1996.8,3168],[2016,3168],[2016,3129.6],[2035.1999999999998,3129.6],[2035.1999999999998,3110.4],[2054.4,3110.4],[2054.4,3091.2],[2073.6,3091.2],[2073.6,3072],[2092.7999999999997,3072],[2092.7999999999997,3033.6],[2112,3033.6],[2112,3014.4],[2150.4,3014.4],[2150.4,2995.2]],[[2188.7999999999997,3513.6],[2188.7999999999997,3532.7999999999997],[2150.4,3532.7999999999997],[2150.4,3628.7999999999997],[2169.6,3628.7999999999997],[2169.6,3648],[2227.2,3648],[2227.2,3628.7999999999997],[2246.4,3628.7999999999997],[2246.4,3609.6],[2265.6,3609.6],[2265.6,3590.4],[2284.7999999999997,3590.4],[2284.7999999999997,3552],[2265.6,3552],[2265.6,3532.7999999999997],[2246.4,3532.7999999999997],[2246.4,3513.6],[2188.7999999999997,3513.6]]]]}},{"type":"Feature","properties":{"kind":"district","id":98,"name":"Corfu Harbor"},"geometry":{"type":"MultiPolygon","coordinates":[[[[4108.8,-2361.6],[4166.4,-2361.6],[4166.4,-2284.7999999999997],[4185.599999999999,-2284.7999999999997],[4185.599999999999,-2246.4],[4224,-2246.4],[4224,-2227.2],[4358.4,-2227.2],[4358.4,-2208],[4377.599999999999,-2208],[4377.599999999999,-2188.7999999999997],[4396.8,-2188.7999999999997],[4396.8,-2131.2],[4416,-2131.2],[4416,-2035.1999999999998],[4435.2,-2035.1999999999998],[4435.2,-1977.6],[4454.4,-1977.6],[4454.4,-1939.1999999999998],[4473.599999999999,-1939.1999999999998],[4473.599999999999,-1881.6],[4492.8,-1881.6],[4492.8,-1804.8],[4512,-1804.8],[4512,-1670.3999999999999],[4492.8,-1670.3999999999999],[4492.8,-1555.2],[4473.599999999999,-1555.2],[4473.599999999999,-1536],[4454.4,-1536],[4454.4,-1516.8],[4435.2,-1516.8],[4435.2,-1497.6],[4416,-1497.6],[4416,-1478.3999999999999],[4396.8,-1478.3999999999999],[4396.8,-1440],[4377.599999999999,-1440],[4377.599999999999,-1420.8],[4358.4,-1420.8],[4358.4,-1401.6],[4339.2,-1401.6],[4339.2,-1382.3999999999999],[4320,-1382.3999999999999],[4320,-1344],[4300.8,-1344],[4300.8,-1324.8],[4281.599999999999,-1324.8],[4281.599999999999,-1305.6],[4262.4,-1305.6],[4262.4,-1286.3999999999999],[4243.2,-1286.3999999999999],[4243.2,-1267.2],[4204.8,-1267.2],[4204.8,-1248],[4185.599999999999,-1248],[4185.599999999999,-1228.8],[4166.4,-1228.8],[4166.4,-1190.3999999999999],[4147.2,-1190.3999999999999],[4147.2,-1171.2],[4128,-1171.2],[4128,-1132.8],[4108.8,-1132.8],[4108.8,-1094.3999999999999],[4089.6,-1094.3999999999999],[4089.6,-1075.2],[4070.3999999999996,-1075.2],[4070.3999999999996,-1056],[4051.2,-1056],[4051.2,-1017.5999999999999],[4032,-1017.5999999999999],[4032,-998.4],[4012.7999999999997,-998.4],[4012.7999999999997,-979.1999999999999],[3993.6,-979.1999999999999],[3993.6,-960],[3974.3999999999996,-960],[3974.3999999999996,-940.8],[3955.2,-940.8],[3955.2,-921.5999999999999],[3936,-921.5999999999999],[3936,-902.4],[3916.7999999999997,-902.4],[3916.7999999999997,-883.1999999999999],[3897.6,-883.1999999999999],[3897.6,-864],[3878.3999999999996,-864],[3878.3999999999996,-844.8],[3859.2,-844.8],[3859.2,-825.6],[3840,-825.6],[3840,-806.4],[3820.7999999999997,-806.4],[3820.7999999999997,-787.1999999999999],[3801.6,-787.1999999999999],[3801.6,-768],[3763.2,-768],[3763.2,-748.8],[3744,-748.8],[3744,-729.6],[3724.7999999999997,-729.6],[3724.7999999999997,-710.4],[3705.6,-710.4],[3705.6,-691.1999999999999],[3686.3999999999996,-691.1999999999999],[3686.3999999999996,-672],[3667.2,-672],[3667.2,-652.8],[3648,-652.8],[3648,-633.6],[3628.7999999999997,-633.6],[3628.7999999999997,-614.4],[3609.6,-614.4],[3609.6,-595.1999999999999],[3590.4,-595.1999999999999],[3590.4,-556.8],[3571.2,-556.8],[3571.2,-537.6],[3552,-537.6],[3552,-518.4],[3513.6,-518.4],[3513.6,-499.2],[3494.4,-499.2],[3494.4,-480],[3475.2,-480],[3475.2,-460.79999999999995],[3436.7999999999997,-460.79999999999995],[3436.7999999999997,-441.59999999999997],[3398.4,-441.59999999999997],[3398.4,-422.4],[3360,-422.4],[3360,-403.2],[3264,-403.2],[3264,-384],[3244.7999999999997,-384],[3244.7999999999997,-403.2],[3168,-403.2],[3168,-422.4],[3129.6,-422.4],[3129.6,-441.59999999999997],[3091.2,-441.59999999999997],[3091.2,-460.79999999999995],[3072,-460.79999999999995],[3072,-480],[3033.6,-480],[3033.6,-499.2],[2995.2,-499.2],[2995.2,-537.6],[2976,-537.6],[2976,-576],[2956.7999999999997,-576],[2956.7999999999997,-595.1999999999999],[2937.6,-595.1999999999999],[2937.6,-672],[2918.4,-672],[2918.4,-710.4],[2899.2,-710.4],[2899.2,-748.8],[2880,-748.8],[2880,-806.4],[2860.7999999999997,-806.4],[2860.7999999999997,-844.8],[2841.6,-844.8],[2841.6,-921.5999999999999],[2822.4,-921.5999999999999],[2822.4,-979.1999999999999],[2803.2,-979.1999999999999],[2803.2,-1132.8],[2784,-1132.8],[2784,-1190.3999999999999],[2803.2,-1190.3999999999999],[2803.2,-1248],[2784,-1248],[2784,-1344],[2764.7999999999997,-1344],[2764.7999999999997,-1363.2],[2745.6,-1363.2],[2745.6,-1344],[2688,-1344],[2688,-1363.2],[2668.7999999999997,-1363.2],[2668.7999999999997,-1497.6],[2649.6,-1497.6],[2649.6,-1555.2],[2668.7999999999997,-1555.2],[2668.7999999999997,-1574.3999999999999],[2688,-1574.3999999999999],[2688,-1612.8],[2707.2,-1612.8],[2707.2,-1651.2],[2726.4,-1651.2],[2726.4,-1670.3999999999999],[2745.6,-1670.3999999999999],[2745.6,-1689.6],[2784,-1689.6],[2784,-1708.8],[2841.6,-1708.8],[2841.6,-1728],[2899.2,-1728],[2899.2,-1747.2],[2918.4,-1747.2],[2918.4,-1728],[2956.7999999999997,-1728],[2956.7999999999997,-1747.2],[2995.2,-1747.2],[2995.2,-1766.3999999999999],[3014.4,-1766.3999999999999],[3014.4,-1785.6],[3052.7999999999997,-1785.6],[3052.7999999999997,-1804.8],[3072,-1804.8],[3072,-1824],[3110.4,-1824],[3110.4,-1843.1999999999998],[3148.7999999999997,-1843.1999999999998],[3148.7999999999997,-1862.3999999999999],[3187.2,-1862.3999999999999],[3187.2,-1881.6],[3264,-1881.6],[3264,-1900.8],[3321.6,-1900.8],[3321.6,-1920],[3340.7999999999997,-1920],[3340.7999999999997,-1939.1999999999998],[3379.2,-1939.1999999999998],[3379.2,-1958.3999999999999],[3398.4,-1958.3999999999999],[3398.4,-1977.6],[3436.7999999999997,-1977.6],[3436.7999999999997,-1996.8],[3456,-1996.8],[3456,-2016],[3494.4,-2016],[3494.4,-2035.1999999999998],[3532.7999999999997,-2035.1999999999998],[3532.7999999999997,-2054.4],[3552,-2054.4],[3552,-2073.6],[3590.4,-2073.6],[3590.4,-2092.7999999999997],[3609.6,-2092.7999999999997],[3609.6,-2112],[3648,-2112],[3648,-2131.2],[3667.2,-2131.2],[3667.2,-2150.4],[3686.3999999999996,-2150.4],[3686.3999999999996,-2169.6],[3724.7999999999997,-2169.6],[3724.7999999999997,-2188.7999999999997],[3763.2,-2188.7999999999997],[3763.2,-2208],[3801.6,-2208],[3801.6,-2227.2],[3859.2,-2227.2],[3859.2,-2246.4],[3916.7999999999997,-2246.4],[3916.7999999999997,-2265.6],[3955.2,-2265.6],[3955.2,-2284.7999999999997],[4012.7999999999997,-2284.7999999999997],[4012.7999999999997,-2304],[4051.2,-2304],[4051.2,-2323.2],[4070.3999999999996,-2323.2],[4070.3999999999996,-2342.4],[4108.8,-2342.4],[4108.8,-2361.6]]]]}},{"type":"Feature","properties":{"kind":"district","id":99,"name":"Wicker Park"},"geometry":{"type":"MultiPolygon","coordinates":[[[[2208,2054.4],[2304,2054.4],[2304,2092.7999999999997],[2323.2,2092.7999999999997],[2323.2,2476.7999999999997],[2304,2476.7999999999997],[2304,2496],[2284.7999999999997,2496],[2284.7999999999997,2515.2],[2188.7999999999997,2515.2],[2188.7999999999997,2496],[2169.6,2496],[2169.6,2092.7999999999997],[2188.7999999999997,2092.7999999999997],[2188.7999999999997,2073.6],[2208,2073.6],[2208,2054.4]]]]}},{"type":"Feature","properties":{"kind":"district","id":100,"name":"Anthem Heights"},"geometry":{"type":"MultiPolygon","coordinates":[[[[-211.2,1190.3999999999999],[-153.6,1190.3999999999999],[-153.6,1209.6],[-134.4,1209.6],[-134.4,1267.2],[-115.19999999999999,1267.2],[-115.19999999999999,1382.3999999999999],[-96,1382.3999999999999],[-96,1593.6],[-192,1593.6],[-192,1612.8],[-307.2,1612.8],[-307.2,1632],[-441.59999999999997,1632],[-441.59999999999997,1651.2],[-576,1651.2],[-576,1670.3999999999999],[-710.4,1670.3999999999999],[-710.4,1689.6],[-806.4,1689.6],[-806.4,1651.2],[-825.6,1651.2],[-825.6,1536],[-844.8,1536],[-844.8,1401.6],[-864,1401.6],[-864,1305.6],[-883.1999999999999,1305.6],[-883.1999999999999,1267.2],[-864,1267.2],[-864,1248],[-633.6,1248],[-633.6,1228.8],[-518.4,1228.8],[-518.4,1248],[-480,1248],[-480,1228.8],[-345.59999999999997,1228.8],[-345.59999999999997,1209.6],[-211.2,1209.6],[-211.2,1190.3999999999999]]]]}},{"type":"Feature","properties":{"kind":"district","id":101,"name":"Lincoln Park"},"geometry":{"type":"MultiPolygon","coordinates":[[[[1920,2630.4],[2035.1999999999998,2630.4],[2035.1999999999998,2649.6],[2092.7999999999997,2649.6],[2092.7999999999997,2688],[2112,2688],[2112,2764.7999999999997],[2092.7999999999997,2764.7999999999997],[2092.7999999999997,2784],[2073.6,2784],[2073.6,2803.2],[2054.4,2803.2],[2054.4,2822.4],[2016,2822.4],[2016,2841.6],[1996.8,2841.6],[1996.8,2860.7999999999997],[1977.6,2860.7999999999997],[1977.6,2880],[1958.3999999999999,2880],[1958.3999999999999,2899.2],[1939.1999999999998,2899.2],[1939.1999999999998,2918.4],[1920,2918.4],[1920,2937.6],[1862.3999999999999,2937.6],[1862.3999999999999,2956.7999999999997],[1843.1999999999998,2956.7999999999997],[1843.1999999999998,2937.6],[1824,2937.6],[1824,2784],[1843.1999999999998,2784],[1843.1999999999998,2726.4],[1862.3999999999999,2726.4],[1862.3999999999999,2707.2],[1881.6,2707.2],[1881.6,2688],[1900.8,2688],[1900.8,2649.6],[1920,2649.6],[1920,2630.4]]]]}},{"type":"Feature","properties":{"kind":"district","id":102,"name":"Florence Heights"},"geometry":{"type":"MultiPolygon","coordinates":[[[[1728,1171.2],[1747.2,1171.2],[1747.2,1190.3999999999999],[1785.6,1190.3999999999999],[1785.6,1209.6],[1804.8,1209.6],[1804.8,1228.8],[1824,1228.8],[1824,1248],[1843.1999999999998,1248],[1843.1999999999998,1228.8],[1900.8,1228.8],[1900.8,1209.6],[1958.3999999999999,1209.6],[1958.3999999999999,1190.3999999999999],[2016,1190.3999999999999],[2016,1171.2],[2112,1171.2],[2112,1190.3999999999999],[2150.4,1190.3999999999999],[2150.4,1209.6],[2188.7999999999997,1209.6],[2188.7999999999997,1228.8],[2227.2,1228.8],[2227.2,1267.2],[2246.4,1267.2],[2246.4,1363.2],[2265.6,1363.2],[2265.6,1382.3999999999999],[2284.7999999999997,1382.3999999999999],[2284.7999999999997,1401.6],[2304,1401.6],[2304,1440],[2284.7999999999997,1440],[2284.7999999999997,1478.3999999999999],[2265.6,1478.3999999999999],[2265.6,1516.8],[2246.4,1516.8],[2246.4,1612.8],[2227.2,1612.8],[2227.2,1689.6],[2208,1689.6],[2208,1728],[2188.7999999999997,1728],[2188.7999999999997,1766.3999999999999],[2169.6,1766.3999999999999],[2169.6,1804.8],[2150.4,1804.8],[2150.4,1843.1999999999998],[2131.2,1843.1999999999998],[2131.2,1881.6],[2112,1881.6],[2112,1920],[2092.7999999999997,1920],[2092.7999999999997,1939.1999999999998],[2054.4,1939.1999999999998],[2054.4,1958.3999999999999],[2016,1958.3999999999999],[2016,1977.6],[1900.8,1977.6],[1900.8,1958.3999999999999],[1536,1958.3999999999999],[1536,1977.6],[1516.8,1977.6],[1516.8,1996.8],[1267.2,1996.8],[1267.2,1939.1999999999998],[1516.8,1939.1999999999998],[1516.8,1900.8],[1497.6,1900.8],[1497.6,1862.3999999999999],[1478.3999999999999,1862.3999999999999],[1478.3999999999999,1785.6],[1497.6,1785.6],[1497.6,1728],[1478.3999999999999,1728],[1478.3999999999999,1651.2],[1459.2,1651.2],[1459.2,1574.3999999999999],[1440,1574.3999999999999],[1440,1536],[1420.8,1536],[1420.8,1478.3999999999999],[1440,1478.3999999999999],[1440,1440],[1459.2,1440],[1459.2,1382.3999999999999],[1497.6,1382.3999999999999],[1497.6,1363.2],[1574.3999999999999,1363.2],[1574.3999999999999,1344],[1593.6,1344],[1593.6,1324.8],[1612.8,1324.8],[1612.8,1305.6],[1632,1305.6],[1632,1286.3999999999999],[1651.2,1286.3999999999999],[1651.2,1248],[1670.3999999999999,1248],[1670.3999999999999,1228.8],[1689.6,1228.8],[1689.6,1209.6],[1708.8,1209.6],[1708.8,1190.3999999999999],[1728,1190.3999999999999],[1728,1171.2]]]]}},{"type":"Feature","properties":{"kind":"district","id":103,"name":"Greenwich"},"geometry":{"type":"MultiPolygon","coordinates":[[[[-1075.2,729.6],[-672,729.6],[-672,748.8],[-595.1999999999999,748.8],[-595.1999999999999,768],[-556.8,768],[-556.8,787.1999999999999],[-537.6,787.1999999999999],[-537.6,883.1999999999999],[-556.8,883.1999999999999],[-556.8,902.4],[-576,902.4],[-576,940.8],[-595.1999999999999,940.8],[-595.1999999999999,998.4],[-614.4,998.4],[-614.4,1036.8],[-633.6,1036.8],[-633.6,1075.2],[-652.8,1075.2],[-652.8,1094.3999999999999],[-672,1094.3999999999999],[-672,1132.8],[-652.8,1132.8],[-652.8,1171.2],[-614.4,1171.2],[-614.4,1190.3999999999999],[-576,1190.3999999999999],[-576,1228.8],[-633.6,1228.8],[-633.6,1248],[-1036.8,1248],[-1036.8,1228.8],[-1113.6,1228.8],[-1113.6,1209.6],[-1228.8,1209.6],[-1228.8,1190.3999999999999],[-1248,1190.3999999999999],[-1248,1209.6],[-1305.6,1209.6],[-1305.6,1190.3999999999999],[-1324.8,1190.3999999999999],[-1324.8,1171.2],[-1344,1171.2],[-1344,1094.3999999999999],[-1324.8,1094.3999999999999],[-1324.8,1056],[-1305.6,1056],[-1305.6,1036.8],[-1267.2,1036.8],[-1267.2,1017.5999999999999],[-1228.8,1017.5999999999999],[-1228.8,998.4],[-1209.6,998.4],[-1209.6,979.1999999999999],[-1190.3999999999999,979.1999999999999],[-1190.3999999999999,940.8],[-1171.2,940.8],[-1171.2,902.4],[-1152,902.4],[-1152,864],[-1132.8,864],[-1132.8,825.6],[-1113.6,825.6],[-1113.6,768],[-1094.3999999999999,768],[-1094.3999999999999,748.8],[-1075.2,748.8],[-1075.2,729.6]]]]}},{"type":"Feature","properties":{"kind":"district","id":104,"name":"Hickory Hills"},"geometry":{"type":"MultiPolygon","coordinates":[[[[-153.6,768],[-96,768],[-96,787.1999999999999],[76.8,787.1999999999999],[76.8,806.4],[96,806.4],[96,902.4],[115.19999999999999,902.4],[115.19999999999999,940.8],[134.4,940.8],[134.4,1017.5999999999999],[153.6,1017.5999999999999],[153.6,1113.6],[134.4,1113.6],[134.4,1132.8],[96,1132.8],[96,1152],[19.2,1152],[19.2,1171.2],[-76.8,1171.2],[-76.8,1190.3999999999999],[-115.19999999999999,1190.3999999999999],[-115.19999999999999,1209.6],[-153.6,1209.6],[-153.6,1190.3999999999999],[-211.2,1190.3999999999999],[-211.2,1209.6],[-345.59999999999997,1209.6],[-345.59999999999997,1228.8],[-480,1228.8],[-480,1248],[-518.4,1248],[-518.4,1228.8],[-576,1228.8],[-576,1190.3999999999999],[-614.4,1190.3999999999999],[-614.4,1171.2],[-652.8,1171.2],[-652.8,1132.8],[-672,1132.8],[-672,1094.3999999999999],[-652.8,1094.3999999999999],[-652.8,1075.2],[-633.6,1075.2],[-633.6,1036.8],[-614.4,1036.8],[-614.4,998.4],[-595.1999999999999,998.4],[-595.1999999999999,940.8],[-576,940.8],[-576,902.4],[-556.8,902.4],[-556.8,883.1999999999999],[-537.6,883.1999999999999],[-537.6,864],[-518.4,864],[-518.4,844.8],[-460.79999999999995,844.8],[-460.79999999999995,825.6],[-403.2,825.6],[-403.2,806.4],[-307.2,806.4],[-307.2,787.1999999999999],[-153.6,787.1999999999999],[-153.6,768]]]]}},{"type":"Feature","properties":{"kind":"district","id":105,"name":"Harlem"},"geometry":{"type":"MultiPolygon","coordinates":[[[[-96,1574.3999999999999],[-76.8,1574.3999999999999],[-76.8,1593.6],[-57.599999999999994,1593.6],[-57.599999999999994,1632],[-38.4,1632],[-38.4,1766.3999999999999],[-19.2,1766.3999999999999],[-19.2,1920],[-38.4,1920],[-38.4,2016],[-57.599999999999994,2016],[-57.599999999999994,2073.6],[-76.8,2073.6],[-76.8,2112],[-96,2112],[-96,2131.2],[-153.6,2131.2],[-153.6,2150.4],[-192,2150.4],[-192,2169.6],[-307.2,2169.6],[-307.2,2188.7999999999997],[-326.4,2188.7999999999997],[-326.4,2208],[-345.59999999999997,2208],[-345.59999999999997,2227.2],[-384,2227.2],[-384,2265.6],[-422.4,2265.6],[-422.4,2304],[-441.59999999999997,2304],[-441.59999999999997,2323.2],[-480,2323.2],[-480,2342.4],[-518.4,2342.4],[-518.4,2361.6],[-576,2361.6],[-576,2380.7999999999997],[-595.1999999999999,2380.7999999999997],[-595.1999999999999,2361.6],[-633.6,2361.6],[-633.6,2380.7999999999997],[-672,2380.7999999999997],[-672,2400],[-710.4,2400],[-710.4,2419.2],[-729.6,2419.2],[-729.6,2438.4],[-768,2438.4],[-768,2457.6],[-806.4,2457.6],[-806.4,2476.7999999999997],[-825.6,2476.7999999999997],[-825.6,2496],[-864,2496],[-864,2515.2],[-883.1999999999999,2515.2],[-883.1999999999999,2534.4],[-921.5999999999999,2534.4],[-921.5999999999999,2572.7999999999997],[-960,2572.7999999999997],[-960,2592],[-998.4,2592],[-998.4,2611.2],[-1036.8,2611.2],[-1036.8,2630.4],[-1075.2,2630.4],[-1075.2,2649.6],[-1094.3999999999999,2649.6],[-1094.3999999999999,2668.7999999999997],[-1113.6,2668.7999999999997],[-1113.6,2707.2],[-1209.6,2707.2],[-1209.6,2688],[-1267.2,2688],[-1267.2,2707.2],[-1286.3999999999999,2707.2],[-1286.3999999999999,2726.4],[-1401.6,2726.4],[-1401.6,2707.2],[-1440,2707.2],[-1440,2688],[-1459.2,2688],[-1459.2,2668.7999999999997],[-1478.3999999999999,2668.7999999999997],[-1478.3999999999999,2611.2],[-1497.6,2611.2],[-1497.6,2572.7999999999997],[-1516.8,2572.7999999999997],[-1516.8,2534.4],[-1536,2534.4],[-1536,2476.7999999999997],[-1555.2,2476.7999999999997],[-1555.2,2438.4],[-1574.3999999999999,2438.4],[-1574.3999999999999,2342.4],[-1593.6,2342.4],[-1593.6,2284.7999999999997],[-1612.8,2284.7999999999997],[-1612.8,2150.4],[-1593.6,2150.4],[-1593.6,2112],[-1574.3999999999999,2112],[-1574.3999999999999,2092.7999999999997],[-1555.2,2092.7999999999997],[-1555.2,2073.6],[-1382.3999999999999,2073.6],[-1382.3999999999999,2092.7999999999997],[-1363.2,2092.7999999999997],[-1363.2,2112],[-1324.8,2112],[-1324.8,2092.7999999999997],[-1152,2092.7999999999997],[-1152,2073.6],[-1017.5999999999999,2073.6],[-1017.5999999999999,2054.4],[-979.1999999999999,2054.4],[-979.1999999999999,2035.1999999999998],[-844.8,2035.1999999999998],[-844.8,2016],[-787.1999999999999,2016],[-787.1999999999999,1843.1999999999998],[-806.4,1843.1999999999998],[-806.4,1708.8],[-825.6,1708.8],[-825.6,1689.6],[-710.4,1689.6],[-710.4,1670.3999999999999],[-576,1670.3999999999999],[-576,1651.2],[-441.59999999999997,1651.2],[-441.59999999999997,1632],[-307.2,1632],[-307.2,1612.8],[-192,1612.8],[-192,1593.6],[-96,1593.6],[-96,1574.3999999999999]]]]}},{"type":"Feature","properties":{"kind":"district","id":106,"name":"Aborigina"},"geometry":{"type":"MultiPolygon","coordinates":[[[[-1248,1190.3999999999999],[-1228.8,1190.3999999999999],[-1228.8,1209.6],[-1113.6,1209.6],[-1113.6,1228.8],[-1036.8,1228.8],[-1036.8,1248],[-864,1248],[-864,1267.2],[-883.1999999999999,1267.2],[-883.1999999999999,1305.6],[-864,1305.6],[-864,1401.6],[-844.8,1401.6],[-844.8,1536],[-825.6,1536],[-825.6,1651.2],[-806.4,1651.2],[-806.4,1689.6],[-825.6,1689.6],[-825.6,1708.8],[-806.4,1708.8],[-806.4,1843.1999999999998],[-787.1999999999999,1843.1999999999998],[-787.1999999999999,2016],[-844.8,2016],[-844.8,2035.1999999999998],[-979.1999999999999,2035.1999999999998],[-979.1999999999999,2054.4],[-1017.5999999999999,2054.4],[-1017.5999999999999,2073.6],[-1152,2073.6],[-1152,2092.7999999999997],[-1324.8,2092.7999999999997],[-1324.8,2112],[-1363.2,2112],[-1363.2,2092.7999999999997],[-1382.3999999999999,2092.7999999999997],[-1382.3999999999999,2073.6],[-1401.6,2073.6],[-1401.6,1996.8],[-1382.3999999999999,1996.8],[-1382.3999999999999,1958.3999999999999],[-1401.6,1958.3999999999999],[-1401.6,1900.8],[-1382.3999999999999,1900.8],[-1382.3999999999999,1785.6],[-1363.2,1785.6],[-1363.2,1670.3999999999999],[-1344,1670.3999999999999],[-1344,1574.3999999999999],[-1324.8,1574.3999999999999],[-1324.8,1248],[-1305.6,1248],[-1305.6,1209.6],[-1248,1209.6],[-1248,1190.3999999999999]]]]}},{"type":"Feature","properties":{"kind":"district","id":107,"name":"Spartacus"},"geometry":{"type":"MultiPolygon","coordinates":[[[[230.39999999999998,748.8],[384,748.8],[384,768],[441.59999999999997,768],[441.59999999999997,787.1999999999999],[480,787.1999999999999],[480,806.4],[518.4,806.4],[518.4,825.6],[556.8,825.6],[556.8,844.8],[595.1999999999999,844.8],[595.1999999999999,864],[633.6,864],[633.6,883.1999999999999],[672,883.1999999999999],[672,902.4],[691.1999999999999,902.4],[691.1999999999999,921.5999999999999],[748.8,921.5999999999999],[748.8,940.8],[806.4,940.8],[806.4,960],[864,960],[864,979.1999999999999],[902.4,979.1999999999999],[902.4,998.4],[1056,998.4],[1056,979.1999999999999],[1171.2,979.1999999999999],[1171.2,960],[1228.8,960],[1228.8,979.1999999999999],[1305.6,979.1999999999999],[1305.6,960],[1497.6,960],[1497.6,979.1999999999999],[1516.8,979.1999999999999],[1516.8,998.4],[1536,998.4],[1536,1017.5999999999999],[1555.2,1017.5999999999999],[1555.2,1056],[1632,1056],[1632,1075.2],[1651.2,1075.2],[1651.2,1094.3999999999999],[1670.3999999999999,1094.3999999999999],[1670.3999999999999,1113.6],[1708.8,1113.6],[1708.8,1152],[1728,1152],[1728,1190.3999999999999],[1708.8,1190.3999999999999],[1708.8,1209.6],[1689.6,1209.6],[1689.6,1228.8],[1670.3999999999999,1228.8],[1670.3999999999999,1248],[1651.2,1248],[1651.2,1286.3999999999999],[1632,1286.3999999999999],[1632,1305.6],[1612.8,1305.6],[1612.8,1324.8],[1593.6,1324.8],[1593.6,1344],[1574.3999999999999,1344],[1574.3999999999999,1363.2],[1497.6,1363.2],[1497.6,1382.3999999999999],[1459.2,1382.3999999999999],[1459.2,1440],[1440,1440],[1440,1478.3999999999999],[1420.8,1478.3999999999999],[1420.8,1536],[1440,1536],[1440,1574.3999999999999],[1459.2,1574.3999999999999],[1459.2,1651.2],[1478.3999999999999,1651.2],[1478.3999999999999,1728],[1497.6,1728],[1497.6,1785.6],[1478.3999999999999,1785.6],[1478.3999999999999,1862.3999999999999],[1497.6,1862.3999999999999],[1497.6,1900.8],[1516.8,1900.8],[1516.8,1939.1999999999998],[1267.2,1939.1999999999998],[1267.2,1958.3999999999999],[1228.8,1958.3999999999999],[1228.8,1977.6],[864,1977.6],[864,1996.8],[844.8,1996.8],[844.8,1977.6],[787.1999999999999,1977.6],[787.1999999999999,1958.3999999999999],[768,1958.3999999999999],[768,1939.1999999999998],[729.6,1939.1999999999998],[729.6,1920],[710.4,1920],[710.4,1900.8],[691.1999999999999,1900.8],[691.1999999999999,1862.3999999999999],[672,1862.3999999999999],[672,1612.8],[691.1999999999999,1612.8],[691.1999999999999,1382.3999999999999],[672,1382.3999999999999],[672,1363.2],[691.1999999999999,1363.2],[691.1999999999999,1324.8],[672,1324.8],[672,1305.6],[652.8,1305.6],[652.8,1286.3999999999999],[633.6,1286.3999999999999],[633.6,1267.2],[614.4,1267.2],[614.4,1248],[595.1999999999999,1248],[595.1999999999999,1228.8],[576,1228.8],[576,1209.6],[556.8,1209.6],[556.8,1190.3999999999999],[537.6,1190.3999999999999],[537.6,1171.2],[518.4,1171.2],[518.4,1152],[441.59999999999997,1152],[441.59999999999997,1132.8],[384,1132.8],[384,1113.6],[326.4,1113.6],[326.4,1094.3999999999999],[307.2,1094.3999999999999],[307.2,1075.2],[288,1075.2],[288,1056],[268.8,1056],[268.8,1036.8],[249.6,1036.8],[249.6,1017.5999999999999],[230.39999999999998,1017.5999999999999],[230.39999999999998,998.4],[211.2,998.4],[211.2,960],[192,960],[192,940.8],[172.79999999999998,940.8],[172.79999999999998,902.4],[153.6,902.4],[153.6,806.4],[172.79999999999998,806.4],[172.79999999999998,787.1999999999999],[192,787.1999999999999],[192,768],[230.39999999999998,768],[230.39999999999998,748.8]],[[1286.3999999999999,1670.3999999999999],[1267.2,1670.3999999999999],[1267.2,1689.6],[1248,1689.6],[1248,1708.8],[1267.2,1708.8],[1267.2,1689.6],[1286.3999999999999,1689.6],[1286.3999999999999,1670.3999999999999]]]]}},{"type":"Feature","properties":{"kind":"district","id":108,"name":"Old Downtown"},"geometry":{"type":"MultiPolygon","coordinates":[[[[1555.2,1958.3999999999999],[1900.8,1958.3999999999999],[1900.8,1977.6],[2016,1977.6],[2016,1996.8],[2054.4,1996.8],[2054.4,2016],[2073.6,2016],[2073.6,2035.1999999999998],[2092.7999999999997,2035.1999999999998],[2092.7999999999997,2054.4],[2112,2054.4],[2112,2073.6],[2131.2,2073.6],[2131.2,2092.7999999999997],[2169.6,2092.7999999999997],[2169.6,2553.6],[2188.7999999999997,2553.6],[2188.7999999999997,2572.7999999999997],[2169.6,2572.7999999999997],[2169.6,2611.2],[2188.7999999999997,2611.2],[2188.7999999999997,2649.6],[2150.4,2649.6],[2150.4,2630.4],[2092.7999999999997,2630.4],[2092.7999999999997,2649.6],[2035.1999999999998,2649.6],[2035.1999999999998,2630.4],[1920,2630.4],[1920,2649.6],[1900.8,2649.6],[1900.8,2688],[1881.6,2688],[1881.6,2707.2],[1862.3999999999999,2707.2],[1862.3999999999999,2726.4],[1843.1999999999998,2726.4],[1843.1999999999998,2784],[1824,2784],[1824,2937.6],[1843.1999999999998,2937.6],[1843.1999999999998,2956.7999999999997],[1862.3999999999999,2956.7999999999997],[1862.3999999999999,2937.6],[1920,2937.6],[1920,2918.4],[1939.1999999999998,2918.4],[1939.1999999999998,2899.2],[1958.3999999999999,2899.2],[1958.3999999999999,2880],[1977.6,2880],[1977.6,2860.7999999999997],[1996.8,2860.7999999999997],[1996.8,2841.6],[2016,2841.6],[2016,2822.4],[2054.4,2822.4],[2054.4,2803.2],[2073.6,2803.2],[2073.6,2784],[2092.7999999999997,2784],[2092.7999999999997,2764.7999999999997],[2131.2,2764.7999999999997],[2131.2,2803.2],[2150.4,2803.2],[2150.4,2822.4],[2188.7999999999997,2822.4],[2188.7999999999997,2841.6],[2208,2841.6],[2208,2880],[2188.7999999999997,2880],[2188.7999999999997,2899.2],[2150.4,2899.2],[2150.4,2918.4],[2131.2,2918.4],[2131.2,2937.6],[2112,2937.6],[2112,2956.7999999999997],[2092.7999999999997,2956.7999999999997],[2092.7999999999997,2976],[2073.6,2976],[2073.6,2995.2],[2054.4,2995.2],[2054.4,3014.4],[2035.1999999999998,3014.4],[2035.1999999999998,3033.6],[1996.8,3033.6],[1996.8,3052.7999999999997],[1977.6,3052.7999999999997],[1977.6,3072],[1939.1999999999998,3072],[1939.1999999999998,3091.2],[1900.8,3091.2],[1900.8,3110.4],[1881.6,3110.4],[1881.6,3129.6],[1843.1999999999998,3129.6],[1843.1999999999998,3148.7999999999997],[1824,3148.7999999999997],[1824,3168],[1785.6,3168],[1785.6,3187.2],[1766.3999999999999,3187.2],[1766.3999999999999,3206.4],[1747.2,3206.4],[1747.2,3225.6],[1728,3225.6],[1728,3244.7999999999997],[1708.8,3244.7999999999997],[1708.8,3264],[1612.8,3264],[1612.8,3244.7999999999997],[1593.6,3244.7999999999997],[1593.6,3225.6],[1574.3999999999999,3225.6],[1574.3999999999999,3148.7999999999997],[1555.2,3148.7999999999997],[1555.2,3091.2],[1536,3091.2],[1536,3014.4],[1516.8,3014.4],[1516.8,2918.4],[1497.6,2918.4],[1497.6,2726.4],[1516.8,2726.4],[1516.8,2553.6],[1536,2553.6],[1536,2323.2],[1516.8,2323.2],[1516.8,2092.7999999999997],[1497.6,2092.7999999999997],[1497.6,1996.8],[1516.8,1996.8],[1516.8,1977.6],[1555.2,1977.6],[1555.2,1958.3999999999999]]]]}},{"type":"Feature","properties":{"kind":"district","id":109,"name":"Oak Grove Heights"},"geometry":{"type":"MultiPolygon","coordinates":[[[[787.1999999999999,1977.6],[844.8,1977.6],[844.8,1996.8],[864,1996.8],[864,1977.6],[1267.2,1977.6],[1267.2,1996.8],[1497.6,1996.8],[1497.6,2092.7999999999997],[1516.8,2092.7999999999997],[1516.8,2323.2],[1536,2323.2],[1536,2496],[1516.8,2496],[1516.8,2515.2],[1190.3999999999999,2515.2],[1190.3999999999999,2534.4],[960,2534.4],[960,2553.6],[902.4,2553.6],[902.4,2534.4],[806.4,2534.4],[806.4,2553.6],[787.1999999999999,2553.6],[787.1999999999999,2534.4],[691.1999999999999,2534.4],[691.1999999999999,2553.6],[633.6,2553.6],[633.6,2572.7999999999997],[614.4,2572.7999999999997],[614.4,2553.6],[595.1999999999999,2553.6],[595.1999999999999,2534.4],[614.4,2534.4],[614.4,2169.6],[595.1999999999999,2169.6],[595.1999999999999,2092.7999999999997],[576,2092.7999999999997],[576,2073.6],[652.8,2073.6],[652.8,2054.4],[672,2054.4],[672,2035.1999999999998],[710.4,2035.1999999999998],[710.4,2016],[729.6,2016],[729.6,1996.8],[787.1999999999999,1996.8],[787.1999999999999,1977.6]]]]}},{"type":"Feature","properties":{"kind":"district","id":110,"name":"Gotham Heights"},"geometry":{"type":"MultiPolygon","coordinates":[[[[1516.8,2496],[1536,2496],[1536,2553.6],[1516.8,2553.6],[1516.8,2726.4],[1497.6,2726.4],[1497.6,2918.4],[1516.8,2918.4],[1516.8,3014.4],[1536,3014.4],[1536,3091.2],[1555.2,3091.2],[1555.2,3148.7999999999997],[1574.3999999999999,3148.7999999999997],[1574.3999999999999,3187.2],[1286.3999999999999,3187.2],[1286.3999999999999,3206.4],[729.6,3206.4],[729.6,3225.6],[691.1999999999999,3225.6],[691.1999999999999,3206.4],[672,3206.4],[672,3187.2],[652.8,3187.2],[652.8,3168],[633.6,3168],[633.6,2956.7999999999997],[614.4,2956.7999999999997],[614.4,2803.2],[595.1999999999999,2803.2],[595.1999999999999,2592],[614.4,2592],[614.4,2572.7999999999997],[633.6,2572.7999999999997],[633.6,2553.6],[691.1999999999999,2553.6],[691.1999999999999,2534.4],[787.1999999999999,2534.4],[787.1999999999999,2553.6],[806.4,2553.6],[806.4,2534.4],[902.4,2534.4],[902.4,2553.6],[960,2553.6],[960,2534.4],[1190.3999999999999,2534.4],[1190.3999999999999,2515.2],[1516.8,2515.2],[1516.8,2496]]]]}},{"type":"Feature","properties":{"kind":"district","id":111,"name":"Nazareth Heights"},"geometry":{"type":"MultiPolygon","coordinates":[[[[2688,1785.6],[2745.6,1785.6],[2745.6,1804.8],[2764.7999999999997,1804.8],[2764.7999999999997,1824],[2803.2,1824],[2803.2,1843.1999999999998],[2822.4,1843.1999999999998],[2822.4,1862.3999999999999],[2860.7999999999997,1862.3999999999999],[2860.7999999999997,1881.6],[2899.2,1881.6],[2899.2,1900.8],[2956.7999999999997,1900.8],[2956.7999999999997,1920],[2976,1920],[2976,1939.1999999999998],[2995.2,1939.1999999999998],[2995.2,1977.6],[2976,1977.6],[2976,2073.6],[2956.7999999999997,2073.6],[2956.7999999999997,2208],[2937.6,2208],[2937.6,2419.2],[2918.4,2419.2],[2918.4,2438.4],[2899.2,2438.4],[2899.2,2476.7999999999997],[2880,2476.7999999999997],[2880,2496],[2860.7999999999997,2496],[2860.7999999999997,2515.2],[2822.4,2515.2],[2822.4,2534.4],[2764.7999999999997,2534.4],[2764.7999999999997,2553.6],[2707.2,2553.6],[2707.2,2572.7999999999997],[2688,2572.7999999999997],[2688,2592],[2630.4,2592],[2630.4,2611.2],[2611.2,2611.2],[2611.2,2630.4],[2438.4,2630.4],[2438.4,2649.6],[2400,2649.6],[2400,2668.7999999999997],[2380.7999999999997,2668.7999999999997],[2380.7999999999997,2688],[2342.4,2688],[2342.4,2707.2],[2323.2,2707.2],[2323.2,2726.4],[2265.6,2726.4],[2265.6,2707.2],[2246.4,2707.2],[2246.4,2688],[2227.2,2688],[2227.2,2668.7999999999997],[2208,2668.7999999999997],[2208,2649.6],[2188.7999999999997,2649.6],[2188.7999999999997,2611.2],[2169.6,2611.2],[2169.6,2572.7999999999997],[2188.7999999999997,2572.7999999999997],[2188.7999999999997,2553.6],[2169.6,2553.6],[2169.6,2496],[2188.7999999999997,2496],[2188.7999999999997,2515.2],[2284.7999999999997,2515.2],[2284.7999999999997,2496],[2304,2496],[2304,2476.7999999999997],[2323.2,2476.7999999999997],[2323.2,2092.7999999999997],[2304,2092.7999999999997],[2304,2054.4],[2265.6,2054.4],[2265.6,2016],[2400,2016],[2400,2035.1999999999998],[2476.7999999999997,2035.1999999999998],[2476.7999999999997,2054.4],[2515.2,2054.4],[2515.2,2073.6],[2534.4,2073.6],[2534.4,2092.7999999999997],[2572.7999999999997,2092.7999999999997],[2572.7999999999997,2073.6],[2553.6,2073.6],[2553.6,1939.1999999999998],[2572.7999999999997,1939.1999999999998],[2572.7999999999997,1920],[2592,1920],[2592,1900.8],[2611.2,1900.8],[2611.2,1862.3999999999999],[2649.6,1862.3999999999999],[2649.6,1843.1999999999998],[2668.7999999999997,1843.1999999999998],[2668.7999999999997,1804.8],[2688,1804.8],[2688,1785.6]]]]}},{"type":"Feature","properties":{"kind":"district","id":112,"name":"Humboldt Park"},"geometry":{"type":"MultiPolygon","coordinates":[[[[153.6,1094.3999999999999],[172.79999999999998,1094.3999999999999],[172.79999999999998,1113.6],[211.2,1113.6],[211.2,1132.8],[230.39999999999998,1132.8],[230.39999999999998,1152],[249.6,1152],[249.6,1171.2],[288,1171.2],[288,1190.3999999999999],[345.59999999999997,1190.3999999999999],[345.59999999999997,1209.6],[403.2,1209.6],[403.2,1228.8],[480,1228.8],[480,1248],[499.2,1248],[499.2,1267.2],[518.4,1267.2],[518.4,1286.3999999999999],[537.6,1286.3999999999999],[537.6,1305.6],[556.8,1305.6],[556.8,1344],[576,1344],[576,1766.3999999999999],[595.1999999999999,1766.3999999999999],[595.1999999999999,1881.6],[576,1881.6],[576,1920],[556.8,1920],[556.8,1939.1999999999998],[518.4,1939.1999999999998],[518.4,1958.3999999999999],[441.59999999999997,1958.3999999999999],[441.59999999999997,1977.6],[384,1977.6],[384,1996.8],[288,1996.8],[288,2016],[230.39999999999998,2016],[230.39999999999998,2035.1999999999998],[172.79999999999998,2035.1999999999998],[172.79999999999998,2054.4],[134.4,2054.4],[134.4,2073.6],[96,2073.6],[96,2092.7999999999997],[76.8,2092.7999999999997],[76.8,2112],[38.4,2112],[38.4,2131.2],[19.2,2131.2],[19.2,2112],[-19.2,2112],[-19.2,2092.7999999999997],[-38.4,2092.7999999999997],[-38.4,2073.6],[-57.599999999999994,2073.6],[-57.599999999999994,2016],[-38.4,2016],[-38.4,1920],[-19.2,1920],[-19.2,1766.3999999999999],[-38.4,1766.3999999999999],[-38.4,1632],[-57.599999999999994,1632],[-57.599999999999994,1593.6],[-76.8,1593.6],[-76.8,1574.3999999999999],[-96,1574.3999999999999],[-96,1382.3999999999999],[-115.19999999999999,1382.3999999999999],[-115.19999999999999,1267.2],[-134.4,1267.2],[-134.4,1209.6],[-115.19999999999999,1209.6],[-115.19999999999999,1190.3999999999999],[-76.8,1190.3999999999999],[-76.8,1171.2],[19.2,1171.2],[19.2,1152],[96,1152],[96,1132.8],[134.4,1132.8],[134.4,1113.6],[153.6,1113.6],[153.6,1094.3999999999999]]]]}},{"type":"Feature","properties":{"kind":"district","id":113,"name":"San Rico Waste Facility"},"geometry":{"type":"MultiPolygon","coordinates":[[[[-3878.3999999999996,3091.2],[-3801.6,3091.2],[-3801.6,3110.4],[-3744,3110.4],[-3744,3129.6],[-3724.7999999999997,3129.6],[-3724.7999999999997,3148.7999999999997],[-3705.6,3148.7999999999997],[-3705.6,3168],[-3686.3999999999996,3168],[-3686.3999999999996,3206.4],[-3667.2,3206.4],[-3667.2,3225.6],[-3648,3225.6],[-3648,3264],[-3628.7999999999997,3264],[-3628.7999999999997,3302.4],[-3609.6,3302.4],[-3609.6,3340.7999999999997],[-3590.4,3340.7999999999997],[-3590.4,3494.4],[-3609.6,3494.4],[-3609.6,3532.7999999999997],[-3628.7999999999997,3532.7999999999997],[-3628.7999999999997,3552],[-3648,3552],[-3648,3571.2],[-3667.2,3571.2],[-3667.2,3590.4],[-3686.3999999999996,3590.4],[-3686.3999999999996,3628.7999999999997],[-3705.6,3628.7999999999997],[-3705.6,3648],[-3724.7999999999997,3648],[-3724.7999999999997,3667.2],[-3744,3667.2],[-3744,3705.6],[-3763.2,3705.6],[-3763.2,3724.7999999999997],[-3782.3999999999996,3724.7999999999997],[-3782.3999999999996,3744],[-3801.6,3744],[-3801.6,3763.2],[-3820.7999999999997,3763.2],[-3820.7999999999997,3782.3999999999996],[-3840,3782.3999999999996],[-3840,3820.7999999999997],[-3859.2,3820.7999999999997],[-3859.2,3840],[-3878.3999999999996,3840],[-3878.3999999999996,3878.3999999999996],[-3897.6,3878.3999999999996],[-3897.6,3897.6],[-3916.7999999999997,3897.6],[-3916.7999999999997,3916.7999999999997],[-3936,3916.7999999999997],[-3936,3936],[-3955.2,3936],[-3955.2,3974.3999999999996],[-3974.3999999999996,3974.3999999999996],[-3974.3999999999996,3993.6],[-3993.6,3993.6],[-3993.6,4012.7999999999997],[-4012.7999999999997,4012.7999999999997],[-4012.7999999999997,4032],[-4032,4032],[-4032,4070.3999999999996],[-4051.2,4070.3999999999996],[-4051.2,4089.6],[-4070.3999999999996,4089.6],[-4070.3999999999996,4108.8],[-4089.6,4108.8],[-4089.6,4128],[-4108.8,4128],[-4108.8,4166.4],[-4128,4166.4],[-4128,4185.599999999999],[-4166.4,4185.599999999999],[-4166.4,4204.8],[-4185.599999999999,4204.8],[-4185.599999999999,4224],[-4204.8,4224],[-4204.8,4243.2],[-4243.2,4243.2],[-4243.2,4262.4],[-4320,4262.4],[-4320,4281.599999999999],[-4377.599999999999,4281.599999999999],[-4377.599999999999,4262.4],[-4473.599999999999,4262.4],[-4473.599999999999,4243.2],[-4512,4243.2],[-4512,4224],[-4531.2,4224],[-4531.2,4204.8],[-4550.4,4204.8],[-4550.4,3955.2],[-4531.2,3955.2],[-4531.2,3820.7999999999997],[-4512,3820.7999999999997],[-4512,3782.3999999999996],[-4492.8,3782.3999999999996],[-4492.8,3763.2],[-4473.599999999999,3763.2],[-4473.599999999999,3724.7999999999997],[-4454.4,3724.7999999999997],[-4454.4,3705.6],[-4435.2,3705.6],[-4435.2,3667.2],[-4416,3667.2],[-4416,3648],[-4396.8,3648],[-4396.8,3628.7999999999997],[-4377.599999999999,3628.7999999999997],[-4377.599999999999,3590.4],[-4358.4,3590.4],[-4358.4,3552],[-4339.2,3552],[-4339.2,3532.7999999999997],[-4320,3532.7999999999997],[-4320,3513.6],[-4300.8,3513.6],[-4300.8,3494.4],[-4281.599999999999,3494.4],[-4281.599999999999,3475.2],[-4262.4,3475.2],[-4262.4,3456],[-4224,3456],[-4224,3436.7999999999997],[-4204.8,3436.7999999999997],[-4204.8,3417.6],[-4185.599999999999,3417.6],[-4185.599999999999,3398.4],[-4166.4,3398.4],[-4166.4,3379.2],[-4147.2,3379.2],[-4147.2,3360],[-4128,3360],[-4128,3340.7999999999997],[-4108.8,3340.7999999999997],[-4108.8,3321.6],[-4089.6,3321.6],[-4089.6,3302.4],[-4070.3999999999996,3302.4],[-4070.3999999999996,3283.2],[-4051.2,3283.2],[-4051.2,3264],[-4032,3264],[-4032,3225.6],[-4012.7999999999997,3225.6],[-4012.7999999999997,3206.4],[-3993.6,3206.4],[-3993.6,3187.2],[-3974.3999999999996,3187.2],[-3974.3999999999996,3168],[-3955.2,3168],[-3955.2,3148.7999999999997],[-3936,3148.7999999999997],[-3936,3129.6],[-3897.6,3129.6],[-3897.6,3110.4],[-3878.3999999999996,3110.4],[-3878.3999999999996,3091.2]]]]}},{"type":"Feature","properties":{"kind":"district","id":114,"name":"New Actor"},"geometry":{"type":"MultiPolygon","coordinates":[[[[-960,2572.7999999999997],[-921.5999999999999,2572.7999999999997],[-921.5999999999999,2592],[-902.4,2592],[-902.4,2572.7999999999997],[-844.8,2572.7999999999997],[-844.8,2592],[-806.4,2592],[-806.4,2630.4],[-787.1999999999999,2630.4],[-787.1999999999999,2668.7999999999997],[-768,2668.7999999999997],[-768,2688],[-748.8,2688],[-748.8,2707.2],[-729.6,2707.2],[-729.6,2726.4],[-710.4,2726.4],[-710.4,2745.6],[-691.1999999999999,2745.6],[-691.1999999999999,2784],[-672,2784],[-672,2803.2],[-652.8,2803.2],[-652.8,2822.4],[-633.6,2822.4],[-633.6,2841.6],[-614.4,2841.6],[-614.4,2880],[-595.1999999999999,2880],[-595.1999999999999,2918.4],[-576,2918.4],[-576,2937.6],[-556.8,2937.6],[-556.8,2956.7999999999997],[-537.6,2956.7999999999997],[-537.6,2976],[-518.4,2976],[-518.4,3014.4],[-499.2,3014.4],[-499.2,3033.6],[-480,3033.6],[-480,3052.7999999999997],[-460.79999999999995,3052.7999999999997],[-460.79999999999995,3072],[-441.59999999999997,3072],[-441.59999999999997,3206.4],[-460.79999999999995,3206.4],[-460.79999999999995,3244.7999999999997],[-480,3244.7999999999997],[-480,3283.2],[-499.2,3283.2],[-499.2,3302.4],[-518.4,3302.4],[-518.4,3340.7999999999997],[-537.6,3340.7999999999997],[-537.6,3398.4],[-556.8,3398.4],[-556.8,3436.7999999999997],[-576,3436.7999999999997],[-576,3475.2],[-595.1999999999999,3475.2],[-595.1999999999999,3494.4],[-614.4,3494.4],[-614.4,3513.6],[-672,3513.6],[-672,3532.7999999999997],[-710.4,3532.7999999999997],[-710.4,3552],[-748.8,3552],[-748.8,3571.2],[-787.1999999999999,3571.2],[-787.1999999999999,3590.4],[-806.4,3590.4],[-806.4,3609.6],[-844.8,3609.6],[-844.8,3628.7999999999997],[-864,3628.7999999999997],[-864,3648],[-902.4,3648],[-902.4,3667.2],[-940.8,3667.2],[-940.8,3686.3999999999996],[-979.1999999999999,3686.3999999999996],[-979.1999999999999,3705.6],[-1017.5999999999999,3705.6],[-1017.5999999999999,3724.7999999999997],[-1056,3724.7999999999997],[-1056,3744],[-1094.3999999999999,3744],[-1094.3999999999999,3763.2],[-1113.6,3763.2],[-1113.6,3782.3999999999996],[-1152,3782.3999999999996],[-1152,3801.6],[-1190.3999999999999,3801.6],[-1190.3999999999999,3820.7999999999997],[-1248,3820.7999999999997],[-1248,3840],[-1286.3999999999999,3840],[-1286.3999999999999,3859.2],[-1324.8,3859.2],[-1324.8,3878.3999999999996],[-1459.2,3878.3999999999996],[-1459.2,3859.2],[-1516.8,3859.2],[-1516.8,3840],[-1536,3840],[-1536,3667.2],[-1516.8,3667.2],[-1516.8,3590.4],[-1497.6,3590.4],[-1497.6,3552],[-1478.3999999999999,3552],[-1478.3999999999999,3494.4],[-1459.2,3494.4],[-1459.2,3456],[-1440,3456],[-1440,3360],[-1420.8,3360],[-1420.8,3225.6],[-1401.6,3225.6],[-1401.6,3148.7999999999997],[-1382.3999999999999,3148.7999999999997],[-1382.3999999999999,3110.4],[-1363.2,3110.4],[-1363.2,3072],[-1344,3072],[-1344,3033.6],[-1324.8,3033.6],[-1324.8,2995.2],[-1305.6,2995.2],[-1305.6,2956.7999999999997],[-1286.3999999999999,2956.7999999999997],[-1286.3999999999999,2937.6],[-1267.2,2937.6],[-1267.2,2899.2],[-1248,2899.2],[-1248,2860.7999999999997],[-1228.8,2860.7999999999997],[-1228.8,2841.6],[-1209.6,2841.6],[-1209.6,2822.4],[-1190.3999999999999,2822.4],[-1190.3999999999999,2803.2],[-1171.2,2803.2],[-1171.2,2784],[-1152,2784],[-1152,2764.7999999999997],[-1132.8,2764.7999999999997],[-1132.8,2726.4],[-1113.6,2726.4],[-1113.6,2707.2],[-1075.2,2707.2],[-1075.2,2688],[-1056,2688],[-1056,2668.7999999999997],[-1036.8,2668.7999999999997],[-1036.8,2649.6],[-1017.5999999999999,2649.6],[-1017.5999999999999,2611.2],[-979.1999999999999,2611.2],[-979.1999999999999,2592],[-960,2592],[-960,2572.7999999999997]]]]}},{"type":"Feature","properties":{"kind":"district","id":115,"name":"Little San Rico Island"},"geometry":{"type":"MultiPolygon","coordinates":[[[[-3878.3999999999996,-345.59999999999997],[-3628.7999999999997,-345.59999999999997],[-3628.7999999999997,-326.4],[-3532.7999999999997,-326.4],[-3532.7999999999997,-307.2],[-3456,-307.2],[-3456,-288],[-3417.6,-288],[-3417.6,-268.8],[-3360,-268.8],[-3360,-249.6],[-3302.4,-249.6],[-3302.4,-230.39999999999998],[-3264,-230.39999999999998],[-3264,-211.2],[-3206.4,-211.2],[-3206.4,-192],[-3168,-192],[-3168,-172.79999999999998],[-3129.6,-172.79999999999998],[-3129.6,-153.6],[-3091.2,-153.6],[-3091.2,-134.4],[-3052.7999999999997,-134.4],[-3052.7999999999997,-115.19999999999999],[-3014.4,-115.19999999999999],[-3014.4,-96],[-2995.2,-96],[-2995.2,-76.8],[-2976,-76.8],[-2976,-57.599999999999994],[-2937.6,-57.599999999999994],[-2937.6,-38.4],[-2918.4,-38.4],[-2918.4,-19.2],[-2899.2,-19.2],[-2899.2,0],[-2880,0],[-2880,19.2],[-2860.7999999999997,19.2],[-2860.7999999999997,134.4],[-2880,134.4],[-2880,153.6],[-2899.2,153.6],[-2899.2,172.79999999999998],[-3033.6,172.79999999999998],[-3033.6,192],[-3072,192],[-3072,211.2],[-3091.2,211.2],[-3091.2,230.39999999999998],[-3110.4,230.39999999999998],[-3110.4,268.8],[-3129.6,268.8],[-3129.6,288],[-3148.7999999999997,288],[-3148.7999999999997,307.2],[-3168,307.2],[-3168,326.4],[-3187.2,326.4],[-3187.2,345.59999999999997],[-3206.4,345.59999999999997],[-3206.4,384],[-3225.6,384],[-3225.6,403.2],[-3244.7999999999997,403.2],[-3244.7999999999997,422.4],[-3264,422.4],[-3264,441.59999999999997],[-3283.2,441.59999999999997],[-3283.2,460.79999999999995],[-3302.4,460.79999999999995],[-3302.4,480],[-3321.6,480],[-3321.6,518.4],[-3360,518.4],[-3360,537.6],[-3379.2,537.6],[-3379.2,556.8],[-3398.4,556.8],[-3398.4,576],[-3417.6,576],[-3417.6,595.1999999999999],[-3456,595.1999999999999],[-3456,614.4],[-3475.2,614.4],[-3475.2,652.8],[-3494.4,652.8],[-3494.4,672],[-3532.7999999999997,672],[-3532.7999999999997,691.1999999999999],[-3590.4,691.1999999999999],[-3590.4,710.4],[-3705.6,710.4],[-3705.6,729.6],[-3859.2,729.6],[-3859.2,710.4],[-3916.7999999999997,710.4],[-3916.7999999999997,691.1999999999999],[-4070.3999999999996,691.1999999999999],[-4070.3999999999996,672],[-4128,672],[-4128,652.8],[-4166.4,652.8],[-4166.4,633.6],[-4204.8,633.6],[-4204.8,614.4],[-4224,614.4],[-4224,595.1999999999999],[-4262.4,595.1999999999999],[-4262.4,576],[-4281.599999999999,576],[-4281.599999999999,556.8],[-4300.8,556.8],[-4300.8,537.6],[-4320,537.6],[-4320,499.2],[-4339.2,499.2],[-4339.2,480],[-4358.4,480],[-4358.4,441.59999999999997],[-4377.599999999999,441.59999999999997],[-4377.599999999999,422.4],[-4396.8,422.4],[-4396.8,384],[-4416,384],[-4416,345.59999999999997],[-4435.2,345.59999999999997],[-4435.2,307.2],[-4454.4,307.2],[-4454.4,153.6],[-4435.2,153.6],[-4435.2,96],[-4416,96],[-4416,57.599999999999994],[-4396.8,57.599999999999994],[-4396.8,0],[-4377.599999999999,0],[-4377.599999999999,-38.4],[-4358.4,-38.4],[-4358.4,-76.8],[-4339.2,-76.8],[-4339.2,-96],[-4320,-96],[-4320,-115.19999999999999],[-4300.8,-115.19999999999999],[-4300.8,-134.4],[-4281.599999999999,-134.4],[-4281.599999999999,-153.6],[-4262.4,-153.6],[-4262.4,-172.79999999999998],[-4243.2,-172.79999999999998],[-4243.2,-192],[-4224,-192],[-4224,-211.2],[-4204.8,-211.2],[-4204.8,-230.39999999999998],[-4185.599999999999,-230.39999999999998],[-4185.599999999999,-249.6],[-4147.2,-249.6],[-4147.2,-268.8],[-4108.8,-268.8],[-4108.8,-288],[-4051.2,-288],[-4051.2,-307.2],[-3993.6,-307.2],[-3993.6,-326.4],[-3878.3999999999996,-326.4],[-3878.3999999999996,-345.59999999999997]]]]}},{"type":"Feature","properties":{"kind":"district","id":116,"name":"Meadows Heights"},"geometry":{"type":"MultiPolygon","coordinates":[[[[460.79999999999995,2016],[518.4,2016],[518.4,2035.1999999999998],[537.6,2035.1999999999998],[537.6,2054.4],[556.8,2054.4],[556.8,2073.6],[576,2073.6],[576,2092.7999999999997],[595.1999999999999,2092.7999999999997],[595.1999999999999,2169.6],[614.4,2169.6],[614.4,2534.4],[595.1999999999999,2534.4],[595.1999999999999,2553.6],[614.4,2553.6],[614.4,2592],[595.1999999999999,2592],[595.1999999999999,2803.2],[614.4,2803.2],[614.4,2956.7999999999997],[633.6,2956.7999999999997],[633.6,3168],[614.4,3168],[614.4,3187.2],[537.6,3187.2],[537.6,3206.4],[499.2,3206.4],[499.2,3187.2],[403.2,3187.2],[403.2,3206.4],[364.8,3206.4],[364.8,3225.6],[-57.599999999999994,3225.6],[-57.599999999999994,3206.4],[-211.2,3206.4],[-211.2,3225.6],[-230.39999999999998,3225.6],[-230.39999999999998,3244.7999999999997],[-364.8,3244.7999999999997],[-364.8,3206.4],[-384,3206.4],[-384,3148.7999999999997],[-364.8,3148.7999999999997],[-364.8,3129.6],[-384,3129.6],[-384,3110.4],[-403.2,3110.4],[-403.2,3091.2],[-441.59999999999997,3091.2],[-441.59999999999997,3072],[-460.79999999999995,3072],[-460.79999999999995,3052.7999999999997],[-480,3052.7999999999997],[-480,3033.6],[-499.2,3033.6],[-499.2,3014.4],[-518.4,3014.4],[-518.4,2976],[-537.6,2976],[-537.6,2956.7999999999997],[-556.8,2956.7999999999997],[-556.8,2937.6],[-576,2937.6],[-576,2918.4],[-595.1999999999999,2918.4],[-595.1999999999999,2880],[-614.4,2880],[-614.4,2841.6],[-633.6,2841.6],[-633.6,2822.4],[-652.8,2822.4],[-652.8,2803.2],[-672,2803.2],[-672,2784],[-691.1999999999999,2784],[-691.1999999999999,2745.6],[-710.4,2745.6],[-710.4,2726.4],[-729.6,2726.4],[-729.6,2707.2],[-748.8,2707.2],[-748.8,2688],[-768,2688],[-768,2668.7999999999997],[-787.1999999999999,2668.7999999999997],[-787.1999999999999,2630.4],[-806.4,2630.4],[-806.4,2534.4],[-787.1999999999999,2534.4],[-787.1999999999999,2515.2],[-768,2515.2],[-768,2496],[-748.8,2496],[-748.8,2476.7999999999997],[-710.4,2476.7999999999997],[-710.4,2457.6],[-672,2457.6],[-672,2438.4],[-633.6,2438.4],[-633.6,2419.2],[-595.1999999999999,2419.2],[-595.1999999999999,2380.7999999999997],[-576,2380.7999999999997],[-576,2361.6],[-518.4,2361.6],[-518.4,2342.4],[-480,2342.4],[-480,2323.2],[-441.59999999999997,2323.2],[-441.59999999999997,2304],[-422.4,2304],[-422.4,2323.2],[-403.2,2323.2],[-403.2,2304],[-364.8,2304],[-364.8,2284.7999999999997],[-326.4,2284.7999999999997],[-326.4,2265.6],[-268.8,2265.6],[-268.8,2246.4],[-230.39999999999998,2246.4],[-230.39999999999998,2227.2],[-172.79999999999998,2227.2],[-172.79999999999998,2208],[-134.4,2208],[-134.4,2188.7999999999997],[-115.19999999999999,2188.7999999999997],[-115.19999999999999,2169.6],[-76.8,2169.6],[-76.8,2150.4],[0,2150.4],[0,2131.2],[38.4,2131.2],[38.4,2112],[172.79999999999998,2112],[172.79999999999998,2092.7999999999997],[230.39999999999998,2092.7999999999997],[230.39999999999998,2073.6],[288,2073.6],[288,2054.4],[345.59999999999997,2054.4],[345.59999999999997,2035.1999999999998],[460.79999999999995,2035.1999999999998],[460.79999999999995,2016]]]]}},{"type":"Feature","properties":{"kind":"district","id":117,"name":"Harvey"},"geometry":{"type":"MultiPolygon","coordinates":[[[[-672,3513.6],[-633.6,3513.6],[-633.6,3532.7999999999997],[-614.4,3532.7999999999997],[-614.4,3571.2],[-595.1999999999999,3571.2],[-595.1999999999999,3590.4],[-576,3590.4],[-576,3686.3999999999996],[-595.1999999999999,3686.3999999999996],[-595.1999999999999,3705.6],[-614.4,3705.6],[-614.4,3744],[-633.6,3744],[-633.6,3782.3999999999996],[-652.8,3782.3999999999996],[-652.8,3916.7999999999997],[-633.6,3916.7999999999997],[-633.6,3993.6],[-614.4,3993.6],[-614.4,4108.8],[-633.6,4108.8],[-633.6,4128],[-672,4128],[-672,4147.2],[-691.1999999999999,4147.2],[-691.1999999999999,4166.4],[-729.6,4166.4],[-729.6,4185.599999999999],[-883.1999999999999,4185.599999999999],[-883.1999999999999,4166.4],[-1017.5999999999999,4166.4],[-1017.5999999999999,4185.599999999999],[-1171.2,4185.599999999999],[-1171.2,4204.8],[-1267.2,4204.8],[-1267.2,4224],[-1344,4224],[-1344,4243.2],[-1382.3999999999999,4243.2],[-1382.3999999999999,4262.4],[-1401.6,4262.4],[-1401.6,4281.599999999999],[-1497.6,4281.599999999999],[-1497.6,4300.8],[-1536,4300.8],[-1536,4281.599999999999],[-1555.2,4281.599999999999],[-1555.2,4262.4],[-1574.3999999999999,4262.4],[-1574.3999999999999,4243.2],[-1593.6,4243.2],[-1593.6,4224],[-1612.8,4224],[-1612.8,4166.4],[-1632,4166.4],[-1632,4070.3999999999996],[-1612.8,4070.3999999999996],[-1612.8,3955.2],[-1593.6,3955.2],[-1593.6,3916.7999999999997],[-1574.3999999999999,3916.7999999999997],[-1574.3999999999999,3878.3999999999996],[-1555.2,3878.3999999999996],[-1555.2,3859.2],[-1459.2,3859.2],[-1459.2,3878.3999999999996],[-1324.8,3878.3999999999996],[-1324.8,3859.2],[-1286.3999999999999,3859.2],[-1286.3999999999999,3840],[-1248,3840],[-1248,3820.7999999999997],[-1190.3999999999999,3820.7999999999997],[-1190.3999999999999,3801.6],[-1152,3801.6],[-1152,3782.3999999999996],[-1113.6,3782.3999999999996],[-1113.6,3763.2],[-1094.3999999999999,3763.2],[-1094.3999999999999,3744],[-1056,3744],[-1056,3724.7999999999997],[-1017.5999999999999,3724.7999999999997],[-1017.5999999999999,3705.6],[-979.1999999999999,3705.6],[-979.1999999999999,3686.3999999999996],[-940.8,3686.3999999999996],[-940.8,3667.2],[-902.4,3667.2],[-902.4,3648],[-864,3648],[-864,3628.7999999999997],[-844.8,3628.7999999999997],[-844.8,3609.6],[-806.4,3609.6],[-806.4,3590.4],[-787.1999999999999,3590.4],[-787.1999999999999,3571.2],[-748.8,3571.2],[-748.8,3552],[-710.4,3552],[-710.4,3532.7999999999997],[-672,3532.7999999999997],[-672,3513.6]]]]}},{"type":"Feature","properties":{"kind":"district","id":118,"name":"Lafayette Park"},"geometry":{"type":"MultiPolygon","coordinates":[[[[-422.4,3244.7999999999997],[-192,3244.7999999999997],[-192,3264],[-172.79999999999998,3264],[-172.79999999999998,3283.2],[-153.6,3283.2],[-153.6,3321.6],[-134.4,3321.6],[-134.4,3340.7999999999997],[-115.19999999999999,3340.7999999999997],[-115.19999999999999,3532.7999999999997],[-134.4,3532.7999999999997],[-134.4,3590.4],[-153.6,3590.4],[-153.6,3609.6],[-172.79999999999998,3609.6],[-172.79999999999998,3628.7999999999997],[-211.2,3628.7999999999997],[-211.2,3648],[-307.2,3648],[-307.2,3628.7999999999997],[-556.8,3628.7999999999997],[-556.8,3609.6],[-576,3609.6],[-576,3590.4],[-595.1999999999999,3590.4],[-595.1999999999999,3571.2],[-614.4,3571.2],[-614.4,3494.4],[-595.1999999999999,3494.4],[-595.1999999999999,3475.2],[-576,3475.2],[-576,3436.7999999999997],[-556.8,3436.7999999999997],[-556.8,3417.6],[-537.6,3417.6],[-537.6,3340.7999999999997],[-518.4,3340.7999999999997],[-518.4,3302.4],[-499.2,3302.4],[-499.2,3283.2],[-480,3283.2],[-480,3264],[-422.4,3264],[-422.4,3244.7999999999997]]]]}},{"type":"Feature","properties":{"kind":"district","id":119,"name":"Rachel Carson National Park"},"geometry":{"type":"MultiPolygon","coordinates":[[[[-1632,4339.2],[-1612.8,4339.2],[-1612.8,4396.8],[-1593.6,4396.8],[-1593.6,4608],[-1574.3999999999999,4608],[-1574.3999999999999,4627.2],[-1555.2,4627.2],[-1555.2,4684.8],[-1536,4684.8],[-1536,4742.4],[-1516.8,4742.4],[-1516.8,4780.8],[-1497.6,4780.8],[-1497.6,4800],[-1516.8,4800],[-1516.8,4819.2],[-1670.3999999999999,4819.2],[-1670.3999999999999,4838.4],[-1747.2,4838.4],[-1747.2,4819.2],[-2131.2,4819.2],[-2131.2,4838.4],[-2208,4838.4],[-2208,4819.2],[-2246.4,4819.2],[-2246.4,4838.4],[-2476.7999999999997,4838.4],[-2476.7999999999997,4819.2],[-2496,4819.2],[-2496,4761.599999999999],[-2476.7999999999997,4761.599999999999],[-2476.7999999999997,4742.4],[-2457.6,4742.4],[-2457.6,4723.2],[-2419.2,4723.2],[-2419.2,4704],[-2380.7999999999997,4704],[-2380.7999999999997,4684.8],[-2361.6,4684.8],[-2361.6,4665.599999999999],[-2323.2,4665.599999999999],[-2323.2,4646.4],[-2304,4646.4],[-2304,4627.2],[-2265.6,4627.2],[-2265.6,4608],[-2227.2,4608],[-2227.2,4588.8],[-2188.7999999999997,4588.8],[-2188.7999999999997,4569.599999999999],[-2150.4,4569.599999999999],[-2150.4,4550.4],[-2112,4550.4],[-2112,4531.2],[-2054.4,4531.2],[-2054.4,4512],[-2016,4512],[-2016,4492.8],[-1977.6,4492.8],[-1977.6,4473.599999999999],[-1939.1999999999998,4473.599999999999],[-1939.1999999999998,4454.4],[-1900.8,4454.4],[-1900.8,4435.2],[-1862.3999999999999,4435.2],[-1862.3999999999999,4416],[-1824,4416],[-1824,4396.8],[-1766.3999999999999,4396.8],[-1766.3999999999999,4377.599999999999],[-1708.8,4377.599999999999],[-1708.8,4358.4],[-1632,4358.4],[-1632,4339.2]]]]}},{"type":"Feature","properties":{"kind":"district","id":120,"name":"Hyde Park"},"geometry":{"type":"MultiPolygon","coordinates":[[[[-883.1999999999999,4185.599999999999],[-729.6,4185.599999999999],[-729.6,4204.8],[-499.2,4204.8],[-499.2,4185.599999999999],[-307.2,4185.599999999999],[-307.2,4224],[-288,4224],[-288,4704],[-403.2,4704],[-403.2,4723.2],[-499.2,4723.2],[-499.2,4704],[-537.6,4704],[-537.6,4723.2],[-595.1999999999999,4723.2],[-595.1999999999999,4704],[-652.8,4704],[-652.8,4723.2],[-710.4,4723.2],[-710.4,4742.4],[-729.6,4742.4],[-729.6,4761.599999999999],[-748.8,4761.599999999999],[-748.8,4800],[-787.1999999999999,4800],[-787.1999999999999,4819.2],[-902.4,4819.2],[-902.4,4838.4],[-921.5999999999999,4838.4],[-921.5999999999999,4819.2],[-940.8,4819.2],[-940.8,4838.4],[-1056,4838.4],[-1056,4819.2],[-1286.3999999999999,4819.2],[-1286.3999999999999,4838.4],[-1324.8,4838.4],[-1324.8,4819.2],[-1459.2,4819.2],[-1459.2,4800],[-1497.6,4800],[-1497.6,4780.8],[-1516.8,4780.8],[-1516.8,4742.4],[-1536,4742.4],[-1536,4684.8],[-1555.2,4684.8],[-1555.2,4627.2],[-1574.3999999999999,4627.2],[-1574.3999999999999,4608],[-1593.6,4608],[-1593.6,4396.8],[-1612.8,4396.8],[-1612.8,4358.4],[-1593.6,4358.4],[-1593.6,4320],[-1555.2,4320],[-1555.2,4300.8],[-1497.6,4300.8],[-1497.6,4281.599999999999],[-1401.6,4281.599999999999],[-1401.6,4262.4],[-1382.3999999999999,4262.4],[-1382.3999999999999,4281.599999999999],[-1305.6,4281.599999999999],[-1305.6,4262.4],[-1171.2,4262.4],[-1171.2,4243.2],[-1017.5999999999999,4243.2],[-1017.5999999999999,4224],[-921.5999999999999,4224],[-921.5999999999999,4204.8],[-883.1999999999999,4204.8],[-883.1999999999999,4185.599999999999]]]]}},{"type":"Feature","properties":{"kind":"district","id":121,"name":"Vanderbilt Park"},"geometry":{"type":"MultiPolygon","coordinates":[[[[38.4,4166.4],[76.8,4166.4],[76.8,4204.8],[57.599999999999994,4204.8],[57.599999999999994,4243.2],[76.8,4243.2],[76.8,4377.599999999999],[57.599999999999994,4377.599999999999],[57.599999999999994,4396.8],[76.8,4396.8],[76.8,4704],[-153.6,4704],[-153.6,4723.2],[-172.79999999999998,4723.2],[-172.79999999999998,4704],[-192,4704],[-192,4723.2],[-230.39999999999998,4723.2],[-230.39999999999998,4704],[-288,4704],[-288,4224],[-307.2,4224],[-307.2,4185.599999999999],[-230.39999999999998,4185.599999999999],[-230.39999999999998,4204.8],[-211.2,4204.8],[-211.2,4185.599999999999],[38.4,4185.599999999999],[38.4,4166.4]]]]}},{"type":"Feature","properties":{"kind":"district","id":122,"name":"Amity Park"},"geometry":{"type":"MultiPolygon","coordinates":[[[[115.19999999999999,3936],[134.4,3936],[134.4,3955.2],[499.2,3955.2],[499.2,3974.3999999999996],[518.4,3974.3999999999996],[518.4,4051.2],[499.2,4051.2],[499.2,4128],[480,4128],[480,4147.2],[460.79999999999995,4147.2],[460.79999999999995,4185.599999999999],[422.4,4185.599999999999],[422.4,4204.8],[211.2,4204.8],[211.2,4185.599999999999],[192,4185.599999999999],[192,4166.4],[96,4166.4],[96,4108.8],[76.8,4108.8],[76.8,4070.3999999999996],[96,4070.3999999999996],[96,4051.2],[76.8,4051.2],[76.8,3974.3999999999996],[96,3974.3999999999996],[96,3955.2],[115.19999999999999,3955.2],[115.19999999999999,3936]]]]}},{"type":"Feature","properties":{"kind":"district","id":123,"name":"Inglewood"},"geometry":{"type":"MultiPolygon","coordinates":[[[[364.8,3206.4],[384,3206.4],[384,3225.6],[422.4,3225.6],[422.4,3244.7999999999997],[633.6,3244.7999999999997],[633.6,3264],[652.8,3264],[652.8,3513.6],[672,3513.6],[672,3648],[691.1999999999999,3648],[691.1999999999999,3859.2],[672,3859.2],[672,3878.3999999999996],[652.8,3878.3999999999996],[652.8,3897.6],[633.6,3897.6],[633.6,3916.7999999999997],[556.8,3916.7999999999997],[556.8,3936],[499.2,3936],[499.2,3955.2],[134.4,3955.2],[134.4,3936],[96,3936],[96,3897.6],[76.8,3897.6],[76.8,3878.3999999999996],[38.4,3878.3999999999996],[38.4,3897.6],[-19.2,3897.6],[-19.2,3993.6],[-38.4,3993.6],[-38.4,4032],[-76.8,4032],[-76.8,4012.7999999999997],[-115.19999999999999,4012.7999999999997],[-115.19999999999999,3993.6],[-153.6,3993.6],[-153.6,3974.3999999999996],[-172.79999999999998,3974.3999999999996],[-172.79999999999998,3897.6],[-153.6,3897.6],[-153.6,3840],[-134.4,3840],[-134.4,3820.7999999999997],[-153.6,3820.7999999999997],[-153.6,3744],[-134.4,3744],[-134.4,3667.2],[-115.19999999999999,3667.2],[-115.19999999999999,3590.4],[-134.4,3590.4],[-134.4,3552],[-115.19999999999999,3552],[-115.19999999999999,3340.7999999999997],[-96,3340.7999999999997],[-96,3264],[-76.8,3264],[-76.8,3244.7999999999997],[-57.599999999999994,3244.7999999999997],[-57.599999999999994,3225.6],[364.8,3225.6],[364.8,3206.4]]]]}},{"type":"Feature","properties":{"kind":"district","id":124,"name":"Big San Rico Island"},"geometry":{"type":"MultiPolygon","coordinates":[[[[-3206.4,-3859.2],[-3072,-3859.2],[-3072,-3840],[-3033.6,-3840],[-3033.6,-3820.7999999999997],[-2995.2,-3820.7999999999997],[-2995.2,-3782.3999999999996],[-2976,-3782.3999999999996],[-2976,-3763.2],[-2956.7999999999997,-3763.2],[-2956.7999999999997,-3744],[-2937.6,-3744],[-2937.6,-3705.6],[-2918.4,-3705.6],[-2918.4,-3667.2],[-2899.2,-3667.2],[-2899.2,-3552],[-2880,-3552],[-2880,-3532.7999999999997],[-2899.2,-3532.7999999999997],[-2899.2,-3436.7999999999997],[-2918.4,-3436.7999999999997],[-2918.4,-3340.7999999999997],[-2937.6,-3340.7999999999997],[-2937.6,-3264],[-2956.7999999999997,-3264],[-2956.7999999999997,-3187.2],[-2976,-3187.2],[-2976,-3091.2],[-2995.2,-3091.2],[-2995.2,-3033.6],[-3014.4,-3033.6],[-3014.4,-2995.2],[-3033.6,-2995.2],[-3033.6,-2956.7999999999997],[-3052.7999999999997,-2956.7999999999997],[-3052.7999999999997,-2899.2],[-3072,-2899.2],[-3072,-2860.7999999999997],[-3091.2,-2860.7999999999997],[-3091.2,-2803.2],[-3110.4,-2803.2],[-3110.4,-2784],[-3129.6,-2784],[-3129.6,-2726.4],[-3148.7999999999997,-2726.4],[-3148.7999999999997,-2707.2],[-3168,-2707.2],[-3168,-2668.7999999999997],[-3187.2,-2668.7999999999997],[-3187.2,-2630.4],[-3206.4,-2630.4],[-3206.4,-2611.2],[-3225.6,-2611.2],[-3225.6,-2572.7999999999997],[-3244.7999999999997,-2572.7999999999997],[-3244.7999999999997,-2553.6],[-3264,-2553.6],[-3264,-2515.2],[-3283.2,-2515.2],[-3283.2,-2496],[-3302.4,-2496],[-3302.4,-2476.7999999999997],[-3340.7999999999997,-2476.7999999999997],[-3340.7999999999997,-2457.6],[-3379.2,-2457.6],[-3379.2,-2438.4],[-3436.7999999999997,-2438.4],[-3436.7999999999997,-2419.2],[-3475.2,-2419.2],[-3475.2,-2438.4],[-3552,-2438.4],[-3552,-2457.6],[-3590.4,-2457.6],[-3590.4,-2476.7999999999997],[-3609.6,-2476.7999999999997],[-3609.6,-2496],[-3648,-2496],[-3648,-2515.2],[-3667.2,-2515.2],[-3667.2,-2534.4],[-3686.3999999999996,-2534.4],[-3686.3999999999996,-2553.6],[-3705.6,-2553.6],[-3705.6,-2572.7999999999997],[-3724.7999999999997,-2572.7999999999997],[-3724.7999999999997,-2611.2],[-3744,-2611.2],[-3744,-2630.4],[-3763.2,-2630.4],[-3763.2,-2688],[-3782.3999999999996,-2688],[-3782.3999999999996,-2803.2],[-3801.6,-2803.2],[-3801.6,-2822.4],[-3782.3999999999996,-2822.4],[-3782.3999999999996,-2937.6],[-3763.2,-2937.6],[-3763.2,-3014.4],[-3744,-3014.4],[-3744,-3072],[-3724.7999999999997,-3072],[-3724.7999999999997,-3129.6],[-3705.6,-3129.6],[-3705.6,-3168],[-3686.3999999999996,-3168],[-3686.3999999999996,-3225.6],[-3667.2,-3225.6],[-3667.2,-3283.2],[-3648,-3283.2],[-3648,-3340.7999999999997],[-3628.7999999999997,-3340.7999999999997],[-3628.7999999999997,-3379.2],[-3609.6,-3379.2],[-3609.6,-3398.4],[-3590.4,-3398.4],[-3590.4,-3436.7999999999997],[-3571.2,-3436.7999999999997],[-3571.2,-3456],[-3552,-3456],[-3552,-3494.4],[-3532.7999999999997,-3494.4],[-3532.7999999999997,-3513.6],[-3513.6,-3513.6],[-3513.6,-3552],[-3494.4,-3552],[-3494.4,-3571.2],[-3475.2,-3571.2],[-3475.2,-3609.6],[-3456,-3609.6],[-3456,-3628.7999999999997],[-3436.7999999999997,-3628.7999999999997],[-3436.7999999999997,-3648],[-3417.6,-3648],[-3417.6,-3667.2],[-3398.4,-3667.2],[-3398.4,-3686.3999999999996],[-3379.2,-3686.3999999999996],[-3379.2,-3705.6],[-3360,-3705.6],[-3360,-3724.7999999999997],[-3340.7999999999997,-3724.7999999999997],[-3340.7999999999997,-3744],[-3321.6,-3744],[-3321.6,-3763.2],[-3302.4,-3763.2],[-3302.4,-3782.3999999999996],[-3283.2,-3782.3999999999996],[-3283.2,-3801.6],[-3264,-3801.6],[-3264,-3820.7999999999997],[-3225.6,-3820.7999999999997],[-3225.6,-3840],[-3206.4,-3840],[-3206.4,-3859.2]]]]}},{"type":"Feature","properties":{"kind":"district","id":125,"name":"Glenn Park"},"geometry":{"type":"MultiPolygon","coordinates":[[[[556.8,3916.7999999999997],[672,3916.7999999999997],[672,3936],[691.1999999999999,3936],[691.1999999999999,3955.2],[710.4,3955.2],[710.4,4089.6],[729.6,4089.6],[729.6,4204.8],[748.8,4204.8],[748.8,4224],[729.6,4224],[729.6,4339.2],[748.8,4339.2],[748.8,4492.8],[768,4492.8],[768,4588.8],[787.1999999999999,4588.8],[787.1999999999999,4627.2],[768,4627.2],[768,4684.8],[576,4684.8],[576,4704],[211.2,4704],[211.2,4723.2],[192,4723.2],[192,4704],[76.8,4704],[76.8,4396.8],[57.599999999999994,4396.8],[57.599999999999994,4377.599999999999],[76.8,4377.599999999999],[76.8,4243.2],[57.599999999999994,4243.2],[57.599999999999994,4204.8],[76.8,4204.8],[76.8,4166.4],[192,4166.4],[192,4185.599999999999],[211.2,4185.599999999999],[211.2,4204.8],[422.4,4204.8],[422.4,4185.599999999999],[460.79999999999995,4185.599999999999],[460.79999999999995,4147.2],[480,4147.2],[480,4128],[499.2,4128],[499.2,4051.2],[518.4,4051.2],[518.4,3974.3999999999996],[499.2,3974.3999999999996],[499.2,3936],[556.8,3936],[556.8,3916.7999999999997]]]]}},{"type":"Feature","properties":{"kind":"district","id":126,"name":"Rockefeller Park"},"geometry":{"type":"MultiPolygon","coordinates":[[[[-576,3628.7999999999997],[-307.2,3628.7999999999997],[-307.2,3648],[-249.6,3648],[-249.6,3667.2],[-211.2,3667.2],[-211.2,3686.3999999999996],[-192,3686.3999999999996],[-192,3724.7999999999997],[-172.79999999999998,3724.7999999999997],[-172.79999999999998,3744],[-153.6,3744],[-153.6,3820.7999999999997],[-192,3820.7999999999997],[-192,3859.2],[-211.2,3859.2],[-211.2,3878.3999999999996],[-230.39999999999998,3878.3999999999996],[-230.39999999999998,3916.7999999999997],[-249.6,3916.7999999999997],[-249.6,3955.2],[-268.8,3955.2],[-268.8,3974.3999999999996],[-288,3974.3999999999996],[-288,3993.6],[-307.2,3993.6],[-307.2,4051.2],[-326.4,4051.2],[-326.4,4070.3999999999996],[-345.59999999999997,4070.3999999999996],[-345.59999999999997,4089.6],[-364.8,4089.6],[-364.8,4108.8],[-499.2,4108.8],[-499.2,4089.6],[-537.6,4089.6],[-537.6,4070.3999999999996],[-576,4070.3999999999996],[-576,4051.2],[-595.1999999999999,4051.2],[-595.1999999999999,4032],[-614.4,4032],[-614.4,3993.6],[-633.6,3993.6],[-633.6,3916.7999999999997],[-652.8,3916.7999999999997],[-652.8,3782.3999999999996],[-633.6,3782.3999999999996],[-633.6,3744],[-614.4,3744],[-614.4,3705.6],[-595.1999999999999,3705.6],[-595.1999999999999,3686.3999999999996],[-576,3686.3999999999996],[-576,3628.7999999999997]]]]}},{"type":"Feature","properties":{"kind":"district","id":127,"name":"New Ionia"},"geometry":{"type":"MultiPolygon","coordinates":[[[[1286.3999999999999,3187.2],[1574.3999999999999,3187.2],[1574.3999999999999,3225.6],[1593.6,3225.6],[1593.6,3667.2],[1574.3999999999999,3667.2],[1574.3999999999999,3878.3999999999996],[1593.6,3878.3999999999996],[1593.6,3993.6],[1612.8,3993.6],[1612.8,4070.3999999999996],[1632,4070.3999999999996],[1632,4185.599999999999],[1612.8,4185.599999999999],[1612.8,4224],[1593.6,4224],[1593.6,4243.2],[979.1999999999999,4243.2],[979.1999999999999,4262.4],[768,4262.4],[768,4243.2],[748.8,4243.2],[748.8,4204.8],[729.6,4204.8],[729.6,4089.6],[710.4,4089.6],[710.4,3840],[691.1999999999999,3840],[691.1999999999999,3648],[672,3648],[672,3513.6],[652.8,3513.6],[652.8,3264],[672,3264],[672,3244.7999999999997],[691.1999999999999,3244.7999999999997],[691.1999999999999,3225.6],[729.6,3225.6],[729.6,3206.4],[1286.3999999999999,3206.4],[1286.3999999999999,3187.2]]]]}}]}
